date,open,high,low,close,adj_close,volume
,CL,CL,CL,CL,CL,CL
2020-01-02,68.83999633789062,68.94000244140625,67.88999938964844,68.12000274658203,59.14793014526367,3441800
2020-01-03,67.83999633789062,68.47000122070312,67.68000030517578,68.0199966430664,59.06110382080078,3473800
2020-01-06,68.08000183105469,68.8499984741211,68.01000213623047,68.48999786376953,59.46920394897461,4607500
2020-01-07,68.45999908447266,68.45999908447266,67.47000122070312,67.55000305175781,58.653011322021484,4500000
2020-01-08,67.80000305175781,69.6500015258789,67.7300033569336,69.2699966430664,60.1464729309082,4676100
2020-01-09,69.37999725341797,69.94000244140625,69.05999755859375,69.86000061035156,60.658756256103516,3996100
2020-01-10,69.7300033569336,70.43000030517578,69.45999908447266,70.1500015258789,60.910560607910156,3724000
2020-01-13,70.16000366210938,70.55999755859375,69.80000305175781,70.13999938964844,60.90187072753906,4641300
2020-01-14,70.13999938964844,70.4000015258789,70.02999877929688,70.29000091552734,61.0321159362793,4711900
2020-01-15,70.33999633789062,71.05000305175781,70.33999633789062,70.80000305175781,61.4749641418457,3606200
2020-01-16,70.95999908447266,71.18000030517578,70.66999816894531,70.75,61.43153762817383,2720300
2020-01-17,70.43000030517578,71.30000305175781,70.43000030517578,71.18000030517578,61.80489730834961,4019700
2020-01-21,71.06999969482422,71.37999725341797,70.25,71.29000091552734,61.900413513183594,6470400
2020-01-22,70.87999725341797,71.08000183105469,70.51000213623047,70.52999877929688,61.61213684082031,2890800
2020-01-23,70.06999969482422,71.06999969482422,70.0,70.61000061035156,61.682029724121094,2581600
2020-01-24,70.83000183105469,71.08000183105469,70.08000183105469,70.30000305175781,61.41122817993164,2938300
2020-01-27,70.1500015258789,70.79000091552734,69.7699966430664,70.0999984741211,61.23649597167969,3688100
2020-01-28,70.12000274658203,70.48999786376953,69.55999755859375,69.70999908447266,60.89582824707031,2770600
2020-01-29,69.75,69.88999938964844,68.80999755859375,68.83000183105469,60.12708282470703,3233400
2020-01-30,68.80000305175781,69.69999694824219,68.55999755859375,69.47000122070312,60.68616485595703,3539300
2020-01-31,73.63999938964844,74.97000122070312,73.37000274658203,73.77999877929688,64.45121002197266,13592300
2020-02-03,74.05999755859375,75.45999908447266,74.05999755859375,74.93000030517578,65.45579528808594,7725400
2020-02-04,75.27999877929688,76.19999694824219,75.19000244140625,75.4000015258789,65.86637115478516,4671800
2020-02-05,75.25,75.87000274658203,74.51000213623047,75.7300033569336,66.15463256835938,4282900
2020-02-06,75.97000122070312,76.5999984741211,75.83000183105469,76.30999755859375,66.66130828857422,4663900
2020-02-07,76.4000015258789,76.5199966430664,75.9000015258789,76.02999877929688,66.41671752929688,3222700
2020-02-10,75.95999908447266,77.41000366210938,75.95999908447266,77.3499984741211,67.56981658935547,4418400
2020-02-11,77.23999786376953,77.29000091552734,76.0999984741211,76.11000061035156,66.48660278320312,3992600
2020-02-12,76.20999908447266,76.31999969482422,75.5,75.94999694824219,66.3468246459961,3735400
2020-02-13,75.72000122070312,76.61000061035156,75.62999725341797,76.37000274658203,66.71371459960938,2907800
2020-02-14,76.36000061035156,76.69999694824219,76.11000061035156,76.69000244140625,66.9932632446289,2820400
2020-02-18,76.61000061035156,76.69000244140625,76.05000305175781,76.06999969482422,66.45165252685547,4370500
2020-02-19,76.0,76.2699966430664,75.5,75.54000091552734,65.98867797851562,2686700
2020-02-20,75.45999908447266,75.6500015258789,74.25,75.16000366210938,65.65670776367188,3350900
2020-02-21,75.19000244140625,76.54000091552734,75.11000061035156,76.2699966430664,66.6263656616211,5341500
2020-02-24,71.70999908447266,75.72000122070312,71.19000244140625,74.41999816894531,65.0102767944336,5584400
2020-02-25,74.4000015258789,74.98999786376953,73.5199966430664,73.80000305175781,64.46868896484375,5739500
2020-02-26,74.0,74.47000122070312,72.9000015258789,72.91999816894531,63.69995880126953,4188700
2020-02-27,73.05999755859375,73.72000122070312,70.12999725341797,70.1500015258789,61.28018569946289,6181100
2020-02-28,68.98999786376953,69.36000061035156,66.31999969482422,67.56999969482422,59.02639389038086,11130900
2020-03-02,68.51000213623047,72.55999755859375,68.51000213623047,72.44000244140625,63.28064727783203,7940800
2020-03-03,72.55000305175781,74.11000061035156,71.23999786376953,71.77999877929688,62.7040901184082,7487800
2020-03-04,73.9000015258789,75.47000122070312,73.01000213623047,75.37000274658203,65.84015655517578,7174700
2020-03-05,73.70999908447266,74.33000183105469,71.80000305175781,72.33999633789062,63.193275451660156,5877500
2020-03-06,70.37000274658203,72.76000213623047,69.51000213623047,72.51000213623047,63.341793060302734,6339600
2020-03-09,69.30000305175781,71.61000061035156,69.0,69.98999786376953,61.14042282104492,7399300
2020-03-10,71.62000274658203,72.01000213623047,68.08999633789062,71.80999755859375,62.730289459228516,7521500
2020-03-11,70.13999938964844,70.80999755859375,67.77999877929688,68.9000015258789,60.1882438659668,6860400
2020-03-12,64.93000030517578,67.44999694824219,63.20000076293945,63.88999938964844,55.811702728271484,9772200
2020-03-13,66.43000030517578,69.20999908447266,64.19999694824219,69.0999984741211,60.36294937133789,11952900
2020-03-16,62.15999984741211,66.30999755859375,62.040000915527344,62.34000015258789,54.457679748535156,8849300
2020-03-17,64.19000244140625,70.43000030517578,63.310001373291016,70.19999694824219,61.323856353759766,9389100
2020-03-18,67.80000305175781,72.13999938964844,65.3499984741211,67.69000244140625,59.131229400634766,9189300
2020-03-19,67.9800033569336,68.98999786376953,65.05999755859375,66.6500015258789,58.22272872924805,8926800
2020-03-20,66.73999786376953,66.8499984741211,61.38999938964844,62.08000183105469,54.23056411743164,9168300
2020-03-23,62.09000015258789,63.470001220703125,58.4900016784668,60.470001220703125,52.824127197265625,8306800
2020-03-24,61.11000061035156,65.87999725341797,59.61000061035156,61.18000030517578,53.44435501098633,9887200
2020-03-25,60.7599983215332,62.220001220703125,59.0099983215332,59.88999938964844,52.31747055053711,10375500
2020-03-26,60.36000061035156,64.33999633789062,60.189998626708984,63.81999969482422,55.75056076049805,9053300
2020-03-27,64.02999877929688,66.62999725341797,63.36000061035156,65.26000213623047,57.00847244262695,6366500
2020-03-30,65.98999786376953,66.93000030517578,64.97000122070312,66.58000183105469,58.161582946777344,4950500
2020-03-31,66.01000213623047,66.48999786376953,64.95999908447266,66.36000061035156,57.969390869140625,5784400
2020-04-01,64.75,65.8499984741211,64.08999633789062,65.55000305175781,57.26181411743164,4247700
2020-04-02,64.77999877929688,68.69000244140625,64.70999908447266,68.16999816894531,59.550537109375,5676700
2020-04-03,67.94999694824219,68.69000244140625,66.75,67.62000274658203,59.0700798034668,4720800
2020-04-06,69.5999984741211,71.7300033569336,69.12999725341797,70.5,61.58592987060547,5172800
2020-04-07,70.27999877929688,71.79000091552734,68.83000183105469,69.04000091552734,60.31052780151367,5964900
2020-04-08,69.63999938964844,70.75,68.8499984741211,70.22000122070312,61.341331481933594,4265600
2020-04-09,70.66000366210938,71.47000122070312,69.76000213623047,69.91000366210938,61.070533752441406,3582500
2020-04-13,69.62999725341797,70.20999908447266,69.20999908447266,69.48999786376953,60.70363998413086,3335000
2020-04-14,71.33000183105469,73.88999938964844,70.61000061035156,73.11000061035156,63.86591720581055,4940600
2020-04-15,72.19999694824219,72.94000244140625,71.69000244140625,72.6500015258789,63.46407699584961,3390500
2020-04-16,72.9000015258789,73.27999877929688,71.73999786376953,72.83999633789062,63.63003921508789,3561800
2020-04-17,72.70999908447266,73.69999694824219,71.52999877929688,73.41999816894531,64.52649688720703,3762400
2020-04-20,72.93000030517578,73.30999755859375,72.12999725341797,72.16000366210938,63.41913986206055,3187400
2020-04-21,71.5,71.75,70.25,70.61000061035156,62.0568962097168,3142800
2020-04-22,71.19999694824219,71.7300033569336,70.55999755859375,71.20999908447266,62.58420944213867,3498100
2020-04-23,71.05000305175781,71.5999984741211,70.69999694824219,71.2300033569336,62.601783752441406,4041800
2020-04-24,70.75,71.91000366210938,70.5999984741211,71.4000015258789,62.751190185546875,3549700
2020-04-27,71.91999816894531,71.94999694824219,70.88999938964844,71.02999877929688,62.42599105834961,2926700
2020-04-28,71.94000244140625,71.94000244140625,70.44000244140625,71.11000061035156,62.49631881713867,2995700
2020-04-29,70.54000091552734,70.83999633789062,68.83999633789062,70.16000366210938,61.661407470703125,4675700
2020-04-30,69.75,70.79000091552734,69.16999816894531,70.2699966430664,61.75806427001953,7128300
2020-05-01,70.19999694824219,71.0,68.30999755859375,68.52999877929688,60.22882843017578,4497000
2020-05-04,68.6500015258789,69.86000061035156,68.0199966430664,69.4800033569336,61.06376647949219,5031500
2020-05-05,69.5,70.12999725341797,69.0199966430664,69.5199966430664,61.09890365600586,2458000
2020-05-06,69.38999938964844,69.48999786376953,67.80000305175781,67.83999633789062,59.62242126464844,4551400
2020-05-07,68.9000015258789,69.6500015258789,68.16000366210938,68.80000305175781,60.46614074707031,3985800
2020-05-08,69.75,69.81999969482422,68.77999877929688,69.37000274658203,60.967098236083984,3938600
2020-05-11,69.52999877929688,70.0,68.91999816894531,69.37999725341797,60.975852966308594,2797200
2020-05-12,69.73999786376953,69.9800033569336,68.5,68.7300033569336,60.404605865478516,3961400
2020-05-13,69.01000213623047,69.55000305175781,67.83999633789062,68.30000305175781,60.02670669555664,3864200
2020-05-14,68.11000061035156,68.29000091552734,65.54000091552734,67.05999755859375,58.936893463134766,4999800
2020-05-15,66.7699966430664,68.97000122070312,66.4000015258789,68.94999694824219,60.59797668457031,7939700
2020-05-18,69.91999816894531,70.75,69.18000030517578,70.22000122070312,61.71412658691406,5017700
2020-05-19,69.81999969482422,70.37999725341797,69.13999938964844,69.25,60.861637115478516,5304100
2020-05-20,69.66999816894531,70.58999633789062,69.45999908447266,70.47000122070312,61.93383026123047,3406100
2020-05-21,71.01000213623047,71.01000213623047,69.76000213623047,70.26000213623047,61.749290466308594,5171900
2020-05-22,70.08999633789062,70.93000030517578,70.0199966430664,70.75,62.17991638183594,3427400
2020-05-26,71.33999633789062,71.4800033569336,69.0999984741211,69.43000030517578,61.01982879638672,6475600
2020-05-27,69.68000030517578,70.66000366210938,69.44000244140625,70.58999633789062,62.039306640625,3811400
2020-05-28,71.5999984741211,72.47000122070312,71.19999694824219,72.08999633789062,63.357608795166016,4685600
2020-05-29,72.13999938964844,72.58000183105469,71.55999755859375,72.33000183105469,63.568538665771484,4317000
2020-06-01,72.2699966430664,72.98999786376953,71.95999908447266,72.7300033569336,63.92007827758789,2640600
2020-06-02,72.6500015258789,73.11000061035156,71.62999725341797,72.44000244140625,63.66522216796875,3751300
2020-06-03,72.9000015258789,72.9000015258789,71.61000061035156,71.6500015258789,62.97092819213867,4535700
2020-06-04,71.41999816894531,72.3499984741211,70.58999633789062,70.75,62.17991638183594,4985800
2020-06-05,71.16999816894531,72.58000183105469,70.29000091552734,72.4000015258789,63.63004684448242,5976200
2020-06-08,71.94000244140625,73.54000091552734,71.76000213623047,73.51000213623047,64.60559844970703,5033300
2020-06-09,73.29000091552734,73.55999755859375,72.13999938964844,73.27999877929688,64.40345001220703,4608100
2020-06-10,73.73999786376953,74.9000015258789,73.43000030517578,74.36000061035156,65.35264587402344,5726600
2020-06-11,73.8499984741211,75.0,72.81999969482422,73.0999984741211,64.2452621459961,5547300
2020-06-12,73.58999633789062,73.76000213623047,72.36000061035156,72.79000091552734,63.972808837890625,4357600
2020-06-15,72.36000061035156,73.26000213623047,71.73999786376953,72.88999938964844,64.06069946289062,3350500
2020-06-16,73.7300033569336,74.37999725341797,72.73999786376953,73.52999877929688,64.62318420410156,3034200
2020-06-17,73.80000305175781,74.4800033569336,73.54000091552734,73.80999755859375,64.86925506591797,2410500
2020-06-18,73.73999786376953,73.98999786376953,73.19000244140625,73.61000061035156,64.69348907470703,2975800
2020-06-19,74.69999694824219,75.4000015258789,73.33999633789062,73.36000061035156,64.4737777709961,5842700
2020-06-22,73.38999938964844,73.45999908447266,72.72000122070312,73.0999984741211,64.2452621459961,2220400
2020-06-23,73.33999633789062,73.87000274658203,72.80000305175781,72.91999816894531,64.08706665039062,3489000
2020-06-24,72.58999633789062,72.68000030517578,71.76000213623047,72.02999877929688,63.30486297607422,3243000
2020-06-25,72.11000061035156,72.7300033569336,71.26000213623047,72.63999938964844,63.840980529785156,3379900
2020-06-26,72.66000366210938,72.91999816894531,71.20999908447266,71.5199966430664,62.85664749145508,5402400
2020-06-29,71.88999938964844,72.5,71.88999938964844,72.43000030517578,63.65642166137695,3176600
2020-06-30,72.58999633789062,73.51000213623047,72.2699966430664,73.26000213623047,64.38587951660156,3556100
2020-07-01,73.26000213623047,73.58000183105469,72.97000122070312,73.02999877929688,64.18376159667969,3286300
2020-07-02,73.63999938964844,73.87000274658203,73.06999969482422,73.27999877929688,64.40345001220703,2658600
2020-07-06,73.72000122070312,73.87999725341797,72.87999725341797,73.44999694824219,64.55286407470703,4026300
2020-07-07,73.19000244140625,74.22000122070312,73.18000030517578,73.97000122070312,65.00989532470703,4043800
2020-07-08,74.05999755859375,74.56999969482422,73.73999786376953,74.48999786376953,65.46688842773438,3166900
2020-07-09,74.05999755859375,74.62000274658203,73.2300033569336,73.31999969482422,64.4386215209961,2916700
2020-07-10,73.2699966430664,73.95999908447266,72.69000244140625,73.68000030517578,64.75502014160156,4418600
2020-07-13,73.62999725341797,74.12999725341797,73.25,73.45999908447266,64.5616455078125,3142900
2020-07-14,73.30000305175781,74.91999816894531,73.27999877929688,74.8499984741211,65.78327178955078,3181600
2020-07-15,75.0,75.48999786376953,74.36000061035156,74.69000244140625,65.64266967773438,3270900
2020-07-16,74.80000305175781,75.12000274658203,74.19999694824219,74.9800033569336,65.89752960205078,2557800
2020-07-17,74.91999816894531,75.29000091552734,74.37999725341797,75.19999694824219,66.48099517822266,2871800
2020-07-20,74.97000122070312,75.18000030517578,73.88999938964844,74.19999694824219,65.59695434570312,2134600
2020-07-21,74.36000061035156,74.8499984741211,73.97000122070312,74.04000091552734,65.45550537109375,2920200
2020-07-22,73.58999633789062,74.20999908447266,72.61000061035156,74.13999938964844,65.54391479492188,4239400
2020-07-23,74.88999938964844,75.18000030517578,74.16000366210938,74.2300033569336,65.62348937988281,3868000
2020-07-24,74.7300033569336,75.23999786376953,73.97000122070312,74.31999969482422,65.70305633544922,2630700
2020-07-27,74.0999984741211,74.7300033569336,74.0,74.6500015258789,65.99478912353516,3182800
2020-07-28,74.91999816894531,75.98999786376953,74.75,75.70999908447266,66.93189239501953,4035900
2020-07-29,75.58000183105469,76.4800033569336,75.52999877929688,76.19999694824219,67.36506652832031,3186700
2020-07-30,75.87000274658203,77.19000244140625,75.72000122070312,76.87000274658203,67.9573745727539,4858400
2020-07-31,76.61000061035156,77.45999908447266,75.80999755859375,77.19999694824219,68.24909973144531,4346700
2020-08-03,76.69999694824219,77.2699966430664,76.5,76.56999969482422,67.69218444824219,3127500
2020-08-04,76.52999877929688,76.87999725341797,76.02999877929688,76.7699966430664,67.86898803710938,3410900
2020-08-05,76.79000091552734,77.0999984741211,75.94999694824219,76.18000030517578,67.34739685058594,2730200
2020-08-06,75.91999816894531,76.0999984741211,75.5999984741211,75.86000061035156,67.06448364257812,3156100
2020-08-07,75.83000183105469,76.2699966430664,75.5999984741211,76.23999786376953,67.40043640136719,2968000
2020-08-10,76.5,76.9000015258789,76.26000213623047,76.6500015258789,67.76289367675781,3407300
2020-08-11,76.70999908447266,76.94999694824219,75.80999755859375,75.95999908447266,67.15289306640625,3398400
2020-08-12,76.36000061035156,77.77999877929688,76.26000213623047,77.23999786376953,68.28448486328125,3844300
2020-08-13,76.9800033569336,77.19000244140625,76.5199966430664,76.9800033569336,68.05463409423828,2964900
2020-08-14,76.88999938964844,77.36000061035156,76.66000366210938,77.05000305175781,68.11651611328125,2538400
2020-08-17,76.86000061035156,77.7699966430664,76.83000183105469,77.20999908447266,68.25796508789062,2762300
2020-08-18,77.2300033569336,78.19000244140625,76.94000244140625,77.6500015258789,68.64698028564453,4286200
2020-08-19,77.86000061035156,78.19000244140625,77.68000030517578,77.94999694824219,68.91215515136719,2470600
2020-08-20,77.83000183105469,78.30999755859375,77.55000305175781,78.25,69.17739868164062,2009200
2020-08-21,78.36000061035156,78.83999633789062,77.87999725341797,78.69000244140625,69.5663833618164,3405200
2020-08-24,78.80999755859375,79.19000244140625,78.62999725341797,79.12999725341797,69.95536804199219,2796800
2020-08-25,79.30000305175781,79.30999755859375,78.47000122070312,78.58999633789062,69.47796630859375,2374100
2020-08-26,78.27999877929688,79.16999816894531,78.0199966430664,78.6500015258789,69.531005859375,3476800
2020-08-27,78.98999786376953,79.4800033569336,78.83000183105469,79.05999755859375,69.8934555053711,2208900
2020-08-28,79.0,79.51000213623047,78.44000244140625,79.37000274658203,70.16754150390625,3039800
2020-08-31,79.19999694824219,79.48999786376953,78.91999816894531,79.26000213623047,70.0702896118164,3272700
2020-09-01,79.1500015258789,79.16999816894531,77.80000305175781,78.08999633789062,69.03592681884766,2968800
2020-09-02,78.12999725341797,79.79000091552734,78.01000213623047,79.47000122070312,70.25593566894531,3405200
2020-09-03,79.62000274658203,80.0999984741211,77.08000183105469,77.66999816894531,68.66462707519531,4486600
2020-09-04,77.52999877929688,78.41999816894531,76.33999633789062,77.20999908447266,68.25796508789062,3643800
2020-09-08,77.19999694824219,77.31999969482422,75.56999969482422,75.63999938964844,66.86998748779297,4816200
2020-09-09,76.45999908447266,78.36000061035156,76.45999908447266,77.56999969482422,68.57622528076172,3128600
2020-09-10,77.11000061035156,77.77999877929688,76.26000213623047,76.41000366210938,67.55072021484375,4165800
2020-09-11,76.73999786376953,77.26000213623047,76.41000366210938,76.75,67.8512954711914,2736900
2020-09-14,76.97000122070312,77.69000244140625,76.94999694824219,77.1500015258789,68.20494079589844,2529300
2020-09-15,77.22000122070312,77.72000122070312,76.91999816894531,76.94000244140625,68.01927947998047,2093300
2020-09-16,77.2300033569336,77.76000213623047,76.87000274658203,76.91000366210938,67.99275207519531,2498900
2020-09-17,76.58000183105469,77.20999908447266,76.16999816894531,76.70999908447266,67.81594848632812,2525300
2020-09-18,76.30000305175781,76.94000244140625,75.27999877929688,75.83000183105469,67.03797912597656,4563600
2020-09-21,75.31999969482422,75.93000030517578,74.3499984741211,75.19000244140625,66.47216033935547,3004500
2020-09-22,75.23999786376953,76.56999969482422,75.22000122070312,76.06999969482422,67.2501449584961,2852500
2020-09-23,76.16999816894531,76.2300033569336,75.02999877929688,75.13999938964844,66.42797088623047,2962100
2020-09-24,75.30000305175781,76.2699966430664,74.95999908447266,75.76000213623047,66.97608184814453,2385200
2020-09-25,75.38999938964844,76.11000061035156,75.33000183105469,75.94999694824219,67.14404296875,2803300
2020-09-28,76.7300033569336,77.51000213623047,76.41999816894531,76.61000061035156,67.72753143310547,2586300
2020-09-29,76.66999816894531,76.77999877929688,75.8499984741211,76.22000122070312,67.38275146484375,2076000
2020-09-30,76.58000183105469,77.44999694824219,76.41000366210938,77.1500015258789,68.20494079589844,3962100
2020-10-01,77.52999877929688,77.7300033569336,76.73999786376953,77.05999755859375,68.12537384033203,4048600
2020-10-02,76.58999633789062,77.95999908447266,76.45999908447266,77.4000015258789,68.42594146728516,3540200
2020-10-05,77.5,78.48999786376953,77.43000030517578,78.41999816894531,69.32769012451172,2768600
2020-10-06,78.55000305175781,78.62999725341797,77.19999694824219,77.54000091552734,68.54972076416016,2640900
2020-10-07,77.83000183105469,78.38999938964844,77.69000244140625,78.12999725341797,69.07129669189453,1928300
2020-10-08,78.2300033569336,78.83999633789062,78.08000183105469,78.73999786376953,69.6105728149414,2144500
2020-10-09,79.08999633789062,80.12999725341797,78.88999938964844,79.7699966430664,70.52114868164062,2870600
2020-10-12,79.69000244140625,80.95999908447266,79.62000274658203,80.62999725341797,71.28144073486328,2691100
2020-10-13,80.5,80.98999786376953,79.8499984741211,80.26000213623047,70.95433807373047,3042800
2020-10-14,80.44000244140625,80.62999725341797,79.41999816894531,79.86000061035156,70.6007080078125,2200100
2020-10-15,79.41999816894531,80.13999938964844,79.27999877929688,79.70999908447266,70.46810913085938,3375800
2020-10-16,80.12000274658203,80.58999633789062,80.02999877929688,80.30999755859375,70.99852752685547,2963600
2020-10-19,80.44999694824219,80.9000015258789,79.01000213623047,79.20999908447266,70.02608489990234,2854800
2020-10-20,80.06999969482422,80.76000213623047,79.70999908447266,79.83000183105469,70.5741958618164,2960900
2020-10-21,79.5199966430664,80.73999786376953,79.5199966430664,80.19999694824219,70.90131378173828,3591700
2020-10-22,79.37999725341797,79.68000030517578,78.68000030517578,79.29000091552734,70.48348236083984,2516400
2020-10-23,79.55000305175781,80.0,79.31999969482422,79.33999633789062,70.52794647216797,2259400
2020-10-26,78.86000061035156,79.22000122070312,78.12000274658203,78.69000244140625,69.95013427734375,3886700
2020-10-27,79.22000122070312,79.63999938964844,78.79000091552734,78.8499984741211,70.09236145019531,2828600
2020-10-28,77.41999816894531,78.18000030517578,76.69999694824219,76.86000061035156,68.3233871459961,4767300
2020-10-29,76.54000091552734,77.44000244140625,75.55999755859375,76.66999816894531,68.15448760986328,3939600
2020-10-30,79.94000244140625,81.08999633789062,77.68000030517578,78.88999938964844,70.1279296875,7362900
2020-11-02,80.18000030517578,81.0199966430664,79.51000213623047,80.16000366210938,71.25688171386719,4217700
2020-11-03,80.87999725341797,83.41999816894531,80.83000183105469,83.11000061035156,73.87922668457031,5327800
2020-11-04,83.3499984741211,85.63999938964844,83.08999633789062,83.86000061035156,74.54592895507812,5653400
2020-11-05,84.75,84.75,82.9800033569336,83.01000213623047,73.79032897949219,3914000
2020-11-06,83.08000183105469,83.55000305175781,82.44999694824219,83.02999877929688,73.80810546875,3481300
2020-11-09,83.80000305175781,84.56999969482422,81.54000091552734,81.77999877929688,72.69693756103516,6633800
2020-11-10,81.88999938964844,83.76000213623047,81.38999938964844,83.3499984741211,74.09255981445312,4494500
2020-11-11,84.0,85.25,83.44000244140625,84.93000030517578,75.49708557128906,3896900
2020-11-12,85.0,85.12000274658203,84.20999908447266,84.7300033569336,75.31929016113281,3705200
2020-11-13,84.77999877929688,85.41000366210938,84.69000244140625,85.36000061035156,75.87933349609375,3742400
2020-11-16,85.37999725341797,85.94000244140625,85.20999908447266,85.93000030517578,76.38601684570312,3701500
2020-11-17,85.38999938964844,86.05999755859375,85.27999877929688,85.3499984741211,75.87042236328125,3406800
2020-11-18,85.63999938964844,85.94000244140625,84.5999984741211,84.61000061035156,75.2126235961914,4168500
2020-11-19,84.98999786376953,85.63999938964844,84.69999694824219,85.37999725341797,75.89710235595703,4400800
2020-11-20,85.5199966430664,86.41000366210938,85.12000274658203,85.16000366210938,75.70155334472656,3719000
2020-11-23,85.2300033569336,85.2300033569336,83.97000122070312,84.54000091552734,75.15040588378906,3046000
2020-11-24,84.94999694824219,85.6500015258789,84.12000274658203,84.70999908447266,75.30152130126953,4223200
2020-11-25,85.13999938964844,85.47000122070312,84.44000244140625,84.75,75.3370590209961,3135700
2020-11-27,84.94999694824219,85.05999755859375,84.30000305175781,84.9000015258789,75.47040557861328,2188300
2020-11-30,84.98999786376953,85.66000366210938,84.19999694824219,85.63999938964844,76.12822723388672,4355900
2020-12-01,85.76000213623047,86.33999633789062,85.37999725341797,86.26000213623047,76.67935943603516,3372300
2020-12-02,86.06999969482422,86.37999725341797,85.25,85.73999786376953,76.21711730957031,2740100
2020-12-03,85.5199966430664,85.7300033569336,84.41000366210938,85.19000244140625,75.72820281982422,3842100
2020-12-04,85.23999786376953,85.68000030517578,84.41999816894531,85.02999877929688,75.5859603881836,3142600
2020-12-07,84.80000305175781,85.86000061035156,84.75,85.38999938964844,75.9059829711914,2966800
2020-12-08,84.47000122070312,85.44000244140625,84.19000244140625,85.16999816894531,75.71041870117188,2664500
2020-12-09,85.16000366210938,85.33999633789062,84.38999938964844,84.75,75.3370590209961,2582900
2020-12-10,84.88999938964844,85.3499984741211,84.38999938964844,84.58999633789062,75.19482421875,2856500
2020-12-11,84.16000366210938,85.08999633789062,84.1500015258789,84.68000030517578,75.27486419677734,2610200
2020-12-14,85.08000183105469,85.44999694824219,84.13999938964844,84.19000244140625,74.8392562866211,2684400
2020-12-15,84.51000213623047,85.06999969482422,84.20999908447266,84.75,75.3370590209961,2555800
2020-12-16,85.13999938964844,85.76000213623047,84.63999938964844,85.04000091552734,75.59487915039062,2862000
2020-12-17,85.5,86.05000305175781,85.33999633789062,85.66000366210938,76.14600372314453,3086500
2020-12-18,85.66000366210938,86.19999694824219,84.95999908447266,85.93000030517578,76.38601684570312,6089800
2020-12-21,85.05000305175781,85.48999786376953,84.37000274658203,85.30999755859375,75.83486938476562,2757900
2020-12-22,85.19999694824219,85.41999816894531,84.2699966430664,84.4000015258789,75.02595520019531,2341500
2020-12-23,84.58999633789062,84.95999908447266,84.19999694824219,84.43000030517578,75.05258178710938,2690400
2020-12-24,84.62000274658203,85.0999984741211,84.48999786376953,85.04000091552734,75.59487915039062,733200
2020-12-28,85.27999877929688,85.68000030517578,84.9800033569336,85.41000366210938,75.92376708984375,1225800
2020-12-29,85.83000183105469,86.20999908447266,84.91999816894531,85.02999877929688,75.5859603881836,2390900
2020-12-30,85.18000030517578,85.33999633789062,84.55000305175781,84.7300033569336,75.31929016113281,2158000
2020-12-31,84.95999908447266,85.5999984741211,84.52999877929688,85.51000213623047,76.01266479492188,1893100
2021-01-04,84.77999877929688,85.55999755859375,83.52999877929688,84.33000183105469,74.96372985839844,3506000
2021-01-05,84.33000183105469,84.81999969482422,83.37000274658203,84.5199966430664,75.13261413574219,2559300
2021-01-06,84.16000366210938,84.79000091552734,81.87000274658203,82.25,73.11474609375,9053900
2021-01-07,81.91000366210938,82.55000305175781,81.13999938964844,81.80000305175781,72.71473693847656,5061000
2021-01-08,82.08999633789062,82.61000061035156,81.81999969482422,82.3499984741211,73.2036361694336,5569300
2021-01-11,82.3499984741211,83.05999755859375,82.0999984741211,82.13999938964844,73.0169677734375,4430800
2021-01-12,81.87999725341797,82.75,81.8499984741211,82.26000213623047,73.12364196777344,4359800
2021-01-13,82.25,82.93000030517578,82.25,82.48999786376953,73.32807922363281,4069400
2021-01-14,82.7699966430664,82.77999877929688,81.62000274658203,81.94000244140625,72.83917236328125,3732500
2021-01-15,81.94000244140625,82.44000244140625,81.69000244140625,81.87999725341797,72.78583526611328,6359600
2021-01-19,82.55000305175781,82.55000305175781,80.73999786376953,80.8499984741211,71.8702392578125,4004300
2021-01-20,79.5,80.44999694824219,78.9000015258789,80.19999694824219,71.29242706298828,6897200
2021-01-21,80.18000030517578,80.43000030517578,78.76000213623047,79.27999877929688,70.474609375,5772000
2021-01-22,78.77999877929688,78.91999816894531,77.9000015258789,78.19000244140625,69.89358520507812,4816300
2021-01-25,78.20999908447266,79.0999984741211,78.1500015258789,78.61000061035156,70.26902770996094,7750400
2021-01-26,78.87000274658203,79.08999633789062,77.93000030517578,78.75,70.39415740966797,5788400
2021-01-27,78.55000305175781,78.98999786376953,77.83999633789062,78.02999877929688,69.75054931640625,6289700
2021-01-28,78.04000091552734,79.83000183105469,78.02999877929688,79.1500015258789,70.75170135498047,8037900
2021-01-29,78.91000366210938,80.19999694824219,77.83999633789062,78.0,69.7237319946289,7405100
2021-02-01,78.63999938964844,79.69999694824219,78.31999969482422,78.5199966430664,70.1885757446289,6514500
2021-02-02,78.8499984741211,79.75,78.55999755859375,78.8499984741211,70.4835433959961,5018800
2021-02-03,79.0,79.41000366210938,78.52999877929688,78.87999725341797,70.51036071777344,3863600
2021-02-04,78.7699966430664,79.27999877929688,78.44999694824219,78.93000030517578,70.55506134033203,3869600
2021-02-05,79.16000366210938,80.06999969482422,79.11000061035156,79.87000274658203,71.39532470703125,3579200
2021-02-08,80.0,80.12999725341797,79.2699966430664,79.69999694824219,71.24335479736328,3828700
2021-02-09,79.63999938964844,79.66000366210938,78.36000061035156,78.69999694824219,70.34944152832031,3682200
2021-02-10,79.0,79.47000122070312,78.2699966430664,79.11000061035156,70.71595764160156,4882700
2021-02-11,79.25,79.30000305175781,78.3499984741211,78.41000366210938,70.09024047851562,3106000
2021-02-12,78.33000183105469,78.5,77.77999877929688,78.43000030517578,70.10811614990234,2732400
2021-02-16,78.05000305175781,78.22000122070312,77.06999969482422,78.19000244140625,69.89358520507812,5147600
2021-02-17,77.9000015258789,78.91999816894531,77.86000061035156,78.44000244140625,70.11705017089844,3145000
2021-02-18,78.33999633789062,78.86000061035156,78.08999633789062,78.72000122070312,70.36734771728516,2565600
2021-02-19,78.62000274658203,78.75,77.11000061035156,77.19999694824219,69.00862121582031,4540200
2021-02-22,77.22000122070312,77.44000244140625,76.87999725341797,77.2699966430664,69.07120513916016,2573400
2021-02-23,77.80000305175781,78.44000244140625,77.0,77.48999786376953,69.26786041259766,4131400
2021-02-24,77.08999633789062,77.63999938964844,76.62999725341797,76.63999938964844,68.50804901123047,4083400
2021-02-25,76.5999984741211,77.16999816894531,76.27999877929688,76.69000244140625,68.55274963378906,4178100
2021-02-26,76.66000366210938,76.66000366210938,75.1500015258789,75.19999694824219,67.2208251953125,5421200
2021-03-01,75.44000244140625,76.36000061035156,75.33000183105469,75.5999984741211,67.5783920288086,3872400
2021-03-02,75.63999938964844,76.05000305175781,75.26000213623047,75.41999816894531,67.41749572753906,4977000
2021-03-03,75.0999984741211,75.2699966430664,74.18000030517578,74.61000061035156,66.69342041015625,5705600
2021-03-04,74.91999816894531,75.94000244140625,74.2699966430664,74.44000244140625,66.5414810180664,6337500
2021-03-05,74.61000061035156,76.23999786376953,74.56999969482422,76.05999755859375,67.98957824707031,10241200
2021-03-08,75.76000213623047,77.26000213623047,75.37999725341797,76.44999694824219,68.33819580078125,4676200
2021-03-09,76.7300033569336,77.33999633789062,74.8499984741211,74.94000244140625,66.9884262084961,7085400
2021-03-10,75.29000091552734,76.33000183105469,74.13999938964844,75.80000305175781,67.75717163085938,7028500
2021-03-11,75.56999969482422,75.86000061035156,75.11000061035156,75.2699966430664,67.28339385986328,4842600
2021-03-12,75.87000274658203,76.25,75.38999938964844,75.51000213623047,67.49794006347656,3141700
2021-03-15,76.04000091552734,76.12000274658203,74.91000366210938,75.68000030517578,67.64990234375,4860300
2021-03-16,75.8499984741211,76.38999938964844,75.5,75.86000061035156,67.81080627441406,4268600
2021-03-17,76.1500015258789,76.41999816894531,75.4000015258789,75.80000305175781,67.75717163085938,3914900
2021-03-18,75.66000366210938,76.20999908447266,74.66999816894531,76.06999969482422,67.9985122680664,3366700
2021-03-19,76.0999984741211,76.5,74.8499984741211,74.9800033569336,67.02417755126953,11878800
2021-03-22,74.9800033569336,75.93000030517578,74.83999633789062,75.7699966430664,67.7303466796875,8160500
2021-03-23,76.19999694824219,78.31999969482422,75.81999969482422,77.75,69.5002670288086,6060800
2021-03-24,76.9000015258789,78.26000213623047,76.9000015258789,77.7699966430664,69.51813507080078,4255400
2021-03-25,78.30000305175781,78.54000091552734,77.47000122070312,77.88999938964844,69.62541198730469,4769500
2021-03-26,77.79000091552734,79.26000213623047,77.5199966430664,79.22000122070312,70.81428527832031,4170300
2021-03-29,79.11000061035156,79.97000122070312,79.11000061035156,79.9000015258789,71.42214965820312,3811800
2021-03-30,79.47000122070312,79.73999786376953,79.01000213623047,79.33000183105469,70.9126205444336,4841700
2021-03-31,79.75,79.81999969482422,78.61000061035156,78.83000183105469,70.46566009521484,4493200
2021-04-01,78.52999877929688,79.05999755859375,77.58000183105469,78.55000305175781,70.21538543701172,4881300
2021-04-05,78.7300033569336,79.91000366210938,78.61000061035156,79.52999877929688,71.09139251708984,4026900
2021-04-06,79.25,80.13999938964844,79.20999908447266,79.86000061035156,71.38638305664062,3814800
2021-04-07,80.2300033569336,80.33000183105469,79.45999908447266,79.62000274658203,71.17184448242188,5027800
2021-04-08,79.69999694824219,79.8499984741211,79.19000244140625,79.63999938964844,71.18972778320312,3773000
2021-04-09,79.66999816894531,80.16999816894531,79.16999816894531,79.77999877929688,71.31486511230469,3509000
2021-04-12,79.80000305175781,80.45999908447266,79.62000274658203,80.16000366210938,71.6545639038086,3510400
2021-04-13,79.5,79.83000183105469,79.12000274658203,79.7300033569336,71.27019500732422,4442500
2021-04-14,79.79000091552734,79.80999755859375,79.0,79.4000015258789,70.97518920898438,4129600
2021-04-15,79.7699966430664,80.76000213623047,79.56999969482422,80.45999908447266,71.92272186279297,4010400
2021-04-16,80.87999725341797,80.95999908447266,80.30000305175781,80.69999694824219,72.13726043701172,8134800
2021-04-19,80.4800033569336,80.58000183105469,79.70999908447266,80.37000274658203,71.84227752685547,4021200
2021-04-20,79.93000030517578,81.87999725341797,79.81999969482422,81.33000183105469,73.1097640991211,4307300
2021-04-21,81.7300033569336,82.05000305175781,80.80999755859375,81.1500015258789,72.94793701171875,3755200
2021-04-22,80.93000030517578,81.62999725341797,80.72000122070312,81.05000305175781,72.85806274414062,4036400
2021-04-23,80.41000366210938,80.62999725341797,79.4800033569336,79.79000091552734,71.72539520263672,3908400
2021-04-26,79.75,79.88999938964844,78.97000122070312,79.27999877929688,71.26696014404297,3920000
2021-04-27,78.95999908447266,79.12999725341797,78.41000366210938,78.55999755859375,70.6197280883789,4148900
2021-04-28,79.05999755859375,79.2699966430664,78.58000183105469,78.7699966430664,70.8084945678711,3353300
2021-04-29,79.06999969482422,80.2300033569336,79.0199966430664,79.81999969482422,71.75236511230469,4828400
2021-04-30,79.61000061035156,81.16000366210938,79.61000061035156,80.69999694824219,72.5434341430664,7252300
2021-05-03,80.83999633789062,81.25,80.19000244140625,81.06999969482422,72.87601470947266,3709100
2021-05-04,81.19999694824219,82.0,80.8499984741211,81.08999633789062,72.89400482177734,4129500
2021-05-05,80.94999694824219,81.55000305175781,80.52999877929688,81.31999969482422,73.10077667236328,3093300
2021-05-06,81.62999725341797,82.4000015258789,81.37000274658203,82.30999755859375,73.9906997680664,3850100
2021-05-07,82.22000122070312,82.54000091552734,81.86000061035156,82.18000030517578,73.87383270263672,2263700
2021-05-10,82.6500015258789,83.93000030517578,82.44000244140625,83.33999633789062,74.91658020019531,4206000
2021-05-11,83.56999969482422,83.62999725341797,82.19000244140625,82.44000244140625,74.1075668334961,5119300
2021-05-12,82.51000213623047,82.83999633789062,81.93000030517578,82.05000305175781,73.75699615478516,4075100
2021-05-13,81.76000213623047,83.76000213623047,81.44999694824219,83.26000213623047,74.84468841552734,4300200
2021-05-14,83.48999786376953,84.01000213623047,83.36000061035156,83.55999755859375,75.11436462402344,4146500
2021-05-17,83.79000091552734,84.2699966430664,83.37999725341797,83.55000305175781,75.10538482666016,3522100
2021-05-18,83.16000366210938,83.87999725341797,82.76000213623047,83.11000061035156,74.70984649658203,3024200
2021-05-19,82.80000305175781,83.26000213623047,82.44000244140625,83.20999908447266,74.79973602294922,4078400
2021-05-20,83.26000213623047,84.68000030517578,83.16999816894531,84.08999633789062,75.59078979492188,3966900
2021-05-21,84.29000091552734,84.66000366210938,84.0199966430664,84.2300033569336,75.71663665771484,3497900
2021-05-24,84.44000244140625,84.91000366210938,84.0999984741211,84.4000015258789,75.86946868896484,3196200
2021-05-25,84.47000122070312,84.68000030517578,83.9000015258789,84.58999633789062,76.04025268554688,3472800
2021-05-26,84.87999725341797,84.87999725341797,84.19999694824219,84.43000030517578,75.89643859863281,2601700
2021-05-27,84.37000274658203,84.66999816894531,83.69000244140625,83.69000244140625,75.2312240600586,4686300
2021-05-28,83.95999908447266,84.58999633789062,83.72000122070312,83.77999877929688,75.31211853027344,3971700
2021-06-01,84.94999694824219,85.01000213623047,82.12000274658203,82.4800033569336,74.14352416992188,5587000
2021-06-02,82.7699966430664,83.27999877929688,82.51000213623047,82.87999725341797,74.50308227539062,3749600
2021-06-03,82.93000030517578,83.95999908447266,82.7300033569336,83.94999694824219,75.46493530273438,3967000
2021-06-04,84.4000015258789,84.5199966430664,83.69999694824219,83.97000122070312,75.48292541503906,3660200
2021-06-07,84.08999633789062,84.08999633789062,83.37000274658203,83.9000015258789,75.41999053955078,3211600
2021-06-08,84.05999755859375,84.2300033569336,82.87000274658203,82.93000030517578,74.54804229736328,3233100
2021-06-09,83.44999694824219,83.87999725341797,82.52999877929688,82.55999755859375,74.2154312133789,6530200
2021-06-10,82.55000305175781,83.66999816894531,82.55000305175781,83.5999984741211,75.15031433105469,4075900
2021-06-11,83.69999694824219,83.88999938964844,83.11000061035156,83.62999725341797,75.17729187011719,2560000
2021-06-14,83.66000366210938,83.66000366210938,82.86000061035156,83.41000366210938,74.97953033447266,2345200
2021-06-15,83.69000244140625,83.87000274658203,83.1500015258789,83.2699966430664,74.85366821289062,3220700
2021-06-16,83.9000015258789,83.9000015258789,81.91000366210938,81.94999694824219,73.66709899902344,3615200
2021-06-17,81.80999755859375,82.6500015258789,81.47000122070312,82.43000030517578,74.09857940673828,3253100
2021-06-18,81.91999816894531,82.22000122070312,81.0,81.0199966430664,72.8310775756836,7471300
2021-06-21,81.2699966430664,81.58999633789062,81.12999725341797,81.44000244140625,73.2086410522461,4226700
2021-06-22,81.45999908447266,81.69000244140625,81.02999877929688,81.29000091552734,73.07381439208984,3159900
2021-06-23,81.27999877929688,81.33999633789062,80.23999786376953,80.25,72.138916015625,3673800
2021-06-24,80.2699966430664,80.86000061035156,80.20999908447266,80.55999755859375,72.4175796508789,3449800
2021-06-25,80.61000061035156,81.51000213623047,80.33000183105469,81.45999908447266,73.22661590576172,9475300
2021-06-28,81.5999984741211,82.30000305175781,81.5199966430664,81.72000122070312,73.46034240722656,2735300
2021-06-29,81.86000061035156,82.08000183105469,81.06999969482422,81.25,73.0378189086914,3056700
2021-06-30,81.56999969482422,81.66999816894531,80.81999969482422,81.3499984741211,73.12773132324219,4687700
2021-07-01,81.5,81.87999725341797,81.25,81.73999786376953,73.47830200195312,3596100
2021-07-02,81.91999816894531,82.12000274658203,81.58999633789062,81.69999694824219,73.44234466552734,2752200
2021-07-06,81.66999816894531,82.0999984741211,81.44999694824219,81.97000122070312,73.68506622314453,3221000
2021-07-07,82.0999984741211,83.08999633789062,81.91000366210938,82.66000366210938,74.30532836914062,3220200
2021-07-08,82.58000183105469,83.0,82.05000305175781,82.33999633789062,74.01766967773438,3514800
2021-07-09,82.66999816894531,82.81999969482422,82.2699966430664,82.43000030517578,74.09857940673828,2801600
2021-07-12,82.51000213623047,83.12000274658203,82.4800033569336,82.93000030517578,74.54804229736328,4482600
2021-07-13,82.77999877929688,83.31999969482422,82.3499984741211,82.63999938964844,74.287353515625,2733700
2021-07-14,82.62999725341797,83.37999725341797,82.27999877929688,83.2300033569336,74.81771087646484,2959200
2021-07-15,83.33000183105469,83.7699966430664,82.6500015258789,83.62999725341797,75.17729187011719,4200800
2021-07-16,83.66000366210938,84.5,83.66000366210938,84.38999938964844,75.86045837402344,6527500
2021-07-19,84.37999725341797,84.95999908447266,83.18000030517578,83.97000122070312,75.48292541503906,4960200
2021-07-20,83.81999969482422,84.77999877929688,82.66999816894531,82.69000244140625,74.7327880859375,4884100
2021-07-21,82.77999877929688,82.9800033569336,82.05999755859375,82.18000030517578,74.27185821533203,3579600
2021-07-22,81.63999938964844,82.4800033569336,81.29000091552734,81.83999633789062,73.96458435058594,3659900
2021-07-23,81.72000122070312,83.45999908447266,81.52999877929688,83.27999877929688,75.2660140991211,3107500
2021-07-26,83.1500015258789,84.30000305175781,82.94999694824219,84.08999633789062,75.9980697631836,5947500
2021-07-27,83.77999877929688,84.56999969482422,83.44000244140625,83.94999694824219,75.87154388427734,4136700
2021-07-28,84.01000213623047,84.26000213623047,83.13999938964844,83.18000030517578,75.1756362915039,3110700
2021-07-29,83.4800033569336,83.83000183105469,83.02999877929688,83.5199966430664,75.48291778564453,3974400
2021-07-30,80.5199966430664,81.05999755859375,79.22000122070312,79.5,71.84974670410156,9513700
2021-08-02,79.48999786376953,79.81999969482422,78.6500015258789,79.54000091552734,71.88591766357422,5339300
2021-08-03,79.33999633789062,79.87999725341797,79.08999633789062,79.41999816894531,71.7774658203125,3635700
2021-08-04,79.26000213623047,79.47000122070312,77.81999969482422,78.25,70.72004699707031,4194400
2021-08-05,78.7699966430664,79.37999725341797,78.4000015258789,78.9000015258789,71.3074951171875,4135100
2021-08-06,78.97000122070312,79.25,78.30000305175781,78.62999725341797,71.06348419189453,2877400
2021-08-09,78.7699966430664,78.93000030517578,78.02999877929688,78.33999633789062,70.80139923095703,2563700
2021-08-10,78.55000305175781,78.7699966430664,77.98999786376953,78.7300033569336,71.15386199951172,2740600
2021-08-11,78.58000183105469,79.33999633789062,78.58000183105469,79.0999984741211,71.48824310302734,4239100
2021-08-12,79.5999984741211,79.63999938964844,78.77999877929688,78.79000091552734,71.20807647705078,3595500
2021-08-13,78.73999786376953,79.58000183105469,78.68000030517578,79.44000244140625,71.79552459716797,3521600
2021-08-16,79.48999786376953,80.1500015258789,79.48999786376953,79.77999877929688,72.10281372070312,6098900
2021-08-17,79.54000091552734,80.72000122070312,79.5199966430664,80.02999877929688,72.3287582397461,3356600
2021-08-18,79.83999633789062,79.88999938964844,78.12000274658203,78.16000366210938,70.6386947631836,3654100
2021-08-19,78.19000244140625,79.27999877929688,78.19000244140625,78.97000122070312,71.37075805664062,3527800
2021-08-20,79.12000274658203,79.43000030517578,78.55999755859375,78.80000305175781,71.21711730957031,3026100
2021-08-23,78.7300033569336,78.9800033569336,78.33000183105469,78.37999725341797,70.83753204345703,3163400
2021-08-24,78.0,78.29000091552734,77.66000366210938,77.66999816894531,70.19586944580078,2923000
2021-08-25,77.5,77.83000183105469,76.98999786376953,77.6500015258789,70.17778778076172,3636600
2021-08-26,77.66999816894531,77.79000091552734,77.05000305175781,77.30999755859375,69.8705062866211,2317300
2021-08-27,77.30999755859375,77.80999755859375,77.20999908447266,77.44000244140625,69.98800659179688,2294200
2021-08-30,77.62999725341797,77.94000244140625,77.44999694824219,77.6500015258789,70.17778778076172,1960800
2021-08-31,77.6500015258789,78.27999877929688,77.5199966430664,77.94999694824219,70.44892120361328,3786900
2021-09-01,77.83999633789062,78.47000122070312,77.83000183105469,78.33000183105469,70.79235076904297,2658000
2021-09-02,78.33000183105469,78.55999755859375,78.08999633789062,78.5199966430664,70.96408081054688,2549700
2021-09-03,78.4000015258789,78.44999694824219,77.7699966430664,77.91000366210938,70.41276550292969,3030200
2021-09-07,77.9000015258789,77.94999694824219,76.83000183105469,76.9000015258789,69.49993896484375,3246400
2021-09-08,76.61000061035156,77.86000061035156,76.5999984741211,77.77999877929688,70.29527282714844,3863900
2021-09-09,78.06999969482422,78.22000122070312,77.2300033569336,77.30000305175781,69.8614730834961,3956900
2021-09-10,77.47000122070312,77.47000122070312,76.79000091552734,77.04000091552734,69.62648010253906,3360100
2021-09-13,77.33999633789062,78.18000030517578,77.16000366210938,77.37999725341797,69.93375396728516,3371400
2021-09-14,77.37999725341797,77.58999633789062,77.08999633789062,77.30000305175781,69.8614730834961,2950600
2021-09-15,77.4800033569336,77.83999633789062,77.08000183105469,77.20999908447266,69.7801284790039,3662100
2021-09-16,77.12999725341797,77.25,75.86000061035156,76.47000122070312,69.11133575439453,4170600
2021-09-17,76.26000213623047,76.94999694824219,76.16999816894531,76.2300033569336,68.89443969726562,7334200
2021-09-20,77.0199966430664,77.2300033569336,75.69000244140625,76.16999816894531,68.8402099609375,4942500
2021-09-21,76.27999877929688,77.11000061035156,76.26000213623047,76.38999938964844,69.03904724121094,4247500
2021-09-22,76.76000213623047,77.04000091552734,76.25,76.43000030517578,69.0751724243164,2811500
2021-09-23,76.7300033569336,76.91000366210938,76.30999755859375,76.66999816894531,69.2920913696289,2393100
2021-09-24,76.5999984741211,76.94999694824219,76.5,76.62999725341797,69.25593566894531,2214000
2021-09-27,76.5,76.66000366210938,75.91999816894531,76.01000213623047,68.69561004638672,2899700
2021-09-28,75.62000274658203,76.16000366210938,75.41000366210938,75.81999969482422,68.52388000488281,4949500
2021-09-29,75.81999969482422,77.36000061035156,75.69000244140625,77.08000183105469,69.66263580322266,4094300
2021-09-30,77.12000274658203,77.29000091552734,75.58000183105469,75.58000183105469,68.30697631835938,4178800
2021-10-01,75.8499984741211,76.0199966430664,75.06999969482422,75.58000183105469,68.30697631835938,3473400
2021-10-04,75.51000213623047,75.93000030517578,74.61000061035156,75.05999755859375,67.8370132446289,3943600
2021-10-05,75.0,75.08000183105469,74.37000274658203,74.41999816894531,67.25859832763672,4915400
2021-10-06,74.06999969482422,75.19000244140625,74.01000213623047,75.0999984741211,67.8731689453125,4052700
2021-10-07,75.52999877929688,76.41000366210938,75.5199966430664,75.58999633789062,68.31600952148438,3642200
2021-10-08,75.54000091552734,75.88999938964844,75.30999755859375,75.58999633789062,68.31600952148438,3327900
2021-10-11,75.9000015258789,76.16000366210938,75.56999969482422,75.80000305175781,68.50581359863281,3742400
2021-10-12,75.6500015258789,76.19999694824219,75.4000015258789,75.66999816894531,68.38831329345703,2788900
2021-10-13,75.75,76.22000122070312,75.08000183105469,76.06999969482422,68.74984741210938,3684000
2021-10-14,76.20999908447266,76.80999755859375,76.0,76.5999984741211,69.22884368896484,3739000
2021-10-15,76.66000366210938,76.98999786376953,76.0,76.25,68.91252136230469,4076000
2021-10-18,75.93000030517578,76.01000213623047,75.16999816894531,75.27999877929688,68.03587341308594,4331000
2021-10-19,74.69999694824219,74.9000015258789,74.29000091552734,74.77999877929688,67.5839614868164,5206800
2021-10-20,74.56999969482422,75.62999725341797,74.5199966430664,75.0999984741211,68.28407287597656,5317600
2021-10-21,75.43000030517578,75.5999984741211,74.83000183105469,74.88999938964844,68.09313201904297,4370500
2021-10-22,74.80999755859375,75.69000244140625,74.58000183105469,75.5,68.64777374267578,7665400
2021-10-25,75.0199966430664,75.3499984741211,74.19999694824219,75.13999938964844,68.32044982910156,6205900
2021-10-26,75.44000244140625,76.19000244140625,75.2300033569336,76.16000366210938,69.24788665771484,5400200
2021-10-27,76.30999755859375,76.61000061035156,75.61000061035156,75.9000015258789,69.011474609375,4583100
2021-10-28,75.9000015258789,76.91000366210938,75.69999694824219,76.87999725341797,69.90252685546875,4849900
2021-10-29,77.02999877929688,77.44999694824219,75.66999816894531,76.19000244140625,69.2751693725586,6683300
2021-11-01,75.98999786376953,76.5999984741211,75.66999816894531,75.94999694824219,69.05693054199219,4008000
2021-11-02,75.79000091552734,76.61000061035156,75.56999969482422,76.2699966430664,69.347900390625,4132200
2021-11-03,76.31999969482422,77.29000091552734,75.95999908447266,77.2699966430664,70.25712585449219,3916000
2021-11-04,76.88999938964844,77.52999877929688,76.87000274658203,77.29000091552734,70.27531433105469,3407000
2021-11-05,77.55000305175781,77.94999694824219,77.08000183105469,77.83999633789062,70.77540588378906,3560300
2021-11-08,77.8499984741211,77.94999694824219,77.01000213623047,77.73999786376953,70.68447875976562,3335900
2021-11-09,77.87000274658203,78.18000030517578,77.48999786376953,78.05000305175781,70.96635437011719,3854900
2021-11-10,77.94000244140625,78.52999877929688,77.58999633789062,78.4800033569336,71.35733032226562,3263500
2021-11-11,78.38999938964844,78.43000030517578,77.83999633789062,77.98999786376953,70.91177368164062,2788500
2021-11-12,77.91999816894531,78.45999908447266,77.66000366210938,78.02999877929688,70.94815826416016,3057200
2021-11-15,78.25,78.3499984741211,77.87999725341797,78.30000305175781,71.19364929199219,3263900
2021-11-16,78.5,78.77999877929688,77.83999633789062,77.87999725341797,70.811767578125,3140500
2021-11-17,77.7699966430664,77.77999877929688,77.16999816894531,77.58000183105469,70.53899383544922,3144600
2021-11-18,77.48999786376953,77.55000305175781,76.16999816894531,76.38999938964844,69.45700073242188,3416600
2021-11-19,76.47000122070312,77.66000366210938,76.47000122070312,77.19999694824219,70.19349670410156,3978200
2021-11-22,77.41000366210938,78.30999755859375,77.30000305175781,77.55999755859375,70.52082824707031,3601000
2021-11-23,77.69000244140625,78.18000030517578,77.23999786376953,77.93000030517578,70.85723114013672,2941800
2021-11-24,78.06999969482422,78.16000366210938,77.37000274658203,77.76000213623047,70.70268249511719,2350400
2021-11-26,77.77999877929688,78.5999984741211,76.95999908447266,77.05999755859375,70.06620025634766,2439900
2021-11-29,77.08000183105469,78.08000183105469,76.94000244140625,77.70999908447266,70.65718841552734,3923000
2021-11-30,77.13999938964844,77.4000015258789,75.01000213623047,75.0199966430664,68.21135711669922,8702400
2021-12-01,75.5,76.52999877929688,75.31999969482422,75.38999938964844,68.54776000976562,3716700
2021-12-02,75.72000122070312,76.2699966430664,75.37000274658203,75.4800033569336,68.62960052490234,4665300
2021-12-03,76.0199966430664,76.77999877929688,75.44000244140625,76.7699966430664,69.80250549316406,5206200
2021-12-06,77.29000091552734,79.08000183105469,77.16000366210938,78.58000183105469,71.44824981689453,6525000
2021-12-07,78.25,78.81999969482422,77.66999816894531,77.80999755859375,70.7481460571289,3952500
2021-12-08,77.38999938964844,77.97000122070312,76.7699966430664,77.76000213623047,70.70268249511719,4311200
2021-12-09,77.66999816894531,78.30000305175781,77.30999755859375,78.0,70.92088317871094,2928500
2021-12-10,78.5,79.5999984741211,78.19000244140625,79.47000122070312,72.25745391845703,4294500
2021-12-13,79.27999877929688,81.25,79.27999877929688,81.13999938964844,73.7759017944336,5950900
2021-12-14,81.19999694824219,82.33999633789062,81.06999969482422,82.12999725341797,74.67604064941406,7682500
2021-12-15,81.93000030517578,83.22000122070312,81.81999969482422,82.76000213623047,75.2488784790039,6124500
2021-12-16,82.70999908447266,84.05999755859375,82.48999786376953,83.94999694824219,76.33087158203125,5237600
2021-12-17,83.58000183105469,84.2699966430664,82.23999786376953,82.4800033569336,74.99430084228516,10299800
2021-12-20,82.08999633789062,82.8499984741211,81.81999969482422,82.5199966430664,75.03065490722656,5162300
2021-12-21,82.30999755859375,82.73999786376953,81.7699966430664,82.08999633789062,74.6396713256836,4630800
2021-12-22,82.18000030517578,82.55000305175781,81.88999938964844,82.45999908447266,74.97611236572266,3373000
2021-12-23,82.47000122070312,83.01000213623047,82.20999908447266,82.79000091552734,75.27615356445312,3936400
2021-12-27,83.0,84.05000305175781,82.88999938964844,83.91000366210938,76.29450225830078,3189600
2021-12-28,83.9000015258789,84.66999816894531,83.83000183105469,84.45999908447266,76.79458618164062,2201000
2021-12-29,84.58999633789062,85.08999633789062,84.25,84.91000366210938,77.20376586914062,2628900
2021-12-30,85.0999984741211,85.18000030517578,84.48999786376953,84.58999633789062,76.91278076171875,2772000
2021-12-31,84.58999633789062,85.4000015258789,84.58999633789062,85.33999633789062,77.59471893310547,2940200
2022-01-03,84.55000305175781,84.80000305175781,83.48999786376953,84.58999633789062,76.91278076171875,5327000
2022-01-04,84.43000030517578,85.29000091552734,84.18000030517578,84.87000274658203,77.16736602783203,4405100
2022-01-05,84.70999908447266,85.61000061035156,84.70999908447266,85.22000122070312,77.4856185913086,4445900
2022-01-06,84.9800033569336,85.61000061035156,84.16000366210938,84.66000366210938,76.9764404296875,4154800
2022-01-07,84.77999877929688,84.93000030517578,84.11000061035156,84.44000244140625,76.77642822265625,2818200
2022-01-10,84.29000091552734,84.51000213623047,83.29000091552734,83.70999908447266,76.11265563964844,4138000
2022-01-11,83.41999816894531,83.55999755859375,82.43000030517578,83.16999816894531,75.62165832519531,3562400
2022-01-12,83.0199966430664,83.31999969482422,82.55000305175781,82.87000274658203,75.3488998413086,5112700
2022-01-13,82.80999755859375,82.83999633789062,81.97000122070312,82.54000091552734,75.048828125,6698400
2022-01-14,82.61000061035156,83.62000274658203,82.04000091552734,83.44999694824219,75.87625122070312,4431900
2022-01-18,82.77999877929688,83.16999816894531,81.9800033569336,83.12000274658203,75.57621002197266,6746200
2022-01-19,83.62999725341797,85.04000091552734,83.5,84.05999755859375,76.43089294433594,5614600
2022-01-20,83.9000015258789,84.6500015258789,83.23999786376953,83.29000091552734,75.73076629638672,6377000
2022-01-21,83.61000061035156,84.69999694824219,83.0999984741211,83.66999816894531,76.48954772949219,5690900
2022-01-24,84.18000030517578,84.75,82.23999786376953,83.66999816894531,76.48954772949219,7339800
2022-01-25,83.19000244140625,83.31999969482422,81.48999786376953,81.73999786376953,74.72516632080078,7643300
2022-01-26,79.93000030517578,81.72000122070312,79.58999633789062,81.38999938964844,74.40522003173828,7455000
2022-01-27,81.95999908447266,83.61000061035156,81.5999984741211,82.69999694824219,75.60279083251953,6242100
2022-01-28,81.95999908447266,83.16999816894531,80.52999877929688,83.05000305175781,75.92274475097656,5987300
2022-01-31,82.23999786376953,82.9000015258789,81.55000305175781,82.44999694824219,75.37422943115234,6372200
2022-02-01,82.75,82.94999694824219,81.5199966430664,81.91999816894531,74.88970947265625,5174700
2022-02-02,82.05999755859375,83.02999877929688,81.81999969482422,82.80000305175781,75.6942138671875,6814700
2022-02-03,82.77999877929688,83.2699966430664,82.37999725341797,82.7300033569336,75.63021850585938,4292100
2022-02-04,82.20999908447266,82.38999938964844,80.80999755859375,81.12000274658203,74.15836334228516,5173100
2022-02-07,81.47000122070312,81.7300033569336,80.37000274658203,81.12000274658203,74.15836334228516,3502800
2022-02-08,81.30000305175781,81.52999877929688,80.83999633789062,80.91999816894531,73.97554779052734,4014100
2022-02-09,81.0999984741211,81.36000061035156,80.30999755859375,80.87000274658203,73.92984771728516,3757200
2022-02-10,80.37999725341797,80.70999908447266,79.43000030517578,79.72000122070312,72.87852478027344,3728300
2022-02-11,80.05999755859375,80.2300033569336,79.38999938964844,79.52999877929688,72.704833984375,5658400
2022-02-14,79.55999755859375,79.94000244140625,78.01000213623047,79.26000213623047,72.45799255371094,5624200
2022-02-15,79.66000366210938,79.94000244140625,78.19999694824219,78.58000183105469,71.83637237548828,4422000
2022-02-16,78.63999938964844,79.0199966430664,77.37999725341797,78.33999633789062,71.61695861816406,3825700
2022-02-17,78.1500015258789,79.3499984741211,77.87999725341797,79.1500015258789,72.35743713378906,3840700
2022-02-18,79.30999755859375,79.6500015258789,78.94000244140625,79.55000305175781,72.72311401367188,3351800
2022-02-22,79.36000061035156,79.80000305175781,78.55000305175781,78.8499984741211,72.08319091796875,4752300
2022-02-23,79.22000122070312,79.5199966430664,78.54000091552734,78.63999938964844,71.89122009277344,3703600
2022-02-24,78.13999938964844,78.41999816894531,75.45999908447266,75.58000183105469,69.09382629394531,7890900
2022-02-25,76.02999877929688,78.3499984741211,75.97000122070312,78.13999938964844,71.43412017822266,5249900
2022-02-28,77.12999725341797,77.33000183105469,76.13999938964844,76.94999694824219,70.34625244140625,4801100
2022-03-01,77.0,77.18000030517578,75.7300033569336,76.04000091552734,69.51433563232422,3966500
2022-03-02,75.97000122070312,77.02999877929688,75.7699966430664,76.69999694824219,70.1176986694336,3952800
2022-03-03,76.81999969482422,77.91999816894531,76.81999969482422,77.4000015258789,70.75763702392578,3884400
2022-03-04,76.69999694824219,77.51000213623047,76.38999938964844,77.36000061035156,70.7210693359375,3670900
2022-03-07,76.91000366210938,77.23999786376953,75.86000061035156,76.68000030517578,70.09941101074219,4298600
2022-03-08,76.7699966430664,77.05999755859375,74.77999877929688,74.87000274658203,68.44474792480469,5263700
2022-03-09,76.18000030517578,76.63999938964844,75.44000244140625,75.54000091552734,69.0572509765625,7013200
2022-03-10,75.1500015258789,75.37999725341797,73.33999633789062,73.83999633789062,67.50312805175781,6384200
2022-03-11,74.20999908447266,75.18000030517578,73.69999694824219,73.7699966430664,67.43915557861328,4278900
2022-03-14,74.30999755859375,75.2699966430664,73.79000091552734,73.95999908447266,67.61284637451172,4080800
2022-03-15,74.80000305175781,75.73999786376953,74.5199966430664,75.48999786376953,69.01153564453125,4319400
2022-03-16,75.52999877929688,75.9000015258789,74.44000244140625,75.1500015258789,68.70072937011719,4519900
2022-03-17,75.16000366210938,75.43000030517578,74.61000061035156,75.12999725341797,68.68243408203125,4187800
2022-03-18,75.38999938964844,75.4000015258789,72.19999694824219,72.19999694824219,66.00387573242188,14746300
2022-03-21,73.5999984741211,74.19999694824219,72.86000061035156,74.1500015258789,67.78653717041016,10092700
2022-03-22,74.37999725341797,74.69000244140625,73.47000122070312,74.5,68.10650634765625,4958700
2022-03-23,74.69999694824219,74.91000366210938,73.54000091552734,73.62999725341797,67.31114959716797,3875900
2022-03-24,73.66000366210938,74.01000213623047,73.16999816894531,73.6500015258789,67.32945251464844,3539500
2022-03-25,73.91000366210938,75.05999755859375,73.77999877929688,74.77999877929688,68.36247253417969,4401000
2022-03-28,74.83999633789062,75.41999816894531,74.83999633789062,75.38999938964844,68.92012023925781,3646200
2022-03-29,76.13999938964844,76.79000091552734,75.75,76.19999694824219,69.66060638427734,4651500
2022-03-30,75.55000305175781,76.37999725341797,75.38999938964844,76.36000061035156,69.80686950683594,4191400
2022-03-31,76.19999694824219,76.37999725341797,75.37999725341797,75.83000183105469,69.32235717773438,7711400
2022-04-01,75.87000274658203,76.44000244140625,75.11000061035156,76.41999816894531,69.86173248291016,6464700
2022-04-04,75.81999969482422,76.62999725341797,74.87999725341797,76.58999633789062,70.01713562011719,4791900
2022-04-05,76.27999877929688,77.80999755859375,76.27999877929688,77.44999694824219,70.8033218383789,4398500
2022-04-06,77.18000030517578,78.87999725341797,76.72000122070312,78.80999755859375,72.04662322998047,9991400
2022-04-07,78.87000274658203,80.62000274658203,78.61000061035156,80.41999816894531,73.51844787597656,8557200
2022-04-08,80.43000030517578,80.55999755859375,79.81999969482422,80.25,73.36305236816406,6428000
2022-04-11,80.37000274658203,80.83000183105469,79.95999908447266,80.44000244140625,73.5367431640625,9495700
2022-04-12,80.19000244140625,81.22000122070312,80.08999633789062,81.0,74.0487060546875,6488300
2022-04-13,81.0,81.36000061035156,80.83000183105469,80.98999786376953,74.03953552246094,4481200
2022-04-14,81.36000061035156,81.47000122070312,80.87000274658203,80.94000244140625,73.99384307861328,7663700
2022-04-18,80.86000061035156,81.18000030517578,79.72000122070312,80.01000213623047,73.14363861083984,5230900
2022-04-19,79.8499984741211,80.87999725341797,79.80000305175781,80.61000061035156,73.69214630126953,4644600
2022-04-20,80.23999786376953,81.80000305175781,80.22000122070312,81.52999877929688,74.97030639648438,8789900
2022-04-21,81.5999984741211,82.5199966430664,81.48999786376953,82.0999984741211,75.49445343017578,4661100
2022-04-22,83.0,83.38999938964844,81.01000213623047,81.0999984741211,74.57491302490234,6136800
2022-04-25,81.4800033569336,82.16000366210938,80.05999755859375,81.80999755859375,75.227783203125,5778300
2022-04-26,81.93000030517578,82.37000274658203,80.44000244140625,80.5199966430664,74.04155731201172,4716400
2022-04-27,80.27999877929688,81.69999694824219,80.19999694824219,80.69000244140625,74.1978988647461,4415500
2022-04-28,80.87000274658203,81.52999877929688,80.26000213623047,81.22000122070312,74.68525695800781,5400200
2022-04-29,77.73999786376953,77.94999694824219,76.18000030517578,77.05000305175781,70.85076141357422,14943400
2022-05-02,77.06999969482422,77.37000274658203,74.20999908447266,75.18000030517578,69.13121795654297,7133000
2022-05-03,74.87000274658203,75.45999908447266,73.93000030517578,74.48999786376953,68.4967269897461,6073200
2022-05-04,74.47000122070312,77.55000305175781,74.30000305175781,77.0,70.80479431152344,8806000
2022-05-05,76.48999786376953,76.87000274658203,75.55999755859375,76.08999633789062,69.9679946899414,5056300
2022-05-06,76.06999969482422,77.05999755859375,75.7699966430664,76.83999633789062,70.65764617919922,5379600
2022-05-09,76.3499984741211,78.44000244140625,76.05999755859375,77.66999816894531,71.4208755493164,5666800
2022-05-10,77.66000366210938,77.98999786376953,76.37999725341797,76.66999816894531,70.5013427734375,6030700
2022-05-11,76.80999755859375,78.05999755859375,76.5,76.75,70.57489013671875,5555500
2022-05-12,77.41999816894531,77.87999725341797,76.72000122070312,77.55000305175781,71.31053161621094,5244700
2022-05-13,77.8499984741211,78.44000244140625,76.9800033569336,78.4000015258789,72.0921401977539,5068600
2022-05-16,78.13999938964844,79.23999786376953,77.61000061035156,78.7300033569336,72.39559936523438,3981100
2022-05-17,78.51000213623047,78.88999938964844,77.44999694824219,78.7699966430664,72.43238067626953,4017100
2022-05-18,78.27999877929688,78.47000122070312,75.51000213623047,75.70999908447266,69.61857604980469,4590300
2022-05-19,74.66999816894531,75.36000061035156,73.91999816894531,75.12000274658203,69.0760498046875,5477100
2022-05-20,75.37999725341797,75.62999725341797,73.87000274658203,75.12999725341797,69.08523559570312,6937200
2022-05-23,75.58000183105469,76.77999877929688,75.37000274658203,76.5199966430664,70.36338806152344,3754700
2022-05-24,76.63999938964844,78.30000305175781,76.36000061035156,78.12000274658203,71.83467864990234,3539700
2022-05-25,77.30999755859375,77.93000030517578,76.87000274658203,77.48999786376953,71.25537109375,3733900
2022-05-26,78.38999938964844,78.70999908447266,77.58000183105469,78.16000366210938,71.8714599609375,4139100
2022-05-27,78.38999938964844,79.06999969482422,78.13999938964844,78.86000061035156,72.51512908935547,2742300
2022-05-31,78.5199966430664,79.30999755859375,77.83000183105469,78.80999755859375,72.46915435791016,5916500
2022-06-01,79.01000213623047,79.05999755859375,77.91999816894531,78.19999694824219,71.90823364257812,3963400
2022-06-02,78.51000213623047,79.30000305175781,77.26000213623047,79.2699966430664,72.89214324951172,3588900
2022-06-03,79.0199966430664,79.55999755859375,78.76000213623047,78.93000030517578,72.57951354980469,3150100
2022-06-06,79.19999694824219,79.68000030517578,78.58999633789062,78.77999877929688,72.44157409667969,2715500
2022-06-07,77.98999786376953,78.76000213623047,77.5999984741211,78.70999908447266,72.37718963623047,6609400
2022-06-08,78.58000183105469,78.5999984741211,77.77999877929688,77.87000274658203,71.60479736328125,3131300
2022-06-09,78.08999633789062,78.91000366210938,76.72000122070312,76.8499984741211,70.6668472290039,6327300
2022-06-10,76.18000030517578,77.25,75.1500015258789,76.62999725341797,70.46455383300781,4294600
2022-06-13,75.43000030517578,76.83000183105469,75.43000030517578,76.19000244140625,70.05996704101562,4490600
2022-06-14,75.86000061035156,76.04000091552734,73.66000366210938,74.2699966430664,68.29443359375,3960400
2022-06-15,74.37999725341797,75.47000122070312,73.05999755859375,74.16000366210938,68.19329071044922,6023400
2022-06-16,73.43000030517578,74.77999877929688,72.69000244140625,73.91999816894531,67.97259521484375,5342900
2022-06-17,73.66000366210938,74.43000030517578,73.01000213623047,74.04000091552734,68.08293914794922,11016400
2022-06-21,74.9000015258789,76.58000183105469,74.4000015258789,76.45999908447266,70.30823516845703,4456700
2022-06-22,76.52999877929688,78.1500015258789,76.36000061035156,77.91000366210938,71.64157104492188,4653700
2022-06-23,78.1500015258789,79.18000030517578,78.12000274658203,78.87999725341797,72.53351593017578,3932400
2022-06-24,79.37999725341797,80.5199966430664,79.16999816894531,80.37999725341797,73.91283416748047,5193400
2022-06-27,79.55999755859375,80.33999633789062,79.36000061035156,79.87999725341797,73.45307159423828,4564600
2022-06-28,80.0,80.37000274658203,78.7699966430664,78.87999725341797,72.53351593017578,3193800
2022-06-29,79.22000122070312,79.98999786376953,78.9800033569336,79.66999816894531,73.25997161865234,2156900
2022-06-30,79.41000366210938,80.56999969482422,79.01000213623047,80.13999938964844,73.69215393066406,3565600
2022-07-01,80.55000305175781,82.0199966430664,80.3499984741211,81.97000122070312,75.3749008178711,4252900
2022-07-05,81.33000183105469,81.8499984741211,80.08999633789062,81.0,74.48297882080078,3068500
2022-07-06,81.4000015258789,81.97000122070312,80.94999694824219,81.0199966430664,74.50133514404297,4797900
2022-07-07,80.69000244140625,80.75,78.31999969482422,79.45999908447266,73.06686401367188,5148000
2022-07-08,79.29000091552734,79.58000183105469,78.2300033569336,78.3499984741211,72.0461654663086,3668500
2022-07-11,78.5,78.98999786376953,78.08999633789062,78.69999694824219,72.36799621582031,5459600
2022-07-12,78.61000061035156,79.33000183105469,77.94999694824219,78.30999755859375,72.00938415527344,3074500
2022-07-13,77.91000366210938,79.19000244140625,77.91000366210938,78.43000030517578,72.11974334716797,3343300
2022-07-14,77.36000061035156,78.47000122070312,77.08999633789062,78.33999633789062,72.03697204589844,5753200
2022-07-15,78.75,78.98999786376953,77.97000122070312,78.1500015258789,71.86225891113281,4830600
2022-07-18,78.01000213623047,78.16999816894531,76.97000122070312,77.12000274658203,70.91514587402344,3526600
2022-07-19,77.48999786376953,77.91999816894531,77.2699966430664,77.52999877929688,71.2921371459961,3712500
2022-07-20,77.12999725341797,77.18000030517578,75.19000244140625,75.61000061035156,69.95067596435547,5405900
2022-07-21,75.4800033569336,76.2699966430664,75.27999877929688,76.16000366210938,70.45950317382812,4054400
2022-07-22,76.16000366210938,77.5199966430664,76.05999755859375,77.47000122070312,71.67146301269531,2537700
2022-07-25,77.5,78.1500015258789,77.29000091552734,77.8499984741211,72.02301025390625,2427800
2022-07-26,77.31999969482422,78.61000061035156,77.1500015258789,78.52999877929688,72.652099609375,2572400
2022-07-27,78.18000030517578,79.01000213623047,77.75,78.76000213623047,72.8648910522461,2421400
2022-07-28,79.02999877929688,79.69999694824219,78.51000213623047,79.19000244140625,73.26271057128906,5078100
2022-07-29,78.5999984741211,79.16000366210938,77.29000091552734,78.73999786376953,72.84639739990234,5749800
2022-08-01,78.95999908447266,81.69999694824219,78.76000213623047,81.0999984741211,75.02974700927734,6899200
2022-08-02,81.5199966430664,81.55999755859375,80.11000061035156,80.26000213623047,74.25262451171875,20428800
2022-08-03,80.0,81.76000213623047,79.47000122070312,81.43000030517578,75.33504486083984,3587300
2022-08-04,81.1500015258789,81.5199966430664,80.45999908447266,80.88999938964844,74.83545684814453,2787900
2022-08-05,80.69999694824219,80.69999694824219,79.69000244140625,80.43000030517578,74.40990447998047,2408200
2022-08-08,80.73999786376953,81.0199966430664,80.44000244140625,80.80999755859375,74.7614517211914,5039700
2022-08-09,80.83000183105469,80.83000183105469,80.01000213623047,80.05999755859375,74.0676040649414,3254200
2022-08-10,80.5,80.77999877929688,79.9000015258789,80.33999633789062,74.32662963867188,3480300
2022-08-11,80.30000305175781,80.62000274658203,79.3499984741211,79.5,73.54949951171875,4932800
2022-08-12,79.68000030517578,80.5,79.58999633789062,80.29000091552734,74.2803726196289,3277500
2022-08-15,80.5,81.33999633789062,80.33000183105469,81.23999786376953,75.15925598144531,4257600
2022-08-16,81.44000244140625,82.37999725341797,81.44000244140625,82.18000030517578,76.02891540527344,2905800
2022-08-17,82.05000305175781,82.26000213623047,81.72000122070312,82.16999816894531,76.01966857910156,2128500
2022-08-18,81.91999816894531,82.9800033569336,81.73999786376953,82.8499984741211,76.64876556396484,2634300
2022-08-19,82.98999786376953,83.80999755859375,82.58000183105469,83.2699966430664,77.0373306274414,4663000
2022-08-22,82.98999786376953,83.06999969482422,81.9000015258789,81.95999908447266,75.82538604736328,4144100
2022-08-23,81.41000366210938,81.45999908447266,80.6500015258789,80.95999908447266,74.90023040771484,2567700
2022-08-24,81.19000244140625,81.19000244140625,80.45999908447266,81.0,74.93724060058594,2390900
2022-08-25,80.7699966430664,81.05000305175781,80.45999908447266,80.91999816894531,74.86321258544922,2660000
2022-08-26,80.87000274658203,81.19999694824219,79.06999969482422,79.20999908447266,73.2812271118164,3407600
2022-08-29,78.97000122070312,79.86000061035156,78.44000244140625,79.58999633789062,73.63277435302734,2273600
2022-08-30,79.75,79.97000122070312,78.80000305175781,79.0,73.0869369506836,3095500
2022-08-31,79.25,79.56999969482422,78.13999938964844,78.20999908447266,72.35606384277344,4054100
2022-09-01,78.12999725341797,79.80000305175781,77.7699966430664,79.80000305175781,73.82706451416016,5924100
2022-09-02,80.13999938964844,80.41999816894531,77.91000366210938,78.16999816894531,72.31906127929688,3111700
2022-09-06,77.68000030517578,79.11000061035156,77.55999755859375,77.7699966430664,71.94898986816406,4137000
2022-09-07,78.08999633789062,78.66000366210938,77.91000366210938,78.55000305175781,72.67061614990234,4264500
2022-09-08,77.95999908447266,78.30000305175781,76.8499984741211,77.83999633789062,72.01376342773438,5775200
2022-09-09,77.62000274658203,78.81999969482422,77.20999908447266,78.02999877929688,72.18952941894531,6405300
2022-09-12,78.13999938964844,78.62000274658203,77.62999725341797,77.9000015258789,72.06927490234375,6390600
2022-09-13,77.55999755859375,77.83000183105469,75.33000183105469,75.43000030517578,69.78414916992188,3988500
2022-09-14,75.80000305175781,77.37000274658203,75.47000122070312,76.05999755859375,70.36698913574219,8077500
2022-09-15,76.22000122070312,76.2699966430664,74.52999877929688,75.2300033569336,69.59912109375,4982400
2022-09-16,75.33999633789062,75.79000091552734,75.08999633789062,75.69000244140625,70.0246810913086,5304400
2022-09-19,75.4800033569336,76.08000183105469,75.44000244140625,76.01000213623047,70.32073211669922,3646200
2022-09-20,75.69999694824219,75.87999725341797,74.80000305175781,75.16000366210938,69.53435516357422,2738600
2022-09-21,75.58000183105469,76.31999969482422,74.88999938964844,74.9000015258789,69.2938232421875,2884500
2022-09-22,74.8499984741211,75.7300033569336,74.70999908447266,75.36000061035156,69.71939086914062,3452100
2022-09-23,75.20999908447266,75.93000030517578,74.79000091552734,75.52999877929688,69.87665557861328,4471900
2022-09-26,75.52999877929688,75.77999877929688,74.77999877929688,75.0,69.38632202148438,3797200
2022-09-27,75.36000061035156,75.63999938964844,72.52999877929688,72.58000183105469,67.14745330810547,5260600
2022-09-28,73.1500015258789,73.41000366210938,72.19999694824219,72.91000366210938,67.4527816772461,6450900
2022-09-29,72.91999816894531,73.19999694824219,71.23999786376953,71.7699966430664,66.3980941772461,4617200
2022-09-30,72.0,72.29000091552734,70.16000366210938,70.25,64.99185943603516,7510600
2022-10-03,70.83000183105469,71.37000274658203,70.08000183105469,71.11000061035156,65.78749084472656,3840300
2022-10-04,71.27999877929688,72.41999816894531,71.22000122070312,71.83999633789062,66.46284484863281,4066900
2022-10-05,72.0999984741211,72.0999984741211,70.61000061035156,71.11000061035156,65.78749084472656,3467800
2022-10-06,70.97000122070312,71.05999755859375,69.48999786376953,69.55999755859375,64.353515625,3383000
2022-10-07,69.54000091552734,69.6500015258789,68.73999786376953,68.98999786376953,63.82616424560547,4316300
2022-10-10,69.0199966430664,69.4000015258789,67.83999633789062,68.4800033569336,63.354347229003906,4756700
2022-10-11,68.69000244140625,69.62999725341797,68.66000366210938,69.05000305175781,63.88166809082031,3974400
2022-10-12,69.2300033569336,69.80999755859375,69.06999969482422,69.11000061035156,63.93718719482422,2819400
2022-10-13,69.58000183105469,71.2699966430664,68.72000122070312,71.01000213623047,65.69498443603516,4459900
2022-10-14,71.31999969482422,72.13999938964844,70.88999938964844,71.33000183105469,65.99102020263672,4964800
2022-10-17,71.54000091552734,72.70999908447266,71.2699966430664,72.13999938964844,66.74039459228516,4118000
2022-10-18,72.94000244140625,74.9000015258789,72.43000030517578,72.91999816894531,67.46202087402344,10417100
2022-10-19,72.87000274658203,73.30000305175781,71.56999969482422,71.75,66.37960052490234,5301800
2022-10-20,71.26000213623047,71.77999877929688,70.19000244140625,70.25,65.42040252685547,3436100
2022-10-21,70.4800033569336,71.7699966430664,70.25,71.47000122070312,66.55653381347656,5947100
2022-10-24,72.04000091552734,72.58999633789062,71.22000122070312,72.0199966430664,67.06871032714844,3500900
2022-10-25,72.0,72.94999694824219,71.79000091552734,72.76000213623047,67.75785064697266,3983300
2022-10-26,73.01000213623047,73.66000366210938,72.51000213623047,73.43000030517578,68.38177490234375,3624800
2022-10-27,73.69000244140625,74.23999786376953,73.05999755859375,73.2300033569336,68.19551849365234,5128900
2022-10-28,71.63999938964844,74.68000030517578,71.29000091552734,74.63999938964844,69.50859069824219,5613100
2022-10-31,74.61000061035156,75.0999984741211,73.56999969482422,73.83999633789062,68.76358795166016,6690600
2022-11-01,73.75,74.55000305175781,73.54000091552734,73.73999786376953,68.67046356201172,3716000
2022-11-02,73.62000274658203,74.4000015258789,72.76000213623047,72.7699966430664,67.76713562011719,3991800
2022-11-03,72.20999908447266,72.76000213623047,72.06999969482422,72.38999938964844,67.41328430175781,3001600
2022-11-04,73.0,73.68000030517578,72.30999755859375,73.19000244140625,68.15827941894531,3947400
2022-11-07,73.48999786376953,74.01000213623047,73.11000061035156,73.5,68.44696807861328,3052500
2022-11-08,73.87000274658203,74.75,73.3499984741211,73.80999755859375,68.73564910888672,3291500
2022-11-09,73.7699966430664,73.87999725341797,73.41999816894531,73.45999908447266,68.40971374511719,3368700
2022-11-10,74.77999877929688,75.11000061035156,73.79000091552734,74.97000122070312,69.8158950805664,3828200
2022-11-11,74.87000274658203,75.37999725341797,73.63999938964844,74.56999969482422,69.44341278076172,3160000
2022-11-14,74.9000015258789,76.11000061035156,74.55000305175781,74.56999969482422,69.44341278076172,3243300
2022-11-15,75.4800033569336,75.91999816894531,74.58000183105469,75.31999969482422,70.14183807373047,3495900
2022-11-16,75.69000244140625,76.56999969482422,75.6500015258789,76.01000213623047,70.78440856933594,2799000
2022-11-17,75.8499984741211,76.25,75.04000091552734,75.29000091552734,70.11390686035156,4618500
2022-11-18,76.06999969482422,76.68000030517578,75.72000122070312,76.45999908447266,71.2034683227539,4060900
2022-11-21,76.69999694824219,77.29000091552734,76.33999633789062,76.91999816894531,71.63185119628906,4228200
2022-11-22,77.22000122070312,77.38999938964844,76.08999633789062,76.37000274658203,71.1196517944336,4288800
2022-11-23,76.54000091552734,77.01000213623047,76.4800033569336,76.93000030517578,71.64116668701172,3861400
2022-11-25,77.12999725341797,77.2300033569336,76.66000366210938,76.7699966430664,71.49215698242188,1388800
2022-11-28,76.54000091552734,76.97000122070312,76.25,76.37999725341797,71.12895965576172,2511800
2022-11-29,75.95999908447266,76.37999725341797,75.63999938964844,75.97000122070312,70.74716186523438,2499800
2022-11-30,75.86000061035156,77.4800033569336,75.69999694824219,77.4800033569336,72.15335845947266,5816100
2022-12-01,77.7699966430664,78.44999694824219,77.68000030517578,77.75,72.40477752685547,3507100
2022-12-02,77.47000122070312,78.25,77.2699966430664,78.16999816894531,72.79591369628906,2797000
2022-12-05,77.4800033569336,77.7300033569336,76.95999908447266,77.12000274658203,71.818115234375,3160000
2022-12-06,77.22000122070312,77.66999816894531,76.69000244140625,77.20999908447266,71.90191650390625,3020100
2022-12-07,77.26000213623047,77.68000030517578,77.0,77.55000305175781,72.21853637695312,4032600
2022-12-08,77.37999725341797,78.16999816894531,77.05999755859375,78.13999938964844,72.76797485351562,2672300
2022-12-09,77.97000122070312,78.36000061035156,77.69999694824219,77.77999877929688,72.43270874023438,2516700
2022-12-12,77.98999786376953,78.70999908447266,77.62000274658203,78.61000061035156,73.20565795898438,4774600
2022-12-13,79.25,79.44999694824219,78.0199966430664,78.75,73.3360366821289,3760500
2022-12-14,78.94000244140625,79.83999633789062,78.56999969482422,79.33999633789062,73.8854751586914,3692000
2022-12-15,78.51000213623047,78.86000061035156,77.22000122070312,77.87999725341797,72.52584075927734,4021200
2022-12-16,77.47000122070312,78.12000274658203,77.25,77.76000213623047,72.41409301757812,9426200
2022-12-19,77.5999984741211,78.91999816894531,77.41999816894531,77.9800033569336,72.61898040771484,3440300
2022-12-20,77.9000015258789,78.06999969482422,77.12999725341797,77.69000244140625,72.34891510009766,2831900
2022-12-21,78.0199966430664,78.98999786376953,78.0,78.98999786376953,73.5595474243164,3025200
2022-12-22,78.98999786376953,79.30999755859375,78.22000122070312,79.27999877929688,73.82959747314453,2548400
2022-12-23,79.20999908447266,79.58000183105469,78.94000244140625,79.44999694824219,73.9879150390625,1488500
2022-12-27,79.55999755859375,80.2300033569336,79.26000213623047,79.94000244140625,74.4442367553711,3078600
2022-12-28,80.16999816894531,80.44000244140625,78.80999755859375,78.81999969482422,73.4012222290039,1918700
2022-12-29,79.29000091552734,79.66000366210938,78.95999908447266,79.37000274658203,73.91341400146484,1954200
2022-12-30,79.33000183105469,79.44999694824219,78.20999908447266,78.79000091552734,73.37328338623047,2238600
2023-01-03,78.79000091552734,79.16999816894531,77.72000122070312,79.12999725341797,73.68990325927734,2920200
2023-01-04,79.19999694824219,80.12999725341797,79.19000244140625,79.63999938964844,74.16484832763672,3976800
2023-01-05,79.5199966430664,79.80999755859375,78.44000244140625,78.54000091552734,73.1404800415039,2295600
2023-01-06,79.4000015258789,80.45999908447266,79.16999816894531,79.9800033569336,74.48148345947266,2274500
2023-01-09,79.95999908447266,80.4000015258789,78.55999755859375,78.7300033569336,73.31741333007812,2826000
2023-01-10,78.97000122070312,78.97000122070312,78.0199966430664,78.30999755859375,72.92628479003906,3397200
2023-01-11,78.44000244140625,78.72000122070312,76.69000244140625,77.12999725341797,71.82740020751953,9122200
2023-01-12,77.36000061035156,77.5999984741211,76.3499984741211,76.83999633789062,71.55733489990234,6059000
2023-01-13,76.69000244140625,78.0,76.56999969482422,77.8499984741211,72.49790954589844,3800100
2023-01-17,78.16000366210938,78.97000122070312,78.08000183105469,78.2300033569336,72.85179138183594,5615100
2023-01-18,77.98999786376953,78.33000183105469,76.30999755859375,76.31999969482422,71.0730972290039,3996300
2023-01-19,75.7699966430664,76.52999877929688,75.19000244140625,75.19999694824219,70.03009796142578,4436400
2023-01-20,74.75,75.54000091552734,74.02999877929688,75.44000244140625,70.69542694091797,11899800
2023-01-23,75.54000091552734,75.66999816894531,74.94000244140625,75.5,70.75166320800781,2463400
2023-01-24,75.38999938964844,75.98999786376953,74.5,75.94000244140625,71.16399383544922,4219100
2023-01-25,75.4800033569336,75.98999786376953,74.62999725341797,75.7699966430664,71.00469207763672,3142700
2023-01-26,75.62000274658203,75.80999755859375,75.12000274658203,75.52999877929688,70.77978515625,3744000
2023-01-27,72.8499984741211,73.04000091552734,70.94000244140625,71.58999633789062,67.08757781982422,13482900
2023-01-30,72.19999694824219,73.7300033569336,72.05000305175781,72.87999725341797,68.29644012451172,9191600
2023-01-31,73.37999725341797,74.54000091552734,73.26000213623047,74.52999877929688,69.84266662597656,5890100
2023-02-01,74.43000030517578,75.30000305175781,74.11000061035156,74.98999786376953,70.27375030517578,3722200
2023-02-02,74.18000030517578,74.19999694824219,73.30999755859375,73.7300033569336,69.0929946899414,5024700
2023-02-03,73.95999908447266,74.4000015258789,73.22000122070312,74.29000091552734,69.61776733398438,3861200
2023-02-06,74.19999694824219,74.41000366210938,73.27999877929688,73.8499984741211,69.20543670654297,4186900
2023-02-07,73.43000030517578,73.55000305175781,72.70999908447266,73.44999694824219,68.83061218261719,3755100
2023-02-08,73.12000274658203,73.68000030517578,72.80999755859375,73.36000061035156,68.74626159667969,3230100
2023-02-09,73.51000213623047,73.75,72.80999755859375,72.83000183105469,68.24958038330078,3740400
2023-02-10,72.93000030517578,73.7300033569336,72.7300033569336,73.55000305175781,68.92430877685547,3524300
2023-02-13,73.87000274658203,74.04000091552734,73.45999908447266,73.7699966430664,69.13047790527344,3664300
2023-02-14,73.91000366210938,73.91000366210938,72.9000015258789,73.18000030517578,68.57757568359375,2382500
2023-02-15,72.87000274658203,72.98999786376953,72.29000091552734,72.69999694824219,68.12776947021484,4399200
2023-02-16,72.31999969482422,72.97000122070312,71.73999786376953,72.7699966430664,68.193359375,4701800
2023-02-17,72.95999908447266,74.95999908447266,72.95999908447266,74.5199966430664,69.83329772949219,5019100
2023-02-21,73.9000015258789,74.7300033569336,73.9000015258789,74.26000213623047,69.58966064453125,4098100
2023-02-22,74.5,75.04000091552734,74.19000244140625,74.41000366210938,69.73023223876953,3645600
2023-02-23,74.41000366210938,74.7699966430664,72.91999816894531,73.66000366210938,69.02738952636719,3008600
2023-02-24,73.27999877929688,73.36000061035156,72.75,73.12999725341797,68.53070831298828,3115000
2023-02-27,73.41999816894531,74.13999938964844,73.22000122070312,73.5999984741211,68.97115325927734,3434600
2023-02-28,73.29000091552734,73.6500015258789,72.87000274658203,73.30000305175781,68.69002532958984,3614300
2023-03-01,73.3499984741211,73.3499984741211,71.81999969482422,72.55000305175781,67.98719787597656,2880800
2023-03-02,72.58999633789062,73.94999694824219,72.54000091552734,73.7699966430664,69.13047790527344,2916000
2023-03-03,74.0,74.08999633789062,73.25,73.94999694824219,69.29914855957031,2532600
2023-03-06,73.69999694824219,74.04000091552734,73.22000122070312,73.29000091552734,68.68065643310547,3001600
2023-03-07,73.25,73.37000274658203,71.05000305175781,71.5,67.00323486328125,6423000
2023-03-08,71.43000030517578,72.04000091552734,71.23999786376953,71.95999908447266,67.4343032836914,2942800
2023-03-09,72.33000183105469,72.52999877929688,70.91999816894531,71.33999633789062,66.85330200195312,4893200
2023-03-10,71.7300033569336,71.77999877929688,71.19000244140625,71.30999755859375,66.82518768310547,3694600
2023-03-13,71.3499984741211,73.12999725341797,71.3499984741211,71.5,67.00323486328125,5949900
2023-03-14,71.69999694824219,72.31999969482422,71.37999725341797,72.23999786376953,67.69670104980469,5098000
2023-03-15,71.55000305175781,73.05999755859375,71.55000305175781,72.93000030517578,68.34331512451172,5993500
2023-03-16,73.30999755859375,73.44999694824219,72.62000274658203,72.94999694824219,68.36204528808594,4256400
2023-03-17,73.05000305175781,73.05000305175781,71.83000183105469,72.19999694824219,67.6592025756836,9106100
2023-03-20,72.44000244140625,73.30000305175781,72.38999938964844,73.08000183105469,68.4838638305664,4557500
2023-03-21,73.0199966430664,73.26000213623047,71.97000122070312,72.37999725341797,67.82788848876953,4561200
2023-03-22,72.69999694824219,73.27999877929688,72.12000274658203,72.12999725341797,67.59361267089844,3180800
2023-03-23,72.0999984741211,72.70999908447266,71.77999877929688,71.83000183105469,67.31248474121094,3494500
2023-03-24,72.25,73.54000091552734,72.0999984741211,73.41999816894531,68.80248260498047,5013500
2023-03-27,73.81999969482422,74.47000122070312,73.69999694824219,74.1500015258789,69.48657989501953,4203900
2023-03-28,74.44999694824219,74.79000091552734,74.23999786376953,74.5,69.81455993652344,4241900
2023-03-29,75.0,75.1500015258789,74.38999938964844,74.47000122070312,69.78644561767578,2873200
2023-03-30,74.52999877929688,75.4000015258789,74.47000122070312,75.25,70.51740264892578,4181600
2023-03-31,75.61000061035156,75.86000061035156,75.05999755859375,75.1500015258789,70.4236831665039,5153600
2023-04-03,75.23999786376953,75.75,74.87000274658203,75.36000061035156,70.62046813964844,3188700
2023-04-04,75.55000305175781,75.9000015258789,74.69999694824219,74.7300033569336,70.03009796142578,3002600
2023-04-05,75.33000183105469,76.08999633789062,75.31999969482422,75.36000061035156,70.62046813964844,4949500
2023-04-06,75.58999633789062,76.06999969482422,75.01000213623047,75.68000030517578,70.92034149169922,3261800
2023-04-10,75.16999816894531,75.33000183105469,74.62000274658203,75.13999938964844,70.41431427001953,2735100
2023-04-11,75.58000183105469,76.20999908447266,75.30000305175781,76.0199966430664,71.23897552490234,7115700
2023-04-12,76.0199966430664,76.5999984741211,75.62000274658203,76.05000305175781,71.26708984375,4438400
2023-04-13,76.05000305175781,76.62999725341797,75.83000183105469,76.5199966430664,71.70751190185547,3315000
2023-04-14,76.12999725341797,76.26000213623047,75.3499984741211,75.58999633789062,70.83600616455078,3756800
2023-04-17,75.7699966430664,76.12999725341797,75.41999816894531,75.69999694824219,70.93907928466797,4727500
2023-04-18,75.72000122070312,75.98999786376953,75.16999816894531,75.54000091552734,70.78915405273438,3499300
2023-04-19,75.69999694824219,75.9000015258789,75.12999725341797,75.58999633789062,70.83600616455078,3629700
2023-04-20,75.3499984741211,76.45999908447266,75.2300033569336,76.36000061035156,72.014892578125,7763200
2023-04-21,77.18000030517578,77.5,76.7300033569336,76.80000305175781,72.42985534667969,11708600
2023-04-24,76.77999877929688,77.94000244140625,76.77999877929688,77.87999725341797,73.44837951660156,5350900
2023-04-25,78.04000091552734,78.55999755859375,77.51000213623047,77.69999694824219,73.27863311767578,6437500
2023-04-26,77.16000366210938,77.6500015258789,76.61000061035156,76.68000030517578,72.31668090820312,4592000
2023-04-27,76.98999786376953,77.97000122070312,76.77999877929688,77.93000030517578,73.49553680419922,5652600
2023-04-28,79.06999969482422,81.48999786376953,79.06999969482422,79.80000305175781,75.2591323852539,9633400
2023-05-01,79.83999633789062,81.02999877929688,79.37999725341797,80.69000244140625,76.0984878540039,6111100
2023-05-02,80.80000305175781,81.05999755859375,80.26000213623047,80.8499984741211,76.24938201904297,5963300
2023-05-03,80.80000305175781,81.83000183105469,80.62000274658203,81.26000213623047,76.63607025146484,6380000
2023-05-04,81.52999877929688,81.76000213623047,80.45999908447266,80.79000091552734,76.19280242919922,7441500
2023-05-05,80.5999984741211,81.0,80.33999633789062,80.58999633789062,76.00418090820312,5359300
2023-05-08,80.48999786376953,80.97000122070312,80.16999816894531,80.75,76.15508270263672,6564700
2023-05-09,81.0199966430664,81.19999694824219,80.55000305175781,80.63999938964844,76.05133819580078,3363500
2023-05-10,80.55000305175781,81.33000183105469,80.3499984741211,81.0999984741211,76.48516845703125,5094400
2023-05-11,81.37000274658203,81.66999816894531,80.91000366210938,81.62999725341797,76.9850082397461,3243300
2023-05-12,81.47000122070312,82.05000305175781,81.30999755859375,81.9800033569336,77.3150863647461,3483800
2023-05-15,81.88999938964844,82.08999633789062,80.81999969482422,81.08000183105469,76.46630096435547,4477100
2023-05-16,81.1500015258789,81.29000091552734,80.4000015258789,80.7699966430664,76.17393493652344,7159500
2023-05-17,80.73999786376953,81.06999969482422,80.13999938964844,80.51000213623047,75.9287338256836,3083000
2023-05-18,80.11000061035156,80.26000213623047,79.01000213623047,79.69000244140625,75.15540313720703,4043700
2023-05-19,79.87000274658203,80.04000091552734,79.37000274658203,79.93000030517578,75.38174438476562,3763300
2023-05-22,79.58000183105469,79.66000366210938,78.22000122070312,78.41000366210938,73.94822692871094,6066200
2023-05-23,78.29000091552734,78.31999969482422,77.04000091552734,77.04000091552734,72.65618133544922,5299300
2023-05-24,77.23999786376953,77.43000030517578,76.47000122070312,76.4800033569336,72.12805938720703,7584200
2023-05-25,76.25,76.62999725341797,75.54000091552734,76.25,71.91114044189453,6149900
2023-05-26,76.19999694824219,76.72000122070312,76.13999938964844,76.20999908447266,71.87342071533203,5750000
2023-05-30,75.4800033569336,75.87999725341797,74.66999816894531,74.94999694824219,70.68511199951172,4341300
2023-05-31,75.13999938964844,75.22000122070312,74.30000305175781,74.37999725341797,70.14754486083984,19133300
2023-06-01,74.91000366210938,75.2699966430664,74.63999938964844,74.9000015258789,70.63796997070312,4704100
2023-06-02,74.75,76.12000274658203,74.5999984741211,76.05000305175781,71.72251892089844,4755200
2023-06-05,75.81999969482422,77.01000213623047,75.81999969482422,76.25,71.91114044189453,4681300
2023-06-06,76.36000061035156,76.52999877929688,75.29000091552734,75.56999969482422,71.26982879638672,5154500
2023-06-07,75.22000122070312,75.43000030517578,74.43000030517578,75.19999694824219,70.92089080810547,3879600
2023-06-08,75.2699966430664,75.76000213623047,75.06999969482422,75.7300033569336,71.42073059082031,3218800
2023-06-09,75.45999908447266,76.05999755859375,75.33000183105469,75.83999633789062,71.52446746826172,3186700
2023-06-12,76.19000244140625,76.29000091552734,75.18000030517578,75.72000122070312,71.41130828857422,3374700
2023-06-13,75.29000091552734,75.51000213623047,75.04000091552734,75.23999786376953,70.95861053466797,4121200
2023-06-14,75.2300033569336,75.81999969482422,74.98999786376953,75.41999816894531,71.12837219238281,2979000
2023-06-15,75.8499984741211,76.81999969482422,75.5,76.80000305175781,72.42985534667969,3947600
2023-06-16,77.08999633789062,78.04000091552734,77.08999633789062,77.77999877929688,73.35408020019531,7368900
2023-06-20,77.94000244140625,78.52999877929688,77.61000061035156,77.62000274658203,73.20319366455078,5232000
2023-06-21,77.62999725341797,77.94000244140625,77.22000122070312,77.62000274658203,73.20319366455078,3618100
2023-06-22,78.02999877929688,78.18000030517578,77.44999694824219,78.0,73.56156158447266,3939100
2023-06-23,78.33000183105469,78.33000183105469,77.04000091552734,77.11000061035156,72.7221908569336,10964600
2023-06-26,76.6500015258789,76.91000366210938,75.61000061035156,76.63999938964844,72.27893829345703,4236600
2023-06-27,76.41000366210938,76.62000274658203,75.62000274658203,75.7300033569336,71.42073059082031,7488500
2023-06-28,75.33000183105469,75.94000244140625,74.6500015258789,75.91000366210938,71.59049224853516,5100300
2023-06-29,75.44999694824219,76.73999786376953,75.13999938964844,76.55999755859375,72.20349884033203,4419100
2023-06-30,76.72000122070312,77.41000366210938,76.56999969482422,77.04000091552734,72.65618133544922,4781800
2023-07-03,76.6500015258789,77.44000244140625,76.5199966430664,77.13999938964844,72.75048828125,2092200
2023-07-05,77.30000305175781,77.44000244140625,76.66000366210938,76.87000274658203,72.49585723876953,4796400
2023-07-06,76.4800033569336,77.08999633789062,76.27999877929688,76.91000366210938,72.53358459472656,3287700
2023-07-07,76.70999908447266,76.75,75.52999877929688,75.58999633789062,71.28870391845703,4420200
2023-07-10,75.79000091552734,76.51000213623047,75.58000183105469,75.88999938964844,71.57164001464844,3724900
2023-07-11,75.97000122070312,75.97000122070312,74.6500015258789,75.38999938964844,71.10006713867188,5199900
2023-07-12,75.45999908447266,75.7300033569336,75.01000213623047,75.16000366210938,70.88317108154297,5291500
2023-07-13,75.38999938964844,76.02999877929688,75.02999877929688,75.86000061035156,71.5433349609375,4346200
2023-07-14,75.81999969482422,76.62999725341797,75.54000091552734,76.44000244140625,72.09033966064453,2978000
2023-07-17,76.29000091552734,76.37999725341797,75.41999816894531,75.58000183105469,71.27926635742188,5938900
2023-07-18,75.81999969482422,76.95999908447266,75.66000366210938,75.83999633789062,71.52446746826172,3916200
2023-07-19,76.05000305175781,76.55999755859375,75.6500015258789,76.41999816894531,72.07146453857422,5717700
2023-07-20,75.94000244140625,77.16999816894531,75.43000030517578,77.0,73.07746887207031,4345900
2023-07-21,77.25,77.56999969482422,76.70999908447266,77.19000244140625,73.25779724121094,11117900
2023-07-24,77.12000274658203,77.61000061035156,76.77999877929688,77.4800033569336,73.53301239013672,3494500
2023-07-25,77.83000183105469,77.91999816894531,77.16999816894531,77.83999633789062,73.87467193603516,4787400
2023-07-26,77.75,78.36000061035156,77.19999694824219,77.95999908447266,73.98857116699219,4116700
2023-07-27,77.93000030517578,78.38999938964844,77.08999633789062,77.11000061035156,73.18185424804688,5637200
2023-07-28,75.19999694824219,75.73999786376953,73.75,75.62000274658203,71.76776123046875,10891400
2023-07-31,75.66000366210938,76.51000213623047,75.41999816894531,76.26000213623047,72.37516021728516,8106100
2023-08-01,76.12000274658203,77.0999984741211,76.12000274658203,76.63999938964844,72.73580169677734,4721400
2023-08-02,76.63999938964844,77.8499984741211,76.51000213623047,77.54000091552734,73.58995056152344,4275700
2023-08-03,77.31999969482422,77.37000274658203,76.22000122070312,76.58000183105469,72.67887878417969,4935300
2023-08-04,76.44999694824219,77.16000366210938,76.20999908447266,76.26000213623047,72.37516021728516,4574900
2023-08-07,76.45999908447266,77.19000244140625,76.45999908447266,76.9000015258789,72.98255920410156,2469400
2023-08-08,77.0199966430664,77.12999725341797,76.18000030517578,76.33000183105469,72.44159698486328,3796200
2023-08-09,76.37999725341797,77.01000213623047,76.29000091552734,76.48999786376953,72.59343719482422,3314900
2023-08-10,76.66000366210938,77.19000244140625,76.12000274658203,76.27999877929688,72.3941421508789,2552400
2023-08-11,76.45999908447266,76.91999816894531,76.26000213623047,76.9000015258789,72.98255920410156,2742300
2023-08-14,77.0999984741211,77.16000366210938,75.58000183105469,75.72000122070312,71.86267852783203,4249000
2023-08-15,75.47000122070312,75.58000183105469,74.43000030517578,74.63999938964844,70.83768463134766,4476300
2023-08-16,74.7699966430664,74.97000122070312,74.20999908447266,74.41999816894531,70.62889862060547,3639900
2023-08-17,74.44000244140625,74.86000061035156,73.94999694824219,74.0,70.23029327392578,2873100
2023-08-18,73.62000274658203,74.66999816894531,73.52999877929688,74.55000305175781,70.75227355957031,3681500
2023-08-21,74.30000305175781,74.37999725341797,73.51000213623047,73.80000305175781,70.04047393798828,3157300
2023-08-22,73.58999633789062,73.79000091552734,73.12999725341797,73.51000213623047,69.76525115966797,3096500
2023-08-23,73.86000061035156,74.16999816894531,73.12999725341797,73.51000213623047,69.76525115966797,2615300
2023-08-24,73.55000305175781,74.30999755859375,73.30000305175781,73.31999969482422,69.58494567871094,3692900
2023-08-25,73.4800033569336,74.11000061035156,73.25,73.83000183105469,70.06895446777344,2663300
2023-08-28,73.94000244140625,74.01000213623047,73.18000030517578,73.63999938964844,69.88862609863281,2871100
2023-08-29,73.51000213623047,73.66999816894531,72.44999694824219,73.47000122070312,69.72728729248047,3566500
2023-08-30,73.62000274658203,74.02999877929688,73.45999908447266,73.8499984741211,70.08792877197266,2415500
2023-08-31,74.0,74.11000061035156,73.41999816894531,73.47000122070312,69.72728729248047,5205300
2023-09-01,73.94999694824219,73.97000122070312,73.0,73.2699966430664,69.53748321533203,2412800
2023-09-05,73.0,73.66000366210938,72.7300033569336,72.77999877929688,69.07243347167969,2976200
2023-09-06,72.72000122070312,72.83999633789062,72.27999877929688,72.31999969482422,68.63587951660156,2869100
2023-09-07,72.6500015258789,74.18000030517578,72.63999938964844,73.55999755859375,69.81270599365234,5704300
2023-09-08,73.56999969482422,73.80000305175781,73.08999633789062,73.19999694824219,69.47103881835938,3804500
2023-09-11,73.19999694824219,74.12999725341797,73.19000244140625,73.94999694824219,70.18283081054688,3286600
2023-09-12,73.98999786376953,73.98999786376953,72.48999786376953,72.5199966430664,68.82567596435547,3639400
2023-09-13,72.93000030517578,73.22000122070312,72.47000122070312,72.83000183105469,69.11990356445312,3111800
2023-09-14,72.88999938964844,73.47000122070312,72.56999969482422,73.45999908447266,69.71780395507812,3409500
2023-09-15,73.29000091552734,73.79000091552734,72.91999816894531,73.16999816894531,69.44258117675781,5597100
2023-09-18,73.4000015258789,74.11000061035156,72.8499984741211,73.8499984741211,70.08792877197266,4042700
2023-09-19,73.66000366210938,73.69000244140625,72.5999984741211,73.22000122070312,69.49004364013672,3016000
2023-09-20,73.47000122070312,73.94999694824219,73.02999877929688,73.76000213623047,70.00253295898438,4212100
2023-09-21,73.8499984741211,73.9800033569336,73.19999694824219,73.22000122070312,69.49004364013672,3315200
2023-09-22,73.31999969482422,73.68000030517578,72.33999633789062,72.44999694824219,68.75926208496094,4242600
2023-09-25,72.25,72.66999816894531,71.86000061035156,72.22000122070312,68.54096984863281,3296400
2023-09-26,71.9800033569336,72.41999816894531,71.91000366210938,72.0,68.33216857910156,3789400
2023-09-27,71.93000030517578,72.22000122070312,70.81999969482422,71.05000305175781,67.4305648803711,3572800
2023-09-28,71.29000091552734,71.52999877929688,70.87000274658203,71.30999755859375,67.67731475830078,3364000
2023-09-29,71.79000091552734,71.79000091552734,70.72000122070312,71.11000061035156,67.48751831054688,3226300
2023-10-02,70.91000366210938,70.9800033569336,70.25,70.76000213623047,67.15534973144531,2634400
2023-10-03,70.83999633789062,71.13999938964844,70.36000061035156,70.47000122070312,66.88013458251953,3174300
2023-10-04,70.54000091552734,70.93000030517578,70.0,70.55999755859375,66.96552276611328,2777200
2023-10-05,70.12000274658203,70.2699966430664,69.16000366210938,69.2699966430664,65.74124908447266,3565300
2023-10-06,69.01000213623047,69.56999969482422,67.62000274658203,69.43000030517578,65.89309692382812,6481000
2023-10-09,69.19999694824219,69.55000305175781,68.44000244140625,69.30999755859375,65.77921295166016,3983500
2023-10-10,69.58999633789062,70.05999755859375,69.2699966430664,69.48999786376953,65.95004272460938,4737800
2023-10-11,69.61000061035156,70.04000091552734,68.55000305175781,68.87000274658203,65.36162567138672,3310200
2023-10-12,68.8499984741211,70.16000366210938,68.54000091552734,69.69999694824219,66.14933776855469,7153500
2023-10-13,69.87000274658203,71.02999877929688,69.80000305175781,70.94999694824219,67.3356704711914,3898000
2023-10-16,71.62000274658203,72.26000213623047,71.06999969482422,72.1500015258789,68.47453308105469,6437400
2023-10-17,72.05999755859375,72.29000091552734,71.22000122070312,72.08000183105469,68.40811157226562,10084500
2023-10-18,72.44999694824219,73.43000030517578,72.29000091552734,73.06999969482422,69.3476791381836,6058300
2023-10-19,73.25,73.72000122070312,72.55999755859375,73.19000244140625,69.4615707397461,8005100
2023-10-20,73.18000030517578,73.61000061035156,72.91000366210938,73.2699966430664,69.99653625488281,6560000
2023-10-23,73.0,73.12999725341797,71.87000274658203,71.95999908447266,68.74506378173828,4517600
2023-10-24,72.11000061035156,72.91999816894531,72.08999633789062,72.83999633789062,69.58574676513672,4163300
2023-10-25,72.83000183105469,73.45999908447266,72.58000183105469,73.41000366210938,70.13027954101562,5355300
2023-10-26,73.29000091552734,73.94000244140625,72.88999938964844,73.08000183105469,69.81502532958984,6871000
2023-10-27,73.30999755859375,74.55000305175781,71.47000122070312,71.79000091552734,68.5826644897461,12666500
2023-10-30,72.7699966430664,74.19999694824219,72.36000061035156,73.87999725341797,70.57928466796875,6534000
2023-10-31,74.22000122070312,75.27999877929688,73.97000122070312,75.12000274658203,71.7638931274414,7591100
2023-11-01,75.1500015258789,75.30000305175781,74.4000015258789,74.93000030517578,71.58238983154297,4757700
2023-11-02,74.70999908447266,75.05000305175781,74.22000122070312,74.80000305175781,71.45819091796875,5624700
2023-11-03,74.87999725341797,75.3499984741211,74.56999969482422,74.81999969482422,71.47727966308594,4362500
2023-11-06,74.86000061035156,75.44000244140625,74.72000122070312,75.20999908447266,71.84986877441406,4288100
2023-11-07,75.08000183105469,75.55999755859375,74.76000213623047,75.2300033569336,71.86897277832031,3275000
2023-11-08,75.19000244140625,75.68000030517578,74.87000274658203,75.23999786376953,71.87852478027344,3113100
2023-11-09,75.44999694824219,75.55999755859375,74.80000305175781,75.13999938964844,71.78299713134766,2631900
2023-11-10,75.30999755859375,75.5999984741211,74.66999816894531,75.43000030517578,72.06004333496094,3667800
2023-11-13,75.80000305175781,76.26000213623047,75.72000122070312,75.94999694824219,72.55680084228516,2805500
2023-11-14,75.80000305175781,76.8499984741211,75.70999908447266,76.66000366210938,73.23509216308594,2919900
2023-11-15,76.55000305175781,77.05000305175781,75.37000274658203,75.47000122070312,72.09825134277344,4810900
2023-11-16,75.56999969482422,76.44999694824219,75.55999755859375,75.9800033569336,72.58546447753906,4432800
2023-11-17,76.0,76.16000366210938,75.5,75.58000183105469,72.2033462524414,3231700
2023-11-20,75.27999877929688,75.75,75.16999816894531,75.47000122070312,72.09825134277344,3150200
2023-11-21,75.6500015258789,76.58999633789062,75.38999938964844,76.56999969482422,73.14909362792969,3669500
2023-11-22,76.9000015258789,77.5,76.86000061035156,77.27999877929688,73.82738494873047,3217300
2023-11-24,77.4800033569336,77.4800033569336,77.0199966430664,77.30999755859375,73.85604858398438,1150400
2023-11-27,77.37999725341797,77.45999908447266,77.01000213623047,77.11000061035156,73.66497039794922,3706600
2023-11-28,77.30000305175781,78.0,77.08000183105469,77.87000274658203,74.39102172851562,3471200
2023-11-29,77.83999633789062,78.05999755859375,77.47000122070312,77.87999725341797,74.40058135986328,4010200
2023-11-30,77.87999725341797,79.0199966430664,77.47000122070312,78.7699966430664,75.25082397460938,7148500
2023-12-01,78.86000061035156,78.98999786376953,78.3499984741211,78.69999694824219,75.18395233154297,3488400
2023-12-04,78.5,79.19000244140625,78.5,78.9800033569336,75.4514389038086,4154400
2023-12-05,79.0,79.02999877929688,77.54000091552734,77.68000030517578,74.20952606201172,4075300
2023-12-06,77.6500015258789,77.8499984741211,77.12999725341797,77.47000122070312,74.00890350341797,3595400
2023-12-07,77.62000274658203,77.9800033569336,77.16999816894531,77.62000274658203,74.1521987915039,3107200
2023-12-08,77.55999755859375,77.55999755859375,76.69000244140625,77.16999816894531,73.72229766845703,4317800
2023-12-11,77.3499984741211,77.87999725341797,77.26000213623047,77.63999938964844,74.17129516601562,3958200
2023-12-12,77.81999969482422,78.5999984741211,77.52999877929688,78.58999633789062,75.07886505126953,3798500
2023-12-13,78.41999816894531,79.44000244140625,78.04000091552734,79.38999938964844,75.8431167602539,4000100
2023-12-14,78.29000091552734,78.77999877929688,76.19999694824219,76.2699966430664,72.86250305175781,8434000
2023-12-15,75.86000061035156,77.01000213623047,75.5,76.9800033569336,73.5407943725586,10225600
2023-12-18,77.52999877929688,78.30000305175781,77.36000061035156,78.05999755859375,74.5725326538086,4212400
2023-12-19,78.01000213623047,78.55999755859375,77.83000183105469,78.12999725341797,74.63939666748047,3370700
2023-12-20,77.73999786376953,78.33000183105469,77.33999633789062,77.3499984741211,73.89425659179688,5326800
2023-12-21,77.63999938964844,77.97000122070312,76.95999908447266,77.91000366210938,74.42923736572266,5267000
2023-12-22,78.13999938964844,78.72000122070312,77.9800033569336,78.5,74.99288177490234,4042400
2023-12-26,78.47000122070312,79.3499984741211,78.30000305175781,79.04000091552734,75.50875854492188,3572700
2023-12-27,78.69000244140625,79.23999786376953,78.52999877929688,79.0999984741211,75.56607818603516,3268700
2023-12-28,79.44000244140625,79.48999786376953,78.91999816894531,79.23999786376953,75.69982147216797,2317100
2023-12-29,79.12000274658203,79.77999877929688,79.0999984741211,79.70999908447266,76.14881134033203,2463300
2024-01-02,79.62999725341797,80.7300033569336,79.38999938964844,80.72000122070312,77.11369323730469,6099500
2024-01-03,80.95999908447266,81.30000305175781,79.81999969482422,79.88999938964844,76.32078552246094,4959600
2024-01-04,79.88999938964844,80.58999633789062,79.76000213623047,80.33999633789062,76.75067901611328,4441900
2024-01-05,80.43000030517578,80.5199966430664,79.5199966430664,79.9800033569336,76.40676879882812,2825100
2024-01-08,80.12000274658203,80.44000244140625,79.7699966430664,80.4000015258789,76.80799865722656,3703300
2024-01-09,80.30000305175781,80.86000061035156,79.9800033569336,80.81999969482422,77.209228515625,3714500
2024-01-10,80.87000274658203,81.19999694824219,80.20999908447266,80.55000305175781,76.9512939453125,4491000
2024-01-11,80.5199966430664,80.63999938964844,79.91000366210938,80.55999755859375,76.96084594726562,5186500
2024-01-12,81.08999633789062,81.25,80.6500015258789,80.91000366210938,77.29521942138672,5562200
2024-01-16,81.0,81.13999938964844,80.01000213623047,80.43000030517578,76.83665466308594,4252000
2024-01-17,80.0999984741211,81.19000244140625,79.77999877929688,80.95999908447266,77.34297180175781,5357800
2024-01-18,80.43000030517578,80.87000274658203,80.05000305175781,80.83000183105469,77.21878814697266,4027100
2024-01-19,80.2300033569336,80.58999633789062,80.04000091552734,80.37999725341797,77.24761962890625,5147500
2024-01-22,80.33000183105469,80.55000305175781,79.69000244140625,80.41999816894531,77.28605651855469,6237700
2024-01-23,81.11000061035156,81.81999969482422,80.80999755859375,81.41000366210938,78.23748779296875,7078300
2024-01-24,80.87000274658203,81.0199966430664,80.05000305175781,80.08000183105469,76.95932006835938,5880900
2024-01-25,80.23999786376953,81.44000244140625,80.02999877929688,81.22000122070312,78.05488586425781,7526400
2024-01-26,81.5199966430664,83.62000274658203,81.08000183105469,82.83000183105469,79.60214233398438,8668700
2024-01-29,83.30000305175781,84.0,83.0999984741211,83.95999908447266,80.68809509277344,6426000
2024-01-30,84.0,84.58999633789062,83.51000213623047,84.2300033569336,80.94758605957031,5659900
2024-01-31,84.38999938964844,84.94999694824219,83.91000366210938,84.19999694824219,80.91874694824219,6330600
2024-02-01,84.01000213623047,86.13999938964844,83.72000122070312,86.12000274658203,82.76393127441406,6904600
2024-02-02,85.0999984741211,86.08000183105469,84.0999984741211,84.62000274658203,81.3223876953125,6441000
2024-02-05,84.41000366210938,85.11000061035156,83.73999786376953,84.08999633789062,80.81303405761719,6627300
2024-02-06,84.05999755859375,84.22000122070312,83.37999725341797,83.73999786376953,80.47667694091797,6564400
2024-02-07,84.08999633789062,84.29000091552734,83.5999984741211,83.86000061035156,80.59201049804688,5530400
2024-02-08,83.79000091552734,84.30000305175781,83.48999786376953,84.26000213623047,80.9764175415039,4819100
2024-02-09,84.26000213623047,84.2699966430664,83.16999816894531,83.45999908447266,80.20759582519531,4533000
2024-02-12,83.30999755859375,83.7699966430664,82.68000030517578,83.55999755859375,80.3036880493164,4746500
2024-02-13,83.80000305175781,84.25,82.7699966430664,83.47000122070312,80.21720123291016,4469900
2024-02-14,83.26000213623047,83.80999755859375,82.83000183105469,83.70999908447266,80.44784545898438,6611200
2024-02-15,84.44999694824219,84.72000122070312,83.19999694824219,83.56999969482422,80.31330108642578,5268900
2024-02-16,83.73999786376953,84.23999786376953,83.29000091552734,83.4800033569336,80.22682189941406,4805600
2024-02-20,83.94999694824219,85.12999725341797,83.69999694824219,84.61000061035156,81.3127670288086,5404600
2024-02-21,84.98999786376953,85.5999984741211,84.91999816894531,85.30999755859375,81.98548889160156,3369000
2024-02-22,84.91000366210938,86.0,84.44999694824219,86.0,82.64860534667969,4114700
2024-02-23,86.0,86.83000183105469,85.63999938964844,86.25,82.88886260986328,3161500
2024-02-26,86.3499984741211,86.68000030517578,86.0999984741211,86.1500015258789,82.79277038574219,2831700
2024-02-27,85.80999755859375,86.51000213623047,85.66999816894531,86.41000366210938,83.04263305664062,2638800
2024-02-28,86.44999694824219,86.86000061035156,86.08000183105469,86.80999755859375,83.42704010009766,2936800
2024-02-29,86.87999725341797,86.97000122070312,85.91999816894531,86.5199966430664,83.1483383178711,7900500
2024-03-01,86.37000274658203,86.55999755859375,85.75,86.48999786376953,83.11951446533203,2402000
2024-03-04,86.12999725341797,87.25,85.94999694824219,86.83000183105469,83.44625854492188,3968300
2024-03-05,87.19999694824219,87.2699966430664,86.20999908447266,86.7300033569336,83.35017395019531,3719400
2024-03-06,86.75,87.36000061035156,86.58999633789062,87.18000030517578,83.7826156616211,3522700
2024-03-07,87.41000366210938,88.16000366210938,87.02999877929688,88.13999938964844,84.7052230834961,3215800
2024-03-08,87.87000274658203,88.5,87.54000091552734,88.06999969482422,84.63794708251953,2929400
2024-03-11,88.02999877929688,88.62000274658203,87.41000366210938,88.12999725341797,84.69558715820312,3423400
2024-03-12,88.1500015258789,89.19000244140625,88.01000213623047,88.76000213623047,85.30105590820312,4251800
2024-03-13,88.91999816894531,89.36000061035156,88.52999877929688,89.19999694824219,85.72388458251953,3193100
2024-03-14,88.86000061035156,89.05000305175781,88.08999633789062,88.3499984741211,84.90702056884766,4895500
2024-03-15,87.45999908447266,88.77999877929688,87.45999908447266,88.44999694824219,85.00313568115234,6631000
2024-03-18,88.25,88.9800033569336,88.08999633789062,88.2699966430664,84.83013916015625,3430700
2024-03-19,88.5,88.77999877929688,88.0999984741211,88.7699966430664,85.31065368652344,3265000
2024-03-20,88.37999725341797,88.81999969482422,88.23999786376953,88.3499984741211,84.90702056884766,3366600
2024-03-21,88.3499984741211,89.11000061035156,87.91999816894531,88.7699966430664,85.31065368652344,3416200
2024-03-22,88.9800033569336,89.30999755859375,88.83000183105469,89.19999694824219,85.72388458251953,3563000
2024-03-25,89.23999786376953,89.41999816894531,88.31999969482422,88.63999938964844,85.18572235107422,3178500
2024-03-26,88.7300033569336,89.16999816894531,88.58999633789062,88.9000015258789,85.43559265136719,3287700
2024-03-27,89.5999984741211,90.2699966430664,89.33000183105469,89.94999694824219,86.44467163085938,4078600
2024-03-28,90.19999694824219,90.37000274658203,89.9000015258789,90.05000305175781,86.540771484375,3459700
2024-04-01,89.81999969482422,89.81999969482422,88.7699966430664,89.05999755859375,85.58935546875,3070200
2024-04-02,88.7699966430664,89.25,88.66999816894531,89.05999755859375,85.58935546875,3307300
2024-04-03,89.0,89.11000061035156,87.80000305175781,88.0999984741211,84.66676330566406,4429200
2024-04-04,88.5199966430664,88.62999725341797,87.27999877929688,87.4000015258789,83.99405670166016,3155400
2024-04-05,87.7300033569336,88.12000274658203,87.1500015258789,87.87999725341797,84.45533752441406,3479600
2024-04-08,87.66999816894531,88.0,87.5199966430664,87.72000122070312,84.30158233642578,3086900
2024-04-09,88.2699966430664,88.33000183105469,87.20999908447266,87.6500015258789,84.23430633544922,3176300
2024-04-10,87.33000183105469,87.58000183105469,86.37000274658203,86.55999755859375,83.18677520751953,4750300
2024-04-11,86.9800033569336,86.9800033569336,85.93000030517578,86.0,82.64860534667969,3908300
2024-04-12,85.7300033569336,86.25,85.68000030517578,85.8499984741211,82.50445556640625,5907600
2024-04-15,86.47000122070312,86.88999938964844,86.0999984741211,86.16999816894531,82.81197357177734,4716200
2024-04-16,86.55999755859375,86.7300033569336,86.12000274658203,86.16999816894531,82.81197357177734,3220400
2024-04-17,86.5,86.83000183105469,85.91999816894531,86.75,83.369384765625,3886200
2024-04-18,87.0,87.30999755859375,86.4000015258789,86.70999908447266,83.33094024658203,4880800
2024-04-19,86.0999984741211,87.26000213623047,85.91000366210938,87.12999725341797,84.22021484375,6005100
2024-04-22,87.4000015258789,88.7300033569336,87.23999786376953,88.33000183105469,85.38013458251953,3954100
2024-04-23,89.16999816894531,89.30000305175781,88.38999938964844,88.58000183105469,85.62179565429688,4014800
2024-04-24,88.2300033569336,89.18000030517578,87.37000274658203,88.87000274658203,85.902099609375,4066500
2024-04-25,89.0,89.5,88.83999633789062,89.29000091552734,86.3080825805664,6363600
2024-04-26,91.0,92.25,89.19000244140625,91.01000213623047,87.97063446044922,7541500
2024-04-29,91.0,91.25,89.95999908447266,90.48999786376953,87.4679946899414,4472100
2024-04-30,90.94999694824219,92.08999633789062,90.79000091552734,91.91999816894531,88.8502426147461,5286700
2024-05-01,91.5,92.54000091552734,90.83000183105469,91.9000015258789,88.83091735839844,5219900
2024-05-02,91.83999633789062,93.25,91.36000061035156,92.91000366210938,89.80719757080078,9506000
2024-05-03,92.93000030517578,93.05000305175781,91.30999755859375,92.87999725341797,89.77818298339844,5432700
2024-05-06,93.22000122070312,93.30000305175781,92.44999694824219,93.18000030517578,90.06816864013672,3181900
2024-05-07,93.58000183105469,94.20999908447266,93.1500015258789,94.08000183105469,90.9381103515625,4008300
2024-05-08,94.2699966430664,94.4000015258789,93.44000244140625,93.47000122070312,90.34848022460938,7252100
2024-05-09,93.75,94.31999969482422,93.51000213623047,94.08000183105469,90.9381103515625,4639600
2024-05-10,94.31999969482422,95.26000213623047,94.05999755859375,95.0999984741211,91.92404174804688,3007600
2024-05-13,95.02999877929688,95.58999633789062,94.25,94.45999908447266,91.305419921875,3229300
2024-05-14,94.41000366210938,94.72000122070312,93.75,94.56999969482422,91.4117431640625,3971500
2024-05-15,94.29000091552734,94.76000213623047,94.20999908447266,94.52999877929688,91.37307739257812,2536100
2024-05-16,94.6500015258789,94.80999755859375,94.11000061035156,94.52999877929688,91.37307739257812,3240600
2024-05-17,94.54000091552734,94.54000091552734,93.75,94.12999725341797,90.98644256591797,4135200
2024-05-20,94.12999725341797,94.54000091552734,93.80999755859375,94.38999938964844,91.23776245117188,3900100
2024-05-21,94.83000183105469,95.2300033569336,94.43000030517578,95.16999816894531,91.99170684814453,4998200
2024-05-22,94.87000274658203,95.08000183105469,94.51000213623047,94.76000213623047,91.59540557861328,3849900
2024-05-23,94.5199966430664,95.01000213623047,93.6500015258789,93.7300033569336,90.59980010986328,3948900
2024-05-24,93.83999633789062,94.12999725341797,93.20999908447266,93.30000305175781,90.18416595458984,2554800
2024-05-28,92.87000274658203,93.58999633789062,91.7300033569336,91.94000244140625,88.86958312988281,4276900
2024-05-29,91.72000122070312,91.91000366210938,91.2300033569336,91.29000091552734,88.24128723144531,3115000
2024-05-30,91.2699966430664,91.4800033569336,90.7699966430664,90.93000030517578,87.893310546875,3148000
2024-05-31,90.93000030517578,93.04000091552734,90.7699966430664,92.95999908447266,89.85551452636719,6648000
2024-06-03,92.44999694824219,93.26000213623047,91.77999877929688,92.47000122070312,89.38187408447266,3197900
2024-06-04,92.69999694824219,94.0199966430664,92.4800033569336,93.80999755859375,90.6771240234375,3599100
2024-06-05,93.66999816894531,93.95999908447266,93.16000366210938,93.66000366210938,90.53214263916016,2636800
2024-06-06,93.80999755859375,94.56999969482422,93.56999969482422,93.9800033569336,90.84144592285156,4217400
2024-06-07,94.08999633789062,94.56999969482422,93.79000091552734,93.88999938964844,90.75445556640625,2596200
2024-06-10,93.66999816894531,94.01000213623047,93.12000274658203,93.9000015258789,90.76412963867188,2542900
2024-06-11,93.75,93.9800033569336,92.94000244140625,93.95999908447266,90.82210540771484,3553600
2024-06-12,93.88999938964844,93.94000244140625,92.86000061035156,93.2300033569336,90.11650085449219,3812900
2024-06-13,93.66000366210938,94.9000015258789,93.37999725341797,94.76000213623047,91.59540557861328,4051700
2024-06-14,94.5,94.72000122070312,93.83000183105469,94.62000274658203,91.4600830078125,2722800
2024-06-17,94.52999877929688,96.08000183105469,94.08999633789062,95.94999694824219,92.74566650390625,3445400
2024-06-18,95.72000122070312,97.08000183105469,95.68000030517578,97.01000213623047,93.77025604248047,3722000
2024-06-20,96.79000091552734,97.41000366210938,96.25,96.94999694824219,93.7122573852539,4381700
2024-06-21,96.98999786376953,97.66999816894531,96.73999786376953,97.2699966430664,94.0215835571289,6378200
2024-06-24,98.0,99.05999755859375,97.29000091552734,98.98999786376953,95.68412780761719,4444000
2024-06-25,99.0,99.08000183105469,98.31999969482422,98.69999694824219,95.40381622314453,6376800
2024-06-26,98.06999969482422,98.48999786376953,97.87000274658203,98.2300033569336,94.94951629638672,3443900
2024-06-27,98.22000122070312,98.52999877929688,97.76000213623047,98.16999816894531,94.89151763916016,3616400
2024-06-28,98.19999694824219,98.47000122070312,96.77999877929688,97.04000091552734,93.79925537109375,11036200
2024-07-01,97.44000244140625,97.69999694824219,95.41999816894531,95.54000091552734,92.34934997558594,4205200
2024-07-02,95.5,96.25,95.0199966430664,96.12000274658203,92.90998077392578,4205800
2024-07-03,95.7300033569336,96.22000122070312,95.5199966430664,95.88999938964844,92.68766784667969,2114700
2024-07-05,96.0,97.20999908447266,95.88999938964844,97.05000305175781,93.80892944335938,2844900
2024-07-08,97.2300033569336,97.94000244140625,97.12000274658203,97.58000183105469,94.32122802734375,2857300
2024-07-09,97.52999877929688,97.63999938964844,96.48999786376953,97.04000091552734,93.79925537109375,3390800
2024-07-10,97.16000366210938,97.62000274658203,96.8499984741211,97.38999938964844,94.1375732421875,2740600
2024-07-11,97.3499984741211,97.97000122070312,97.22000122070312,97.76000213623047,94.4952163696289,3719900
2024-07-12,98.0,98.63999938964844,97.87999725341797,98.06999969482422,94.79486083984375,2564800
2024-07-15,98.08999633789062,98.30000305175781,97.20999908447266,97.25,94.00224304199219,3093600
2024-07-16,97.38999938964844,97.94999694824219,97.02999877929688,97.4000015258789,94.1472396850586,2859800
2024-07-17,97.95999908447266,99.62999725341797,97.73999786376953,99.38999938964844,96.07077026367188,4117500
2024-07-18,99.22000122070312,99.62000274658203,98.37999725341797,98.51000213623047,95.22016906738281,3286400
2024-07-19,99.02999877929688,99.06999969482422,97.6500015258789,98.08000183105469,95.28816986083984,4229200
2024-07-22,98.12999725341797,98.13999938964844,97.30999755859375,97.94999694824219,95.16187286376953,3265100
2024-07-23,98.1500015258789,98.18000030517578,96.36000061035156,96.55000305175781,93.80172729492188,4202100
2024-07-24,95.41999816894531,97.08000183105469,95.41999816894531,96.5999984741211,93.85029602050781,4880300
2024-07-25,97.08999633789062,98.30999755859375,96.37000274658203,96.48999786376953,93.7434310913086,4633900
2024-07-26,99.0,100.61000061035156,98.31999969482422,99.38999938964844,96.56088256835938,7137400
2024-07-29,100.80000305175781,101.41999816894531,99.7699966430664,100.87999725341797,98.00846862792969,5398100
2024-07-30,98.94999694824219,100.75,98.44000244140625,100.48999786376953,97.62957000732422,5236100
2024-07-31,100.48999786376953,100.76000213623047,98.44999694824219,99.19000244140625,96.36659240722656,6410200
2024-08-01,99.55000305175781,101.12999725341797,98.7300033569336,100.93000030517578,98.05705261230469,4921300
2024-08-02,102.0,103.3499984741211,100.68000030517578,102.80999755859375,99.88353729248047,5088900
2024-08-05,102.98999786376953,104.1500015258789,99.94999694824219,100.97000122070312,98.09590911865234,5930000
2024-08-06,101.29000091552734,103.5999984741211,101.1500015258789,102.66000366210938,99.73780822753906,5267200
2024-08-07,102.73999786376953,104.02999877929688,102.23999786376953,102.43000030517578,99.51435852050781,4075800
2024-08-08,101.61000061035156,103.11000061035156,101.26000213623047,102.70999908447266,99.78638458251953,3215400
2024-08-09,102.47000122070312,102.7300033569336,101.33000183105469,102.06999969482422,99.16459655761719,3646700
2024-08-12,101.8499984741211,101.93000030517578,100.58999633789062,101.27999877929688,98.39708709716797,3660100
2024-08-13,101.48999786376953,101.58999633789062,99.87000274658203,100.58999633789062,97.72672271728516,4655900
2024-08-14,100.18000030517578,102.41999816894531,99.75,102.18000030517578,99.27147674560547,3149400
2024-08-15,102.4800033569336,102.95999908447266,101.16000366210938,101.44000244140625,98.55253601074219,3303400
2024-08-16,101.66000366210938,102.08000183105469,101.2300033569336,101.98999786376953,99.08688354492188,3172700
2024-08-19,102.05000305175781,102.30999755859375,101.58000183105469,101.8499984741211,98.95086669921875,2976500
2024-08-20,102.0,103.0999984741211,101.72000122070312,103.05999755859375,100.12641906738281,2691700
2024-08-21,103.11000061035156,103.6500015258789,102.6500015258789,103.47000122070312,100.5247573852539,3029300
2024-08-22,103.8499984741211,104.05000305175781,103.4800033569336,103.94999694824219,100.99107360839844,2803500
2024-08-23,104.30000305175781,104.33999633789062,103.11000061035156,104.20999908447266,101.24368286132812,3212500
2024-08-26,104.06999969482422,105.2300033569336,104.05000305175781,105.08999633789062,102.0986328125,2430100
2024-08-27,105.30999755859375,106.04000091552734,104.62000274658203,105.91999816894531,102.9050064086914,3139400
2024-08-28,106.41000366210938,106.72000122070312,105.2300033569336,105.79000091552734,102.77871704101562,3217000
2024-08-29,105.80000305175781,106.0999984741211,105.27999877929688,105.80999755859375,102.79814910888672,2580800
2024-08-30,105.8499984741211,106.69999694824219,105.66999816894531,106.5,103.46849822998047,5033800
2024-09-03,106.5,107.94999694824219,106.3499984741211,107.77999877929688,104.71207427978516,4230000
2024-09-04,108.16000366210938,108.9800033569336,107.80999755859375,108.7699966430664,105.67388916015625,4447000
2024-09-05,109.0,109.30000305175781,108.13999938964844,108.52999877929688,105.44071960449219,4489800
2024-09-06,108.56999969482422,109.04000091552734,107.77999877929688,107.86000061035156,104.78978729248047,3937400
2024-09-09,107.36000061035156,107.81999969482422,106.5,107.11000061035156,104.0611343383789,4561500
2024-09-10,107.0,107.76000213623047,106.58999633789062,106.83999633789062,103.79882049560547,4201100
2024-09-11,106.37000274658203,106.43000030517578,104.83000183105469,106.12999725341797,103.10902404785156,4991500
2024-09-12,105.9000015258789,106.44000244140625,105.25,106.33999633789062,103.31304931640625,2963100
2024-09-13,105.66000366210938,106.26000213623047,105.11000061035156,105.7300033569336,102.72042846679688,3802300
2024-09-16,105.18000030517578,105.91999816894531,105.13999938964844,105.43000030517578,102.42896270751953,4088700
2024-09-17,104.87999725341797,105.37000274658203,104.23999786376953,104.55999755859375,101.58372497558594,4031900
2024-09-18,104.2300033569336,104.75,102.26000213623047,103.18000030517578,100.24301147460938,4253500
2024-09-19,103.0999984741211,103.0999984741211,101.88999938964844,102.01000213623047,99.10631561279297,4897900
2024-09-20,102.27999877929688,103.05999755859375,101.87000274658203,103.05999755859375,100.12641906738281,10926700
2024-09-23,102.68000030517578,104.16000366210938,102.4800033569336,103.30999755859375,100.36930084228516,3780800
2024-09-24,103.48999786376953,104.13999938964844,102.70999908447266,103.79000091552734,100.83563995361328,2882600
2024-09-25,104.13999938964844,104.48999786376953,103.44999694824219,103.75,100.7967758178711,3258900
2024-09-26,102.63999938964844,104.02999877929688,102.26000213623047,103.05999755859375,100.12641906738281,3603200
2024-09-27,102.77999877929688,103.87999725341797,102.66000366210938,103.66000366210938,100.70934295654297,4461700
2024-09-30,104.0999984741211,104.16000366210938,103.44999694824219,103.80999755859375,100.85507202148438,4655500
2024-10-01,103.7699966430664,103.81999969482422,102.05999755859375,102.33000183105469,99.41720581054688,4076600
2024-10-02,102.05999755859375,102.36000061035156,101.58999633789062,102.05999755859375,99.15489196777344,4272800
2024-10-03,101.6500015258789,101.75,99.7699966430664,99.97000122070312,97.12437438964844,4695000
2024-10-04,99.25,99.8499984741211,98.44000244140625,99.04000091552734,96.2208480834961,6029900
2024-10-07,99.58000183105469,99.91000366210938,98.33000183105469,98.56999969482422,95.76422882080078,4829600
2024-10-08,98.45999908447266,100.69000244140625,97.8499984741211,100.58000183105469,97.71701049804688,5095000
2024-10-09,100.58000183105469,101.30000305175781,100.27999877929688,101.0,98.12506103515625,3542200
2024-10-10,101.22000122070312,101.22000122070312,98.93000030517578,99.23999786376953,96.4151611328125,4406600
2024-10-11,99.62999725341797,100.11000061035156,98.9000015258789,100.0999984741211,97.25067138671875,4858700
2024-10-14,100.01000213623047,100.83999633789062,99.91999816894531,100.7300033569336,97.86275482177734,3180600
2024-10-15,100.94999694824219,102.61000061035156,100.94999694824219,101.55000305175781,98.65940856933594,3844800
2024-10-16,100.87999725341797,101.4000015258789,100.66000366210938,101.19000244140625,98.30964660644531,4188300
2024-10-17,101.83000183105469,101.88999938964844,100.06999969482422,100.52999877929688,97.66842651367188,3377400
2024-10-18,99.7300033569336,100.54000091552734,98.76000213623047,100.45999908447266,98.0882797241211,4502600
2024-10-21,100.0,100.48999786376953,99.19000244140625,99.36000061035156,97.0142593383789,2456300
2024-10-22,98.7300033569336,99.94999694824219,98.68000030517578,99.66999816894531,97.31694030761719,4018700
2024-10-23,99.31999969482422,99.7699966430664,98.77999877929688,98.9800033569336,96.64322662353516,3949600
2024-10-24,99.0,99.9800033569336,98.83000183105469,99.73999786376953,97.3852767944336,5259700
2024-10-25,96.54000091552734,97.79000091552734,95.1500015258789,95.61000061035156,93.352783203125,7978900
2024-10-28,95.22000122070312,96.61000061035156,95.22000122070312,95.73999786376953,93.47972106933594,4570900
2024-10-29,95.0199966430664,95.5199966430664,94.43000030517578,94.72000122070312,92.48379516601562,5415000
2024-10-30,94.55999755859375,95.16999816894531,94.0199966430664,94.66000366210938,92.42521667480469,4551200
2024-10-31,94.55000305175781,95.30000305175781,93.6500015258789,93.70999908447266,91.49764251708984,4989700
2024-11-01,93.91999816894531,94.63999938964844,93.08000183105469,93.33000183105469,91.12661743164062,4859700
2024-11-04,93.27999877929688,94.22000122070312,93.12999725341797,93.61000061035156,91.4000015258789,4113700
2024-11-05,93.4000015258789,94.37000274658203,93.11000061035156,94.26000213623047,92.03465270996094,3302600
2024-11-06,94.66000366210938,94.66000366210938,90.04000091552734,90.22000122070312,88.09004974365234,8777500
2024-11-07,90.81999969482422,91.58000183105469,90.30999755859375,90.7699966430664,88.6270523071289,4533900
2024-11-08,91.13999938964844,92.88999938964844,91.05000305175781,92.56999969482422,90.38455200195312,4568000
2024-11-11,92.43000030517578,93.16999816894531,91.91000366210938,91.95999908447266,89.78895568847656,3539000
2024-11-12,93.30000305175781,93.30000305175781,91.43000030517578,91.5,89.3398208618164,4927100
2024-11-13,91.91000366210938,91.91000366210938,90.9000015258789,91.06999969482422,88.91996765136719,3456100
2024-11-14,91.01000213623047,91.62999725341797,90.79000091552734,91.44999694824219,89.29100036621094,4705400
2024-11-15,91.36000061035156,94.13999938964844,91.23999786376953,93.55999755859375,91.35118865966797,7328900
2024-11-18,92.94999694824219,95.12999725341797,92.94000244140625,94.62000274658203,92.38616180419922,4487700
2024-11-19,94.4000015258789,94.43000030517578,92.9800033569336,93.61000061035156,91.4000015258789,4918100
2024-11-20,93.41000366210938,94.44000244140625,92.86000061035156,93.91000366210938,91.69292449951172,4302400
2024-11-21,94.1500015258789,94.91999816894531,93.30000305175781,94.25,92.02489471435547,3642800
2024-11-22,94.98999786376953,95.43000030517578,94.48999786376953,94.91999816894531,92.6790771484375,3538900
2024-11-25,95.54000091552734,95.75,94.93000030517578,95.33999633789062,93.08915710449219,6159200
2024-11-26,95.56999969482422,96.69999694824219,95.19999694824219,96.58000183105469,94.29988861083984,4380600
2024-11-27,96.94999694824219,97.95999908447266,96.69000244140625,96.76000213623047,94.47563934326172,3427500
2024-11-29,96.5,96.83000183105469,95.86000061035156,96.62999725341797,94.34870910644531,2447100
2024-12-02,96.7699966430664,97.62000274658203,96.2699966430664,97.11000061035156,94.81737518310547,4325300
2024-12-03,97.18000030517578,97.18000030517578,93.70999908447266,94.61000061035156,92.37639617919922,6203500
2024-12-04,94.12999725341797,94.87999725341797,93.70999908447266,94.80999755859375,92.57167053222656,3971800
2024-12-05,94.26000213623047,95.29000091552734,94.1500015258789,95.0999984741211,92.85482788085938,4407100
2024-12-06,95.19999694824219,96.08999633789062,94.19999694824219,94.2300033569336,92.00537109375,4104800
2024-12-09,94.05000305175781,94.5,92.80000305175781,92.94000244140625,90.7458267211914,4933600
2024-12-10,92.70999908447266,94.0,92.30000305175781,93.88999938964844,91.67339324951172,4324900
2024-12-11,94.1500015258789,94.7300033569336,92.61000061035156,92.76000213623047,90.570068359375,3629400
2024-12-12,93.04000091552734,94.02999877929688,92.55000305175781,93.55999755859375,91.35118865966797,3519600
2024-12-13,93.45999908447266,93.94000244140625,92.94999694824219,93.44000244140625,91.23401641845703,3019600
2024-12-16,93.62000274658203,94.2699966430664,92.80000305175781,92.91999816894531,90.7262954711914,6601500
2024-12-17,92.5,93.9000015258789,92.41999816894531,93.48999786376953,91.28282928466797,5633400
2024-12-18,92.86000061035156,94.12999725341797,92.68000030517578,92.75,90.56031036376953,4849200
2024-12-19,92.66000366210938,93.62000274658203,92.11000061035156,92.91999816894531,90.7262954711914,6641100
2024-12-20,92.44000244140625,93.1500015258789,91.45999908447266,92.02999877929688,89.8572998046875,9929700
2024-12-23,91.97000122070312,92.19999694824219,91.08000183105469,91.91000366210938,89.74014282226562,2975100
2024-12-24,91.83000183105469,92.5,91.69999694824219,92.38999938964844,90.20880126953125,1531600
2024-12-26,92.0999984741211,92.54000091552734,91.91999816894531,92.37000274658203,90.18928527832031,1919500
2024-12-27,92.7300033569336,92.7300033569336,91.6500015258789,91.80999755859375,89.64249420166016,2544100
2024-12-30,91.52999877929688,91.5999984741211,90.43000030517578,90.79000091552734,88.6465835571289,2832100
2024-12-31,91.02999877929688,91.5199966430664,90.26000213623047,90.91000366210938,88.76374816894531,2911900
2025-01-02,91.05999755859375,91.25,90.18000030517578,90.55000305175781,88.41224670410156,3206100
2025-01-03,90.55999755859375,90.77999877929688,89.75,90.1500015258789,88.02168273925781,3101700
2025-01-06,89.66000366210938,89.86000061035156,87.36000061035156,87.54000091552734,85.47330474853516,6077400
2025-01-07,87.94000244140625,88.5999984741211,87.08999633789062,87.38999938964844,85.32684326171875,4758800
2025-01-08,87.11000061035156,87.58999633789062,86.86000061035156,87.45999908447266,85.39519500732422,5063900
2025-01-10,86.37000274658203,87.08999633789062,85.87000274658203,86.36000061035156,84.3211669921875,6711100
2025-01-13,86.66999816894531,87.48999786376953,86.33000183105469,87.0999984741211,85.04369354248047,8184400
2025-01-14,87.20999908447266,87.77999877929688,87.01000213623047,87.66999816894531,85.60023498535156,4606600
2025-01-15,88.45999908447266,88.6500015258789,87.55999755859375,87.86000061035156,85.78575897216797,5125300
2025-01-16,87.5999984741211,88.62999725341797,87.37999725341797,88.55999755859375,86.4692153930664,3334100
2025-01-17,88.41000366210938,89.56999969482422,88.19000244140625,88.69000244140625,86.59616088867188,5149900
2025-01-21,88.52999877929688,89.43000030517578,87.8499984741211,88.2300033569336,86.63543701171875,5048100
2025-01-22,89.44999694824219,89.69000244140625,87.41000366210938,87.55000305175781,85.96772766113281,5323200
2025-01-23,87.69000244140625,88.26000213623047,86.91000366210938,87.91000366210938,86.32122039794922,6586200
2025-01-24,87.70999908447266,88.69999694824219,87.47000122070312,87.87999725341797,86.29175567626953,5482900
2025-01-27,89.52999877929688,91.41000366210938,88.95999908447266,91.20999908447266,89.56157684326172,5164800
2025-01-28,90.75,91.9000015258789,89.62000274658203,89.86000061035156,88.23597717285156,4790700
2025-01-29,90.11000061035156,90.61000061035156,89.55000305175781,89.56999969482422,87.95121765136719,3225900
2025-01-30,90.55000305175781,91.01000213623047,89.94999694824219,90.88999938964844,89.24735260009766,5415300
2025-01-31,85.43000030517578,87.38999938964844,85.33000183105469,86.69999694824219,85.13308715820312,11099000
2025-02-03,87.06999969482422,87.2699966430664,85.69999694824219,87.02999877929688,85.45711517333984,6877800
2025-02-04,86.94000244140625,87.13999938964844,86.1500015258789,86.5,84.93669891357422,4073100
2025-02-05,86.62999725341797,86.7699966430664,85.80000305175781,86.62000274658203,85.05452728271484,4126400
2025-02-06,87.19000244140625,87.19999694824219,85.3499984741211,85.68000030517578,84.13152313232422,4540500
2025-02-07,85.5999984741211,86.83000183105469,85.43000030517578,86.76000213623047,85.19200134277344,3988300
2025-02-10,86.5199966430664,86.69000244140625,85.62999725341797,85.95999908447266,84.40645599365234,4162700
2025-02-11,86.0,87.4000015258789,85.68000030517578,87.37000274658203,85.79098510742188,3464500
2025-02-12,86.76000213623047,87.36000061035156,86.45999908447266,86.7300033569336,85.16254425048828,3411900
2025-02-13,86.79000091552734,88.08000183105469,86.70999908447266,87.75,86.16410827636719,3712700
2025-02-14,87.2699966430664,87.45999908447266,85.88999938964844,86.04000091552734,84.48501586914062,4137100
2025-02-18,85.73999786376953,86.66000366210938,85.31999969482422,86.38999938964844,84.82868957519531,3827600
2025-02-19,87.02999877929688,87.62999725341797,86.44000244140625,87.41999816894531,85.84007263183594,4307000
2025-02-20,86.62999725341797,88.2699966430664,86.4000015258789,87.87000274658203,86.28194427490234,3252800
2025-02-21,87.95999908447266,89.80000305175781,87.5,89.47000122070312,87.85302734375,4747300
2025-02-24,89.0999984741211,91.70999908447266,89.05000305175781,90.11000061035156,88.48146057128906,5409500
2025-02-25,90.6500015258789,92.58999633789062,90.54000091552734,92.29000091552734,90.62206268310547,5818200
2025-02-26,91.69000244140625,92.0,90.0,90.16999816894531,88.54036712646484,3930200
2025-02-27,89.95999908447266,91.06999969482422,89.5999984741211,90.19999694824219,88.56982421875,3673800
2025-02-28,91.04000091552734,91.94000244140625,90.05999755859375,91.16999816894531,89.52229309082031,5332900
2025-03-03,90.98999786376953,92.80999755859375,90.93000030517578,92.80999755859375,91.13265991210938,4732300
2025-03-04,93.2699966430664,95.22000122070312,91.0199966430664,91.05999755859375,89.4142837524414,6107500
2025-03-05,90.4000015258789,92.20999908447266,90.33999633789062,91.75,90.09181213378906,3446600
2025-03-06,91.80000305175781,93.4800033569336,91.4000015258789,93.29000091552734,91.60398864746094,4703900
2025-03-07,92.83999633789062,98.33999633789062,92.83999633789062,96.73999786376953,94.99163055419922,10097300
2025-03-10,97.33999633789062,100.18000030517578,97.19000244140625,97.5,95.73789978027344,9791400
2025-03-11,96.22000122070312,96.7300033569336,93.93000030517578,94.0999984741211,92.39934539794922,6640500
2025-03-12,92.5999984741211,93.20999908447266,90.2300033569336,90.81999969482422,89.17861938476562,9118300
2025-03-13,90.95999908447266,91.61000061035156,90.27999877929688,90.5199966430664,88.88404846191406,4396400
2025-03-14,89.7300033569336,90.3499984741211,89.18000030517578,89.81999969482422,88.19669342041016,4569400
2025-03-17,90.19000244140625,91.37000274658203,89.75,90.70999908447266,89.07061767578125,5642900
2025-03-18,90.55000305175781,90.81999969482422,89.37999725341797,89.48999786376953,87.8726577758789,3621600
2025-03-19,89.37999725341797,90.54000091552734,89.19000244140625,90.44000244140625,88.80548858642578,8242100
2025-03-20,90.55000305175781,90.7699966430664,89.13999938964844,90.27999877929688,88.64838409423828,5571900
2025-03-21,90.11000061035156,91.36000061035156,89.98999786376953,90.30000305175781,88.66802215576172,8950600
2025-03-24,90.08000183105469,91.37999725341797,90.08000183105469,90.9000015258789,89.2571792602539,4611200
2025-03-25,90.97000122070312,90.9800033569336,89.04000091552734,89.58999633789062,87.9708480834961,5173000
2025-03-26,89.83000183105469,92.2699966430664,89.61000061035156,92.02999877929688,90.36675262451172,4700500
2025-03-27,92.87000274658203,93.27999877929688,91.93000030517578,93.19000244140625,91.50579833984375,2956500
2025-03-28,93.9000015258789,93.9000015258789,92.22000122070312,92.81999969482422,91.1424789428711,2825800
2025-03-31,93.26000213623047,94.33000183105469,93.05999755859375,93.69999694824219,92.0065689086914,6224600
2025-04-01,94.23999786376953,94.62000274658203,93.18000030517578,93.9000015258789,92.20296478271484,4916200
2025-04-02,93.98999786376953,94.23999786376953,92.5999984741211,93.55000305175781,91.85928344726562,4849100
2025-04-03,95.26000213623047,97.23999786376953,94.80000305175781,96.0,94.26500701904297,5483400
2025-04-04,96.94999694824219,97.7300033569336,91.31999969482422,91.66000366210938,90.00344848632812,7434400
2025-04-07,89.75,91.20999908447266,88.05000305175781,89.19000244140625,87.57808685302734,7820200
2025-04-08,90.30000305175781,90.62000274658203,87.72000122070312,88.5999984741211,86.99874114990234,5677700
2025-04-09,87.7300033569336,91.7300033569336,87.4800033569336,90.2300033569336,88.59928894042969,7407600
2025-04-10,90.13999938964844,92.70999908447266,89.5199966430664,91.80000305175781,90.14091491699219,6465500
2025-04-11,91.44000244140625,94.52999877929688,91.27999877929688,94.0,92.30115509033203,5664200
2025-04-14,94.04000091552734,95.30999755859375,93.48999786376953,94.9800033569336,93.2634506225586,3658600
2025-04-15,94.9800033569336,95.58000183105469,94.20999908447266,94.26000213623047,92.55645751953125,3874800
2025-04-16,94.91000366210938,95.0,93.20999908447266,93.48999786376953,91.80036163330078,4120300
2025-04-17,93.38999938964844,96.02999877929688,93.27999877929688,95.5,94.29853820800781,7029800
2025-04-21,95.80000305175781,96.2300033569336,94.16000366210938,94.69999694824219,93.50859832763672,7691400
2025-04-22,94.4000015258789,95.9800033569336,93.79000091552734,95.80999755859375,94.60462951660156,5233600
2025-04-23,95.0,95.0,92.70999908447266,93.88999938964844,92.70878601074219,8497400
2025-04-24,93.08000183105469,93.45999908447266,91.87000274658203,92.69999694824219,91.53376007080078,11292300
2025-04-25,95.48999786376953,95.80999755859375,91.83999633789062,93.91000366210938,92.72854614257812,9599000
2025-04-28,93.63999938964844,93.91000366210938,90.80000305175781,90.95999908447266,89.8156509399414,7172700
2025-04-29,90.69000244140625,92.62000274658203,89.83000183105469,92.33000183105469,91.16841888427734,5941100
2025-04-30,93.1500015258789,93.73999786376953,91.36000061035156,92.19000244140625,91.03018188476562,5916200
2025-05-01,91.16000366210938,91.91999816894531,90.43000030517578,90.69000244140625,89.54905700683594,4115600
2025-05-02,91.06999969482422,91.58999633789062,89.75,90.4800033569336,89.3416976928711,4715700
2025-05-05,90.94000244140625,91.05000305175781,90.19999694824219,90.73999786376953,89.59841918945312,4084300
2025-05-06,90.41999816894531,91.56999969482422,89.9800033569336,91.0,89.85514831542969,3605600
2025-05-07,90.69000244140625,91.41999816894531,90.0999984741211,90.87999725341797,89.73665618896484,4401100
2025-05-08,90.72000122070312,91.87999725341797,90.51000213623047,90.83000183105469,89.68729400634766,3550700
2025-05-09,90.66000366210938,90.95999908447266,89.70999908447266,89.80999755859375,88.68012237548828,3846300
2025-05-12,88.98999786376953,89.55000305175781,87.62999725341797,89.13999938964844,88.0185546875,6071500
2025-05-13,88.9800033569336,88.9800033569336,86.94000244140625,87.87999725341797,86.77440643310547,5458100
2025-05-14,87.68000030517578,87.88999938964844,87.05999755859375,87.56999969482422,86.46829986572266,3699300
2025-05-15,87.97000122070312,89.68000030517578,87.97000122070312,89.62999725341797,88.50238800048828,4002900
2025-05-16,90.0,91.36000061035156,89.5999984741211,91.2300033569336,90.08226013183594,4650300
2025-05-19,91.5,91.8499984741211,90.58000183105469,91.73999786376953,90.5858383178711,3769900
2025-05-20,91.70999908447266,92.16000366210938,91.44000244140625,91.98999786376953,90.83269500732422,3941800
2025-05-21,91.33000183105469,91.94000244140625,91.04000091552734,91.66999816894531,90.51671600341797,4569200
2025-05-22,91.06999969482422,91.9800033569336,90.47000122070312,90.9000015258789,89.75640869140625,5098600
2025-05-23,91.93000030517578,92.73999786376953,90.70999908447266,92.58999633789062,91.42514038085938,6723700
2025-05-27,92.61000061035156,93.5999984741211,92.05999755859375,92.43000030517578,91.26716613769531,6055200
2025-05-28,92.1500015258789,93.41999816894531,91.6500015258789,91.76000213623047,90.60559844970703,5288800
2025-05-29,91.33000183105469,92.31999969482422,91.05999755859375,92.30000305175781,91.1387939453125,4718600
2025-05-30,92.75,93.4800033569336,92.2699966430664,92.94000244140625,91.770751953125,6317300
2025-06-02,92.22000122070312,92.69000244140625,91.19999694824219,91.93000030517578,90.77345275878906,3152500
2025-06-03,91.70999908447266,91.72000122070312,90.43000030517578,90.62000274658203,89.47993469238281,4775900
2025-06-04,90.69999694824219,91.29000091552734,89.95999908447266,90.19999694824219,89.0652084350586,3948400
2025-06-05,90.2300033569336,90.36000061035156,89.43000030517578,90.1500015258789,89.0158462524414,5123500
2025-06-06,90.27999877929688,90.70999908447266,90.0,90.23999786376953,89.1047134399414,4716500
2025-06-09,89.76000213623047,91.37000274658203,89.70999908447266,90.87000274658203,89.72679138183594,5893000
2025-06-10,91.18000030517578,92.23999786376953,90.86000061035156,91.94000244140625,90.78333282470703,4533200
2025-06-11,91.86000061035156,92.62999725341797,91.51000213623047,92.11000061035156,90.95118713378906,5353800
2025-06-12,92.18000030517578,93.16999816894531,91.94999694824219,93.13999938964844,91.96823120117188,4701700
2025-06-13,92.87000274658203,93.05000305175781,90.08999633789062,90.26000213623047,89.12446594238281,5332000
2025-06-16,90.69999694824219,91.41999816894531,90.0199966430664,90.11000061035156,88.97634887695312,5710500
2025-06-17,90.27999877929688,90.27999877929688,88.52999877929688,88.62999725341797,87.51496887207031,5145900
2025-06-18,88.75,88.93000030517578,87.63999938964844,88.19000244140625,87.08050537109375,5107000
2025-06-20,88.02999877929688,88.68000030517578,87.76000213623047,87.77999877929688,86.6756591796875,9573100
2025-06-23,87.87000274658203,88.70999908447266,87.38999938964844,88.66999816894531,87.5544662475586,5095600
2025-06-24,88.4000015258789,88.75,87.4000015258789,88.18000030517578,87.07063293457031,4556400
2025-06-25,87.37999725341797,88.2699966430664,87.06999969482422,87.80000305175781,86.6954116821289,3571100
2025-06-26,87.87000274658203,88.3499984741211,87.43000030517578,87.79000091552734,86.68553161621094,5813600
2025-06-27,87.87000274658203,88.9000015258789,87.73999786376953,88.70999908447266,87.59395599365234,6946200
2025-06-30,88.54000091552734,91.25,88.5,90.9000015258789,89.75640869140625,7782700
2025-07-01,91.0999984741211,92.41999816894531,90.81999969482422,92.04000091552734,90.88206481933594,6022800
2025-07-02,91.83000183105469,92.43000030517578,91.36000061035156,92.4000015258789,91.23754119873047,5342200
2025-07-03,92.80000305175781,93.12000274658203,91.91000366210938,92.77999877929688,91.61275482177734,3300900
2025-07-07,92.72000122070312,94.19000244140625,92.66000366210938,93.33000183105469,92.15583801269531,5794100
2025-07-08,92.66999816894531,93.0999984741211,92.12999725341797,92.13999938964844,90.9808120727539,6099800
2025-07-09,92.1500015258789,92.52999877929688,91.08000183105469,91.58000183105469,90.4278564453125,6034200
2025-07-10,91.31999969482422,91.66000366210938,90.61000061035156,90.62000274658203,89.47993469238281,4531900
2025-07-11,90.05999755859375,90.2699966430664,89.0999984741211,89.58000183105469,88.45301818847656,4372700
2025-07-14,89.52999877929688,89.52999877929688,87.73999786376953,88.8499984741211,87.7322006225586,3648400
2025-07-15,88.8499984741211,89.69000244140625,88.06999969482422,88.1500015258789,87.04100799560547,3788200
2025-07-16,88.08000183105469,88.5199966430664,87.16999816894531,87.66000366210938,86.55717468261719,4198000
2025-07-17,87.66000366210938,88.33000183105469,86.94999694824219,87.23999786376953,86.14244842529297,3788100
2025-07-18,86.69999694824219,87.51000213623047,86.5,86.83999633789062,86.26165008544922,4973700
2025-07-21,86.63999938964844,87.20999908447266,86.56999969482422,86.63999938964844,86.06298828125,3523500
2025-07-22,86.91000366210938,88.7300033569336,86.69999694824219,88.69999694824219,88.10926818847656,5047500
2025-07-23,88.86000061035156,88.87000274658203,88.18000030517578,88.79000091552734,88.19866943359375,3520300
2025-07-24,88.86000061035156,89.16000366210938,88.23999786376953,88.44999694824219,87.86093139648438,2503800
2025-07-25,88.38999938964844,88.80999755859375,87.48999786376953,87.93000030517578,87.34439849853516,3186100
2025-07-28,87.80000305175781,87.87999725341797,86.37000274658203,86.47000122070312,85.89411926269531,4823700
2025-07-29,86.87999725341797,88.0199966430664,86.45999908447266,86.86000061035156,86.28152465820312,4382400
2025-07-30,87.08000183105469,87.44999694824219,85.56999969482422,85.80000305175781,85.22858428955078,4638800
2025-07-31,85.52999877929688,85.6500015258789,83.52999877929688,83.8499984741211,83.29157257080078,9561000
2025-08-01,84.0199966430664,86.2300033569336,82.69999694824219,83.51000213623047,82.9538345336914,9606700
2025-08-04,83.38999938964844,84.0,82.4000015258789,83.36000061035156,82.8048324584961,5536400
2025-08-05,83.01000213623047,83.87999725341797,82.88999938964844,83.05999755859375,82.50682830810547,6373300
2025-08-06,83.16000366210938,84.91000366210938,82.58000183105469,84.61000061035156,84.0465087890625,5537000
2025-08-07,84.58000183105469,84.98999786376953,84.12000274658203,84.70999908447266,84.14584350585938,4000400
2025-08-08,84.45999908447266,85.13999938964844,84.31999969482422,84.69000244140625,84.1259765625,4133900
2025-08-11,84.73999786376953,85.0199966430664,84.16000366210938,84.44999694824219,83.8875732421875,3515600
2025-08-12,84.55000305175781,85.0,84.18000030517578,84.97000122070312,84.40411376953125,5333800
2025-08-13,85.16999816894531,87.01000213623047,85.11000061035156,86.33999633789062,85.76498413085938,3534400
2025-08-14,85.6500015258789,85.77999877929688,84.45999908447266,84.6500015258789,84.08624267578125,3497200
2025-08-15,85.01000213623047,85.31999969482422,84.56999969482422,85.06999969482422,84.50344848632812,4150400
2025-08-18,85.25,85.33000183105469,84.25,84.26000213623047,83.69884490966797,3906600
2025-08-19,84.47000122070312,86.06999969482422,84.43000030517578,85.8499984741211,85.27825164794922,4548200
2025-08-20,86.19000244140625,87.94999694824219,85.45999908447266,86.05000305175781,85.47692108154297,5944100
2025-08-21,85.58999633789062,86.30000305175781,85.30000305175781,86.27999877929688,85.70538330078125,4925100
2025-08-22,86.56999969482422,87.33000183105469,85.31999969482422,85.94000244140625,85.3676528930664,4087400
2025-08-25,85.81999969482422,86.0,84.0,84.05999755859375,83.50016784667969,4481900
2025-08-26,84.0,84.83999633789062,83.8499984741211,84.13999938964844,83.57963562011719,6163100
2025-08-27,84.1500015258789,84.45999908447266,83.7699966430664,84.44999694824219,83.8875732421875,4196700
2025-08-28,84.27999877929688,84.68000030517578,83.22000122070312,83.41999816894531,82.86443328857422,5321500
2025-08-29,83.62999725341797,84.30000305175781,83.22000122070312,84.06999969482422,83.51010131835938,3934700
2025-09-02,84.18000030517578,84.58999633789062,83.58000183105469,84.38999938964844,83.82797241210938,5288500
2025-09-03,84.5199966430664,84.75,82.6500015258789,83.80999755859375,83.2518310546875,5048000
2025-09-04,84.0999984741211,84.0999984741211,83.0199966430664,83.66999816894531,83.1127700805664,6202400
2025-09-05,83.47000122070312,85.76000213623047,83.12000274658203,85.12999725341797,84.56304168701172,6165400
2025-09-08,84.91999816894531,85.08000183105469,83.97000122070312,84.19000244140625,83.62931060791016,3975800
2025-09-09,84.06999969482422,84.69000244140625,83.80000305175781,84.27999877929688,83.71870422363281,3585200
2025-09-10,83.70999908447266,84.08999633789062,82.29000091552734,83.19999694824219,82.6458969116211,4406000
2025-09-11,83.37999725341797,84.30000305175781,83.25,84.05999755859375,83.50016784667969,3362300
2025-09-12,83.75,84.54000091552734,83.2699966430664,83.27999877929688,82.7253646850586,3169100
2025-09-15,83.20999908447266,83.73999786376953,81.5999984741211,82.12999725341797,81.58302307128906,6605800
2025-09-16,82.3499984741211,82.58000183105469,81.41000366210938,81.4800033569336,80.9373550415039,6555300
2025-09-17,81.79000091552734,82.97000122070312,81.51000213623047,82.22000122070312,81.67242431640625,3951900
2025-09-18,81.30999755859375,82.12000274658203,81.01000213623047,81.52999877929688,80.98702239990234,3719200
2025-09-19,81.7300033569336,81.94999694824219,81.02999877929688,81.16999816894531,80.6294174194336,14727600
2025-09-22,81.30000305175781,81.38999938964844,79.29000091552734,79.36000061035156,78.83147430419922,5864000
2025-09-23,79.5,80.22000122070312,78.76000213623047,80.1500015258789,79.6162109375,5400400
2025-09-24,79.83000183105469,81.37999725341797,79.7699966430664,81.12999725341797,80.58968353271484,6406300
2025-09-25,81.26000213623047,81.51000213623047,79.29000091552734,79.69999694824219,79.16920471191406,6060000
2025-09-26,79.80000305175781,79.95999908447266,79.18000030517578,79.58999633789062,79.0599365234375,4263400
2025-09-29,79.61000061035156,80.56999969482422,79.04000091552734,80.4000015258789,79.86454772949219,4714000
2025-09-30,80.27999877929688,80.48999786376953,79.5999984741211,79.94000244140625,79.4076156616211,6643900
2025-10-01,80.25,80.4000015258789,78.86000061035156,79.01000213623047,78.48380279541016,7014300
2025-10-02,78.5999984741211,79.30999755859375,78.18000030517578,78.30999755859375,77.78845977783203,5667200
2025-10-03,78.33000183105469,78.87000274658203,77.91000366210938,78.0,77.48052978515625,6725800
2025-10-06,78.0,78.41999816894531,77.31999969482422,77.44999694824219,76.93418884277344,7520900
2025-10-07,77.55000305175781,79.47000122070312,77.08999633789062,79.11000061035156,78.58313751220703,7362700
2025-10-08,78.94000244140625,79.43000030517578,77.83000183105469,78.0,77.48052978515625,5928500
2025-10-09,78.0,78.51000213623047,77.6500015258789,77.80999755859375,77.29179382324219,6468300
2025-10-10,78.04000091552734,78.7699966430664,77.80999755859375,77.95999908447266,77.4407958984375,5100900
2025-10-13,77.44999694824219,77.9000015258789,76.68000030517578,76.9800033569336,76.46732330322266,5758000
2025-10-14,77.12999725341797,78.47000122070312,76.91000366210938,78.4000015258789,77.87786865234375,5515100
2025-10-15,77.66000366210938,78.30000305175781,77.47000122070312,77.62999725341797,77.11299133300781,5321200
2025-10-16,77.72000122070312,78.54000091552734,77.5999984741211,78.08000183105469,77.55999755859375,7215300
2025-10-17,78.01000213623047,79.27999877929688,77.75,79.12000274658203,79.12000274658203,5949700
2025-10-20,79.2300033569336,79.3499984741211,78.69000244140625,78.75,78.75,4087500
2025-10-21,78.81999969482422,79.05000305175781,78.22000122070312,78.62000274658203,78.62000274658203,4447200
2025-10-22,78.63999938964844,80.43000030517578,78.5,79.86000061035156,79.86000061035156,6773600
2025-10-23,79.75,79.80999755859375,77.94000244140625,78.44000244140625,78.44000244140625,6198600
2025-10-24,79.20999908447266,79.5,77.87999725341797,78.0,78.0,4247500
2025-10-27,77.87000274658203,78.05999755859375,77.37999725341797,77.83000183105469,77.83000183105469,8337400
2025-10-28,77.47000122070312,77.79000091552734,76.7699966430664,77.13999938964844,77.13999938964844,6814500
2025-10-29,76.69999694824219,76.7699966430664,75.37999725341797,75.7300033569336,75.7300033569336,8658100
2025-10-30,75.94999694824219,76.7699966430664,75.83999633789062,76.51000213623047,76.51000213623047,8657900
2025-10-31,75.55000305175781,77.16000366210938,74.62000274658203,77.05000305175781,77.05000305175781,17696500
2025-11-03,76.56999969482422,76.80000305175781,74.55000305175781,74.9800033569336,74.9800033569336,10824100
2025-11-04,75.80000305175781,76.58999633789062,75.0,76.55000305175781,76.55000305175781,8928100
2025-11-05,76.76000213623047,77.13999938964844,76.01000213623047,76.91000366210938,76.91000366210938,7515000
2025-11-06,76.5999984741211,77.62999725341797,76.44999694824219,77.2699966430664,77.2699966430664,6823200
2025-11-07,77.8499984741211,78.98999786376953,77.08999633789062,78.76000213623047,78.76000213623047,8565900
2025-11-10,78.38999938964844,78.98999786376953,78.04000091552734,78.47000122070312,78.47000122070312,6801100
2025-11-11,78.79000091552734,79.66999816894531,77.91999816894531,79.47000122070312,79.47000122070312,8253200
2025-11-12,79.43000030517578,79.73999786376953,78.52999877929688,78.55999755859375,78.55999755859375,5936600
2025-11-13,78.62999725341797,79.3499984741211,78.4800033569336,78.79000091552734,78.79000091552734,6161100
2025-11-14,78.87000274658203,79.68000030517578,77.87000274658203,78.05000305175781,78.05000305175781,6950900
2025-11-17,78.27999877929688,79.37999725341797,78.0,78.80999755859375,78.80999755859375,6463200
2025-11-18,79.22000122070312,79.6500015258789,78.54000091552734,79.33000183105469,79.33000183105469,5844000
2025-11-19,79.25,79.36000061035156,78.33000183105469,78.47000122070312,78.47000122070312,3832000
2025-11-20,78.08000183105469,79.20999908447266,77.62999725341797,78.86000061035156,78.86000061035156,5984600
2025-11-21,79.38999938964844,81.3499984741211,79.0999984741211,80.93000030517578,80.93000030517578,7633100
2025-11-24,80.91000366210938,81.0999984741211,79.11000061035156,79.18000030517578,79.18000030517578,7111300
2025-11-25,79.77999877929688,80.06999969482422,79.20999908447266,79.81999969482422,79.81999969482422,6097700
2025-11-26,79.4800033569336,80.30000305175781,79.30999755859375,80.04000091552734,80.04000091552734,4049300
2025-11-28,80.0,80.44000244140625,79.91000366210938,80.38999938964844,80.38999938964844,2568000
2025-12-01,80.30000305175781,80.69000244140625,79.61000061035156,79.94000244140625,79.94000244140625,6578100
2025-12-02,79.45999908447266,79.45999908447266,77.86000061035156,78.81999969482422,78.81999969482422,9270100
2025-12-03,79.0,79.66999816894531,78.12000274658203,78.19999694824219,78.19999694824219,5536800
2025-12-04,78.20999908447266,78.5,77.55000305175781,77.5999984741211,77.5999984741211,5760200
2025-12-05,77.47000122070312,78.20999908447266,77.23999786376953,78.06999969482422,78.06999969482422,5649600
2025-12-08,77.29000091552734,77.55000305175781,76.0199966430664,76.11000061035156,76.11000061035156,6394700
2025-12-09,76.94999694824219,78.5199966430664,76.5999984741211,76.9800033569336,76.9800033569336,6254300
2025-12-10,77.20999908447266,78.29000091552734,76.77999877929688,77.76000213623047,77.76000213623047,9298400
2025-12-11,77.83999633789062,78.5,77.06999969482422,77.25,77.25,7265500
2025-12-12,77.66999816894531,78.4800033569336,77.1500015258789,78.33999633789062,78.33999633789062,5253700
2025-12-15,78.48999786376953,79.56999969482422,78.25,79.43000030517578,79.43000030517578,4667100
2025-12-16,79.94999694824219,80.0,78.94000244140625,78.94999694824219,78.94999694824219,5358200
2025-12-17,79.0,80.12999725341797,78.98999786376953,79.7300033569336,79.7300033569336,5053700
2025-12-18,79.41000366210938,79.56999969482422,77.5,77.7300033569336,77.7300033569336,9910900
2025-12-19,78.05000305175781,78.69999694824219,77.80000305175781,78.36000061035156,78.36000061035156,11417700
2025-12-22,77.9000015258789,79.06999969482422,77.7699966430664,79.04000091552734,79.04000091552734,5237900
2025-12-23,78.91000366210938,80.05000305175781,78.83000183105469,79.93000030517578,79.93000030517578,5919300
2025-12-24,79.7699966430664,80.4000015258789,79.69999694824219,80.25,80.25,1879800
2025-12-26,80.16999816894531,80.3499984741211,79.55000305175781,79.7300033569336,79.7300033569336,2935000
2025-12-29,79.69000244140625,80.0999984741211,79.44000244140625,79.69000244140625,79.69000244140625,3255700
2025-12-30,79.58000183105469,79.88999938964844,79.23999786376953,79.51000213623047,79.51000213623047,2521200
