date,open,high,low,close,adj_close,volume
,IWDL,IWDL,IWDL,IWDL,IWDL,IWDL
2021-02-09,25.80699920654297,25.80699920654297,25.80699920654297,25.80699920654297,25.80699920654297,100
2021-02-10,25.885000228881836,25.885000228881836,25.885000228881836,25.885000228881836,25.885000228881836,100
2021-02-11,25.933000564575195,25.933000564575195,25.933000564575195,25.933000564575195,25.933000564575195,100
2021-02-12,26.25,26.25,26.226999282836914,26.226999282836914,26.226999282836914,100
2021-02-16,26.378999710083008,26.378999710083008,26.378999710083008,26.378999710083008,26.378999710083008,0
2021-02-17,26.423999786376953,26.423999786376953,26.423999786376953,26.423999786376953,26.423999786376953,0
2021-02-18,26.104999542236328,26.104999542236328,26.104999542236328,26.104999542236328,26.104999542236328,0
2021-02-19,26.360000610351562,26.360000610351562,26.360000610351562,26.360000610351562,26.360000610351562,100
2021-02-22,26.54800033569336,26.54800033569336,26.54800033569336,26.54800033569336,26.54800033569336,0
2021-02-23,26.549999237060547,26.76799964904785,26.549999237060547,26.76799964904785,26.76799964904785,100
2021-02-24,27.513999938964844,27.513999938964844,27.513999938964844,27.513999938964844,27.513999938964844,100
2021-02-25,26.486000061035156,26.486000061035156,26.486000061035156,26.486000061035156,26.486000061035156,100
2021-02-26,26.03700065612793,26.03700065612793,26.03700065612793,26.03700065612793,26.03700065612793,100
2021-03-01,27.200000762939453,27.200000762939453,27.003999710083008,27.003999710083008,27.003999710083008,100
2021-03-02,26.878000259399414,26.878000259399414,26.878000259399414,26.878000259399414,26.878000259399414,100
2021-03-03,26.757999420166016,26.757999420166016,26.757999420166016,26.757999420166016,26.757999420166016,200
2021-03-04,26.770000457763672,26.770000457763672,26.009000778198242,26.009000778198242,26.009000778198242,3000
2021-03-05,27.238000869750977,27.238000869750977,27.238000869750977,27.238000869750977,27.238000869750977,100
2021-03-08,27.761999130249023,27.761999130249023,27.761999130249023,27.761999130249023,27.761999130249023,100
2021-03-09,28.010000228881836,28.100000381469727,27.719999313354492,27.719999313354492,27.719999313354492,900
2021-03-10,28.389999389648438,28.389999389648438,28.33300018310547,28.33300018310547,28.33300018310547,100
2021-03-11,28.600000381469727,28.600000381469727,28.493000030517578,28.493000030517578,28.493000030517578,100
2021-03-12,28.94099998474121,28.94099998474121,28.94099998474121,28.94099998474121,28.94099998474121,100
2021-03-15,29.059999465942383,29.173999786376953,28.75,29.173999786376953,29.173999786376953,1000
2021-03-16,28.969999313354492,28.969999313354492,28.823999404907227,28.823999404907227,28.823999404907227,500
2021-03-17,29.02400016784668,29.02400016784668,29.02400016784668,29.02400016784668,29.02400016784668,0
2021-03-18,29.100000381469727,29.100000381469727,28.66200065612793,28.66200065612793,28.66200065612793,400
2021-03-19,28.68000030517578,28.68000030517578,28.534000396728516,28.534000396728516,28.534000396728516,200
2021-03-22,28.450000762939453,28.450000762939453,28.450000762939453,28.450000762939453,28.450000762939453,100
2021-03-23,27.69700050354004,27.69700050354004,27.69700050354004,27.69700050354004,27.69700050354004,100
2021-03-24,27.733999252319336,27.733999252319336,27.733999252319336,27.733999252319336,27.733999252319336,100
2021-03-25,27.1299991607666,28.325000762939453,27.1299991607666,28.325000762939453,28.325000762939453,300
2021-03-26,28.489999771118164,29.111000061035156,28.489999771118164,29.111000061035156,29.111000061035156,600
2021-03-29,28.81999969482422,29.079999923706055,28.81999969482422,28.979000091552734,28.979000091552734,600
2021-03-30,28.850000381469727,29.030000686645508,28.850000381469727,28.95199966430664,28.95199966430664,1000
2021-03-31,29.0,29.09000015258789,28.770000457763672,28.950000762939453,28.950000762939453,6900
2021-04-01,28.770000457763672,29.291000366210938,28.770000457763672,29.291000366210938,29.291000366210938,1800
2021-04-05,29.809999465942383,29.90999984741211,29.729999542236328,29.83300018310547,29.83300018310547,2100
2021-04-06,29.950000762939453,30.030000686645508,29.790000915527344,29.808000564575195,29.808000564575195,2300
2021-04-07,29.850000381469727,29.850000381469727,29.600000381469727,29.740999221801758,29.740999221801758,1300
2021-04-08,29.450000762939453,29.760000228881836,29.450000762939453,29.719999313354492,29.719999313354492,4700
2021-04-09,29.75,30.020000457763672,29.690000534057617,30.010000228881836,30.010000228881836,5000
2021-04-12,29.979999542236328,30.1200008392334,29.8700008392334,30.066999435424805,30.066999435424805,6700
2021-04-13,29.690000534057617,30.0,29.690000534057617,29.940000534057617,29.940000534057617,10200
2021-04-14,30.0,30.030000686645508,30.0,30.030000686645508,30.030000686645508,100
2021-04-15,30.389999389648438,30.389999389648438,30.389999389648438,30.389999389648438,30.389999389648438,1100
2021-04-16,30.690000534057617,30.829999923706055,30.549999237060547,30.719999313354492,30.719999313354492,10200
2021-04-19,30.549999237060547,30.6299991607666,30.3700008392334,30.459999084472656,30.459999084472656,9200
2021-04-20,30.200000762939453,30.200000762939453,29.780000686645508,29.959999084472656,29.959999084472656,13600
2021-04-21,30.450000762939453,30.670000076293945,30.260000228881836,30.610000610351562,30.610000610351562,11300
2021-04-22,30.540000915527344,30.790000915527344,30.100000381469727,30.22800064086914,30.22800064086914,17900
2021-04-23,30.229999542236328,30.959999084472656,30.229999542236328,30.770000457763672,30.770000457763672,15000
2021-04-26,31.049999237060547,31.059999465942383,30.780000686645508,30.7810001373291,30.7810001373291,16100
2021-04-27,30.8700008392334,31.030000686645508,30.760000228881836,30.969999313354492,30.969999313354492,20400
2021-04-28,31.030000686645508,31.200000762939453,30.93000030517578,30.979999542236328,30.979999542236328,16100
2021-04-29,31.3799991607666,32.05699920654297,31.040000915527344,32.05699920654297,32.05699920654297,44900
2021-04-30,31.790000915527344,31.790000915527344,30.899999618530273,31.00200080871582,31.00200080871582,33800
2021-05-03,31.329999923706055,31.559999465942383,31.31999969482422,31.408000946044922,31.408000946044922,11700
2021-05-04,31.427000045776367,31.427000045776367,31.427000045776367,31.427000045776367,31.427000045776367,1400
2021-05-05,31.71500015258789,31.71500015258789,31.659000396728516,31.659000396728516,31.659000396728516,500
2021-05-06,31.8700008392334,32.12699890136719,31.8700008392334,32.12699890136719,32.12699890136719,300
2021-05-07,32.540000915527344,32.70199966430664,32.540000915527344,32.70199966430664,32.70199966430664,100
2021-05-10,33.060001373291016,33.06999969482422,32.6349983215332,32.6349983215332,32.6349983215332,800
2021-05-11,31.7549991607666,31.7549991607666,31.7549991607666,31.7549991607666,31.7549991607666,100
2021-05-12,31.1200008392334,31.1200008392334,30.59000015258789,30.59000015258789,30.59000015258789,500
2021-05-13,31.496000289916992,31.496000289916992,31.496000289916992,31.496000289916992,31.496000289916992,0
2021-05-14,32.220001220703125,32.297000885009766,32.220001220703125,32.297000885009766,32.297000885009766,300
2021-05-17,31.979999542236328,32.21099853515625,31.979999542236328,32.21099853515625,32.21099853515625,200
2021-05-18,32.029998779296875,32.029998779296875,31.68600082397461,31.68600082397461,31.68600082397461,300
2021-05-19,30.780000686645508,31.219999313354492,30.780000686645508,31.219999313354492,31.219999313354492,2000
2021-05-20,31.601999282836914,31.601999282836914,31.601999282836914,31.601999282836914,31.601999282836914,100
2021-05-21,31.8799991607666,31.8799991607666,31.82200050354004,31.82200050354004,31.82200050354004,1800
2021-05-24,32.279998779296875,32.279998779296875,32.18000030517578,32.18000030517578,32.18000030517578,700
2021-05-25,31.81599998474121,31.81599998474121,31.81599998474121,31.81599998474121,31.81599998474121,100
2021-05-26,31.958999633789062,31.958999633789062,31.958999633789062,31.958999633789062,31.958999633789062,100
2021-05-27,32.387001037597656,32.387001037597656,32.387001037597656,32.387001037597656,32.387001037597656,100
2021-05-28,32.40999984741211,32.40999984741211,32.40999984741211,32.40999984741211,32.40999984741211,100
2021-06-01,33.0,33.040000915527344,32.604000091552734,32.604000091552734,32.604000091552734,5100
2021-06-02,32.459999084472656,32.617000579833984,32.459999084472656,32.617000579833984,32.617000579833984,300
2021-06-03,32.604000091552734,32.604000091552734,32.604000091552734,32.604000091552734,32.604000091552734,100
2021-06-04,32.70899963378906,32.880001068115234,32.70899963378906,32.86000061035156,32.86000061035156,2600
2021-06-07,34.4900016784668,34.4900016784668,32.599998474121094,32.63100051879883,32.63100051879883,1600
2021-06-08,32.70000076293945,32.72999954223633,32.69499969482422,32.69499969482422,32.69499969482422,700
2021-06-09,32.31999969482422,32.61000061035156,32.31999969482422,32.422000885009766,32.422000885009766,700
2021-06-10,32.869998931884766,32.90999984741211,32.36000061035156,32.36000061035156,32.36000061035156,13100
2021-06-11,32.48500061035156,32.48500061035156,32.48500061035156,32.48500061035156,32.48500061035156,10000
2021-06-14,32.349998474121094,32.349998474121094,32.154998779296875,32.154998779296875,32.154998779296875,10000
2021-06-15,32.18000030517578,32.349998474121094,32.18000030517578,32.257999420166016,32.257999420166016,2100
2021-06-16,31.860000610351562,32.02000045776367,31.809999465942383,31.865999221801758,31.865999221801758,6400
2021-06-17,31.077999114990234,31.077999114990234,31.077999114990234,31.077999114990234,31.077999114990234,100
2021-06-18,30.219999313354492,30.290000915527344,30.01799964904785,30.01799964904785,30.01799964904785,1200
2021-06-21,30.920000076293945,31.083999633789062,30.760000228881836,31.083999633789062,31.083999633789062,2200
2021-06-22,31.020000457763672,31.197999954223633,31.020000457763672,31.197999954223633,31.197999954223633,200
2021-06-23,31.07200050354004,31.07200050354004,31.07200050354004,31.07200050354004,31.07200050354004,100
2021-06-24,31.459999084472656,31.465999603271484,31.459999084472656,31.465999603271484,31.465999603271484,200
2021-06-25,31.87299919128418,31.87299919128418,31.87299919128418,31.87299919128418,31.87299919128418,0
2021-06-28,31.56800079345703,31.56800079345703,31.56800079345703,31.56800079345703,31.56800079345703,100
2021-06-29,31.398000717163086,31.398000717163086,31.398000717163086,31.398000717163086,31.398000717163086,100
2021-06-30,31.625999450683594,31.625999450683594,31.625999450683594,31.625999450683594,31.625999450683594,0
2021-07-01,32.029998779296875,32.029998779296875,31.9689998626709,31.9689998626709,31.9689998626709,500
2021-07-02,32.11000061035156,32.150001525878906,32.11000061035156,32.150001525878906,32.150001525878906,200
2021-07-06,31.579999923706055,31.579999923706055,31.579999923706055,31.579999923706055,31.579999923706055,500
2021-07-07,31.680999755859375,31.680999755859375,31.680999755859375,31.680999755859375,31.680999755859375,0
2021-07-08,31.00200080871582,31.00200080871582,31.00200080871582,31.00200080871582,31.00200080871582,500
2021-07-09,31.979999542236328,31.979999542236328,31.979999542236328,31.979999542236328,31.979999542236328,500
2021-07-12,32.0,32.1879997253418,32.0,32.1879997253418,32.1879997253418,1200
2021-07-13,31.724000930786133,31.724000930786133,31.724000930786133,31.724000930786133,31.724000930786133,1000
2021-07-14,31.61199951171875,31.61199951171875,31.61199951171875,31.61199951171875,31.61199951171875,1000
2021-07-15,31.56100082397461,31.56100082397461,31.56100082397461,31.56100082397461,31.56100082397461,0
2021-07-16,31.07900047302246,31.07900047302246,31.07900047302246,31.07900047302246,31.07900047302246,1000
2021-07-19,29.8439998626709,29.8439998626709,29.8439998626709,29.8439998626709,29.8439998626709,1000
2021-07-20,30.95400047302246,30.95400047302246,30.95400047302246,30.95400047302246,30.95400047302246,1000
2021-07-21,31.541000366210938,31.541000366210938,31.541000366210938,31.541000366210938,31.541000366210938,1000
2021-07-22,31.29599952697754,31.29599952697754,31.29599952697754,31.29599952697754,31.29599952697754,0
2021-07-23,31.559999465942383,31.665000915527344,31.559999465942383,31.665000915527344,31.665000915527344,200
2021-07-26,31.86199951171875,31.86199951171875,31.86199951171875,31.86199951171875,31.86199951171875,0
2021-07-27,31.8700008392334,31.8700008392334,31.8700008392334,31.8700008392334,31.8700008392334,100
2021-07-28,31.88800048828125,31.88800048828125,31.88800048828125,31.88800048828125,31.88800048828125,100
2021-07-29,32.270999908447266,32.270999908447266,32.270999908447266,32.270999908447266,32.270999908447266,100
2021-07-30,32.0260009765625,32.0260009765625,32.0260009765625,32.0260009765625,32.0260009765625,0
2021-08-02,32.529998779296875,32.540000915527344,31.902999877929688,31.902999877929688,31.902999877929688,4500
2021-08-03,32.25,32.37300109863281,32.25,32.37300109863281,32.37300109863281,4500
2021-08-04,31.849000930786133,31.849000930786133,31.849000930786133,31.849000930786133,31.849000930786133,2200
2021-08-05,32.040000915527344,32.137001037597656,32.040000915527344,32.137001037597656,32.137001037597656,100
2021-08-06,32.47999954223633,32.564998626708984,32.47999954223633,32.564998626708984,32.564998626708984,300
2021-08-09,32.4640007019043,32.4640007019043,32.4640007019043,32.4640007019043,32.4640007019043,600
2021-08-10,32.840999603271484,32.840999603271484,32.840999603271484,32.840999603271484,32.840999603271484,0
2021-08-11,33.25,33.25,33.25,33.25,33.25,600
2021-08-12,33.34000015258789,33.34000015258789,33.34000015258789,33.34000015258789,33.34000015258789,0
2021-08-13,33.26300048828125,33.26300048828125,33.26300048828125,33.26300048828125,33.26300048828125,600
2021-08-16,33.332000732421875,33.332000732421875,33.332000732421875,33.332000732421875,33.332000732421875,100
2021-08-17,32.68000030517578,32.983001708984375,32.68000030517578,32.983001708984375,32.983001708984375,700
2021-08-18,32.2599983215332,32.2599983215332,32.2599983215332,32.2599983215332,32.2599983215332,100
2021-08-19,32.040000915527344,32.040000915527344,32.040000915527344,32.040000915527344,32.040000915527344,100
2021-08-20,32.5,32.5,32.499000549316406,32.499000549316406,32.499000549316406,100
2021-08-23,32.88399887084961,32.88399887084961,32.88399887084961,32.88399887084961,32.88399887084961,0
2021-08-24,33.130001068115234,33.130001068115234,33.084999084472656,33.084999084472656,33.084999084472656,1800
2021-08-25,33.356998443603516,33.356998443603516,33.356998443603516,33.356998443603516,33.356998443603516,1400
2021-08-26,32.92900085449219,32.92900085449219,32.92900085449219,32.92900085449219,32.92900085449219,1400
2021-08-27,33.4630012512207,33.4630012512207,33.4630012512207,33.4630012512207,33.4630012512207,0
2021-08-30,33.34000015258789,33.34000015258789,33.29999923706055,33.29999923706055,33.29999923706055,400
2021-08-31,33.270999908447266,33.270999908447266,33.270999908447266,33.270999908447266,33.270999908447266,600
2021-09-01,33.27000045776367,33.27000045776367,33.23500061035156,33.23500061035156,33.23500061035156,100
2021-09-02,33.62200164794922,33.62200164794922,33.62200164794922,33.62200164794922,33.62200164794922,0
2021-09-03,33.44599914550781,33.44599914550781,33.44599914550781,33.44599914550781,33.44599914550781,0
2021-09-07,32.87900161743164,32.87900161743164,32.87900161743164,32.87900161743164,32.87900161743164,100
2021-09-08,32.814998626708984,32.814998626708984,32.814998626708984,32.814998626708984,32.814998626708984,100
2021-09-09,32.57400131225586,32.57400131225586,32.57400131225586,32.57400131225586,32.57400131225586,0
2021-09-10,32.25,32.25,32.084999084472656,32.084999084472656,32.084999084472656,200
2021-09-13,32.42599868774414,32.42599868774414,32.42599868774414,32.42599868774414,32.42599868774414,100
2021-09-14,31.790000915527344,31.832000732421875,31.790000915527344,31.832000732421875,31.832000732421875,400
2021-09-15,32.43899917602539,32.43899917602539,32.43899917602539,32.43899917602539,32.43899917602539,0
2021-09-16,31.899999618530273,32.22600173950195,31.899999618530273,32.22600173950195,32.22600173950195,500
2021-09-17,31.8799991607666,31.8799991607666,31.8799991607666,31.8799991607666,31.8799991607666,100
2021-09-20,30.902000427246094,30.902000427246094,30.902000427246094,30.902000427246094,30.902000427246094,100
2021-09-21,30.75200080871582,30.75200080871582,30.75200080871582,30.75200080871582,30.75200080871582,100
2021-09-22,31.299999237060547,31.299999237060547,31.299999237060547,31.299999237060547,31.299999237060547,100
2021-09-23,32.185001373291016,32.185001373291016,32.185001373291016,32.185001373291016,32.185001373291016,100
2021-09-24,32.28099822998047,32.28099822998047,32.28099822998047,32.28099822998047,32.28099822998047,0
2021-09-27,32.61000061035156,32.611000061035156,32.46699905395508,32.46699905395508,32.46699905395508,400
2021-09-28,31.850000381469727,31.850000381469727,31.679000854492188,31.679000854492188,31.679000854492188,200
2021-09-29,31.858999252319336,31.858999252319336,31.858999252319336,31.858999252319336,31.858999252319336,100
2021-09-30,31.014999389648438,31.014999389648438,31.014999389648438,31.014999389648438,31.014999389648438,100
2021-10-01,31.732999801635742,31.732999801635742,31.732999801635742,31.732999801635742,31.732999801635742,100
2021-10-04,31.360000610351562,31.382999420166016,31.360000610351562,31.382999420166016,31.382999420166016,100
2021-10-05,31.922000885009766,31.922000885009766,31.922000885009766,31.922000885009766,31.922000885009766,100
2021-10-06,31.670000076293945,32.01900100708008,31.6299991607666,32.01900100708008,32.01900100708008,300
2021-10-07,32.5,32.5,32.5,32.5,32.5,100
2021-10-08,32.65999984741211,32.65999984741211,32.51900100708008,32.51900100708008,32.51900100708008,9700
2021-10-11,32.01300048828125,32.01300048828125,32.01300048828125,32.01300048828125,32.01300048828125,0
2021-10-12,31.875999450683594,31.875999450683594,31.875999450683594,31.875999450683594,31.875999450683594,100
2021-10-13,31.965999603271484,31.965999603271484,31.965999603271484,31.965999603271484,31.965999603271484,0
2021-10-14,32.220001220703125,32.94499969482422,32.220001220703125,32.94499969482422,32.94499969482422,23200
2021-10-15,33.369998931884766,33.369998931884766,33.369998931884766,33.369998931884766,33.369998931884766,0
2021-10-18,33.1879997253418,33.1879997253418,33.1879997253418,33.1879997253418,33.1879997253418,100
2021-10-19,33.65399932861328,33.65399932861328,33.65399932861328,33.65399932861328,33.65399932861328,100
2021-10-20,34.0,34.25400161743164,34.0,34.25400161743164,34.25400161743164,100
2021-10-21,34.20399856567383,34.20399856567383,34.20399856567383,34.20399856567383,34.20399856567383,0
2021-10-22,34.4010009765625,34.4010009765625,34.4010009765625,34.4010009765625,34.4010009765625,0
2021-10-25,34.43199920654297,34.43199920654297,34.43199920654297,34.43199920654297,34.43199920654297,100
2021-10-26,34.518001556396484,34.518001556396484,34.518001556396484,34.518001556396484,34.518001556396484,0
2021-10-27,33.5890007019043,33.5890007019043,33.5890007019043,33.5890007019043,33.5890007019043,100
2021-10-28,34.13100051879883,34.13100051879883,34.13100051879883,34.13100051879883,34.13100051879883,100
2021-10-29,34.124000549316406,34.124000549316406,34.124000549316406,34.124000549316406,34.124000549316406,0
2021-11-01,34.40999984741211,34.40999984741211,34.40999984741211,34.40999984741211,34.40999984741211,100
2021-11-02,34.53799819946289,34.53799819946289,34.53799819946289,34.53799819946289,34.53799819946289,0
2021-11-03,34.720001220703125,34.915000915527344,34.720001220703125,34.915000915527344,34.915000915527344,100
2021-11-04,34.60100173950195,34.60100173950195,34.60100173950195,34.60100173950195,34.60100173950195,100
2021-11-05,34.939998626708984,34.97600173950195,34.939998626708984,34.97600173950195,34.97600173950195,9700
2021-11-08,35.124000549316406,35.124000549316406,35.124000549316406,35.124000549316406,35.124000549316406,100
2021-11-09,35.034000396728516,35.034000396728516,35.034000396728516,35.034000396728516,35.034000396728516,0
2021-11-10,35.189998626708984,35.189998626708984,34.88100051879883,34.88100051879883,34.88100051879883,300
2021-11-11,34.856998443603516,34.856998443603516,34.856998443603516,34.856998443603516,34.856998443603516,100
2021-11-12,35.02399826049805,35.02399826049805,35.02399826049805,35.02399826049805,35.02399826049805,100
2021-11-15,35.03799819946289,35.03799819946289,35.03799819946289,35.03799819946289,35.03799819946289,0
2021-11-16,34.99800109863281,34.99800109863281,34.99800109863281,34.99800109863281,34.99800109863281,0
2021-11-17,34.689998626708984,34.689998626708984,34.66600036621094,34.66600036621094,34.66600036621094,200
2021-11-18,34.375999450683594,34.375999450683594,34.375999450683594,34.375999450683594,34.375999450683594,100
2021-11-19,33.816001892089844,33.816001892089844,33.816001892089844,33.816001892089844,33.816001892089844,100
2021-11-22,33.18000030517578,34.400001525878906,33.18000030517578,34.132999420166016,34.132999420166016,1400
2021-11-23,34.51499938964844,34.51499938964844,34.51499938964844,34.51499938964844,34.51499938964844,0
2021-11-24,34.49800109863281,34.49800109863281,34.49800109863281,34.49800109863281,34.49800109863281,0
2021-11-26,33.02199935913086,33.02199935913086,33.02199935913086,33.02199935913086,33.02199935913086,100
2021-11-29,33.150001525878906,33.35900115966797,33.150001525878906,33.35900115966797,33.35900115966797,300
2021-11-30,31.68899917602539,31.68899917602539,31.68899917602539,31.68899917602539,31.68899917602539,0
2021-12-01,32.95000076293945,32.95000076293945,31.229000091552734,31.229000091552734,31.229000091552734,400
2021-12-02,32.43000030517578,32.43000030517578,32.3390007019043,32.3390007019043,32.3390007019043,100
2021-12-03,32.26300048828125,32.26300048828125,32.26300048828125,32.26300048828125,32.26300048828125,100
2021-12-06,33.167999267578125,33.167999267578125,33.167999267578125,33.167999267578125,33.167999267578125,0
2021-12-07,33.90800094604492,33.90800094604492,33.90800094604492,33.90800094604492,33.90800094604492,100
2021-12-08,34.069000244140625,34.069000244140625,34.069000244140625,34.069000244140625,34.069000244140625,0
2021-12-09,33.82600021362305,33.82600021362305,33.82600021362305,33.82600021362305,33.82600021362305,0
2021-12-10,34.10599899291992,34.10599899291992,34.10599899291992,34.10599899291992,34.10599899291992,0
2021-12-13,33.77000045776367,33.79999923706055,33.77000045776367,33.792999267578125,33.792999267578125,5000
2021-12-14,33.606998443603516,33.606998443603516,33.606998443603516,33.606998443603516,33.606998443603516,100
2021-12-15,33.59000015258789,34.24599838256836,33.59000015258789,34.24599838256836,34.24599838256836,2000
2021-12-16,34.56999969482422,34.619998931884766,34.56999969482422,34.619998931884766,34.619998931884766,100
2021-12-17,33.900001525878906,33.900001525878906,33.7859992980957,33.7859992980957,33.7859992980957,200
2021-12-20,32.52000045776367,32.99300003051758,32.52000045776367,32.99300003051758,32.99300003051758,300
2021-12-21,33.92499923706055,33.92499923706055,33.92499923706055,33.92499923706055,33.92499923706055,100
2021-12-22,34.38600158691406,34.38600158691406,34.38600158691406,34.38600158691406,34.38600158691406,0
2021-12-23,34.803001403808594,34.803001403808594,34.803001403808594,34.803001403808594,34.803001403808594,0
2021-12-27,34.86000061035156,35.41400146484375,34.86000061035156,35.41400146484375,35.41400146484375,200
2021-12-28,35.52199935913086,35.52199935913086,35.52199935913086,35.52199935913086,35.52199935913086,100
2021-12-29,35.73099899291992,35.73099899291992,35.73099899291992,35.73099899291992,35.73099899291992,200
2021-12-30,35.637001037597656,35.637001037597656,35.637001037597656,35.637001037597656,35.637001037597656,100
2021-12-31,35.65700149536133,35.65700149536133,35.65700149536133,35.65700149536133,35.65700149536133,100
2022-01-03,35.814998626708984,35.814998626708984,35.814998626708984,35.814998626708984,35.814998626708984,100
2022-01-04,36.400001525878906,36.529998779296875,36.400001525878906,36.481998443603516,36.481998443603516,400
2022-01-05,36.849998474121094,36.849998474121094,35.91299819946289,35.91299819946289,35.91299819946289,2200
2022-01-06,35.97200012207031,35.97200012207031,35.97200012207031,35.97200012207031,35.97200012207031,200
2022-01-07,36.2130012512207,36.2130012512207,36.2130012512207,36.2130012512207,36.2130012512207,300
2022-01-10,35.4900016784668,36.02299880981445,35.4900016784668,36.02299880981445,36.02299880981445,700
2022-01-11,36.029998779296875,36.61000061035156,35.779998779296875,36.61000061035156,36.61000061035156,5400
2022-01-12,36.630001068115234,36.7239990234375,36.619998931884766,36.7239990234375,36.7239990234375,300
2022-01-13,36.2400016784668,36.310001373291016,36.2400016784668,36.28499984741211,36.28499984741211,4200
2022-01-14,36.099998474121094,36.31999969482422,35.54999923706055,36.2599983215332,36.2599983215332,97700
2022-01-18,36.84000015258789,36.84000015258789,34.939998626708984,35.189998626708984,35.189998626708984,111200
2022-01-19,35.400001525878906,35.400001525878906,34.6349983215332,34.6349983215332,34.6349983215332,17300
2022-01-20,34.7599983215332,35.45000076293945,33.915000915527344,33.915000915527344,33.915000915527344,160000
2022-01-21,33.58000183105469,34.0,32.869998931884766,32.92399978637695,32.92399978637695,12900
2022-01-24,31.760000228881836,32.981998443603516,31.760000228881836,32.981998443603516,32.981998443603516,600
2022-01-25,32.060001373291016,33.099998474121094,32.060001373291016,32.707000732421875,32.707000732421875,400
2022-01-26,33.279998779296875,33.29999923706055,32.25699996948242,32.25699996948242,32.25699996948242,1700
2022-01-27,33.029998779296875,33.29999923706055,31.770000457763672,32.058998107910156,32.058998107910156,7200
2022-01-28,31.610000610351562,32.9900016784668,31.610000610351562,32.9900016784668,32.9900016784668,27900
2022-01-31,33.0,33.880001068115234,32.959999084472656,33.849998474121094,33.849998474121094,54800
2022-02-01,33.79999923706055,34.43000030517578,33.70000076293945,34.409000396728516,34.409000396728516,57900
2022-02-02,34.31999969482422,34.970001220703125,34.09000015258789,34.90999984741211,34.90999984741211,218200
2022-02-03,34.150001525878906,34.150001525878906,34.150001525878906,34.150001525878906,34.150001525878906,100
2022-02-04,33.58000183105469,34.650001525878906,33.560001373291016,34.237998962402344,34.237998962402344,16400
2022-02-07,34.2400016784668,34.5,34.09000015258789,34.1510009765625,34.1510009765625,36500
2022-02-08,34.220001220703125,34.766998291015625,34.209999084472656,34.766998291015625,34.766998291015625,35000
2022-02-09,35.40999984741211,35.54999923706055,35.33000183105469,35.45899963378906,35.45899963378906,27200
2022-02-10,35.52000045776367,35.52000045776367,34.41999816894531,34.479000091552734,34.479000091552734,32100
2022-02-11,34.02000045776367,34.11000061035156,33.790000915527344,33.895999908447266,33.895999908447266,16300
2022-02-14,33.13999938964844,33.34000015258789,32.869998931884766,33.29600143432617,33.29600143432617,57500
2022-02-15,34.09000015258789,34.09000015258789,33.88999938964844,33.9640007019043,33.9640007019043,24000
2022-02-16,33.720001220703125,34.17100143432617,33.720001220703125,34.17100143432617,34.17100143432617,12200
2022-02-17,33.38999938964844,33.529998779296875,33.040000915527344,33.0890007019043,33.0890007019043,32800
2022-02-18,32.880001068115234,32.900001525878906,32.73699951171875,32.73699951171875,32.73699951171875,16100
2022-02-22,32.70000076293945,32.75,31.75,32.1150016784668,32.1150016784668,28500
2022-02-23,31.959999084472656,31.959999084472656,31.256999969482422,31.256999969482422,31.256999969482422,20100
2022-02-24,31.190000534057617,31.3700008392334,31.190000534057617,31.3700008392334,31.3700008392334,4100
2022-02-25,32.13999938964844,33.28499984741211,32.13999938964844,33.28499984741211,33.28499984741211,8000
2022-02-28,32.59000015258789,32.91299819946289,32.59000015258789,32.91299819946289,32.91299819946289,12200
2022-03-01,31.804000854492188,31.804000854492188,31.804000854492188,31.804000854492188,31.804000854492188,100
2022-03-02,33.31999969482422,33.31999969482422,33.28900146484375,33.28900146484375,33.28900146484375,4000
2022-03-03,33.560001373291016,33.560001373291016,33.180999755859375,33.180999755859375,33.180999755859375,2000
2022-03-04,32.26100158691406,32.9630012512207,32.26100158691406,32.9630012512207,32.9630012512207,200
2022-03-07,32.349998474121094,32.55400085449219,31.461000442504883,31.461000442504883,31.461000442504883,900
2022-03-08,31.31999969482422,31.329999923706055,30.97599983215332,30.97599983215332,30.97599983215332,700
2022-03-09,32.01300048828125,32.01300048828125,32.01300048828125,32.01300048828125,32.01300048828125,100
2022-03-10,31.5,32.02199935913086,31.5,32.02199935913086,32.02199935913086,100
2022-03-11,32.099998474121094,32.099998474121094,31.461000442504883,31.461000442504883,31.461000442504883,100
2022-03-14,31.327999114990234,31.327999114990234,31.327999114990234,31.327999114990234,31.327999114990234,100
2022-03-15,31.940000534057617,32.15999984741211,31.940000534057617,32.15999984741211,32.15999984741211,4000
2022-03-16,33.16699981689453,33.16699981689453,33.16699981689453,33.16699981689453,33.16699981689453,100
2022-03-17,33.99700164794922,33.99700164794922,33.99700164794922,33.99700164794922,33.99700164794922,100
2022-03-18,34.37300109863281,34.37300109863281,34.37300109863281,34.37300109863281,34.37300109863281,100
2022-03-21,34.63999938964844,34.63999938964844,34.310001373291016,34.4640007019043,34.4640007019043,4200
2022-03-22,34.88399887084961,34.88399887084961,34.88399887084961,34.88399887084961,34.88399887084961,100
2022-03-23,34.1619987487793,34.1619987487793,34.1619987487793,34.1619987487793,34.1619987487793,400
2022-03-24,34.792999267578125,34.792999267578125,34.792999267578125,34.792999267578125,34.792999267578125,100
2022-03-25,35.446998596191406,35.446998596191406,35.446998596191406,35.446998596191406,35.446998596191406,100
2022-03-28,35.375999450683594,35.375999450683594,35.375999450683594,35.375999450683594,35.375999450683594,100
2022-03-29,36.09000015258789,36.09000015258789,36.09000015258789,36.09000015258789,36.09000015258789,100
2022-03-30,35.85499954223633,35.85499954223633,35.85499954223633,35.85499954223633,35.85499954223633,100
2022-03-31,34.9900016784668,34.9900016784668,34.9900016784668,34.9900016784668,34.9900016784668,100
2022-04-01,35.16600036621094,35.16600036621094,35.16600036621094,35.16600036621094,35.16600036621094,100
2022-04-04,35.02199935913086,35.02199935913086,35.02199935913086,35.02199935913086,35.02199935913086,0
2022-04-05,34.494998931884766,34.494998931884766,34.494998931884766,34.494998931884766,34.494998931884766,0
2022-04-06,34.606998443603516,34.606998443603516,34.606998443603516,34.606998443603516,34.606998443603516,0
2022-04-07,34.92100143432617,34.92100143432617,34.92100143432617,34.92100143432617,34.92100143432617,100
2022-04-08,35.215999603271484,35.215999603271484,35.215999603271484,35.215999603271484,35.215999603271484,100
2022-04-11,34.53799819946289,34.53799819946289,34.53799819946289,34.53799819946289,34.53799819946289,100
2022-04-12,35.099998474121094,35.119998931884766,34.36600112915039,34.36600112915039,34.36600112915039,8100
2022-04-13,34.895999908447266,34.895999908447266,34.895999908447266,34.895999908447266,34.895999908447266,0
2022-04-14,34.555999755859375,34.555999755859375,34.555999755859375,34.555999755859375,34.555999755859375,100
2022-04-18,34.38399887084961,34.38399887084961,34.38399887084961,34.38399887084961,34.38399887084961,100
2022-04-19,35.34000015258789,35.34000015258789,35.34000015258789,35.34000015258789,35.34000015258789,100
2022-04-20,35.858001708984375,35.858001708984375,35.858001708984375,35.858001708984375,35.858001708984375,100
2022-04-21,34.939998626708984,34.95800018310547,34.939998626708984,34.95800018310547,34.95800018310547,4000
2022-04-22,33.150001525878906,33.150001525878906,33.150001525878906,33.150001525878906,33.150001525878906,100
2022-04-25,33.150001525878906,33.150001525878906,33.150001525878906,33.150001525878906,33.150001525878906,0
2022-04-26,31.856000900268555,31.856000900268555,31.856000900268555,31.856000900268555,31.856000900268555,100
2022-04-27,32.099998474121094,32.099998474121094,31.781999588012695,31.781999588012695,31.781999588012695,200
2022-04-28,32.755001068115234,32.755001068115234,32.755001068115234,32.755001068115234,32.755001068115234,100
2022-04-29,30.775999069213867,30.775999069213867,30.775999069213867,30.775999069213867,30.775999069213867,100
2022-05-02,30.77899932861328,30.77899932861328,30.77899932861328,30.77899932861328,30.77899932861328,100
2022-05-03,31.229999542236328,31.39900016784668,31.229999542236328,31.39900016784668,31.39900016784668,300
2022-05-04,33.108001708984375,33.108001708984375,33.108001708984375,33.108001708984375,33.108001708984375,100
2022-05-05,31.020000457763672,31.37299919128418,31.020000457763672,31.37299919128418,31.37299919128418,8000
2022-05-06,30.739999771118164,31.222000122070312,30.707000732421875,31.222000122070312,31.222000122070312,400
2022-05-09,29.427000045776367,29.427000045776367,29.427000045776367,29.427000045776367,29.427000045776367,100
2022-05-10,28.700000762939453,29.18199920654297,28.700000762939453,29.18199920654297,29.18199920654297,4000
2022-05-11,29.19099998474121,29.19099998474121,28.791000366210938,28.791000366210938,28.791000366210938,400
2022-05-12,28.757999420166016,28.757999420166016,28.757999420166016,28.757999420166016,28.757999420166016,100
2022-05-13,29.94099998474121,29.94099998474121,29.94099998474121,29.94099998474121,29.94099998474121,100
2022-05-16,29.999000549316406,29.999000549316406,29.999000549316406,29.999000549316406,29.999000549316406,100
2022-05-17,31.099000930786133,31.099000930786133,31.099000930786133,31.099000930786133,31.099000930786133,100
2022-05-18,28.93400001525879,28.93400001525879,28.93400001525879,28.93400001525879,28.93400001525879,100
2022-05-19,28.66699981689453,28.66699981689453,28.66699981689453,28.66699981689453,28.66699981689453,100
2022-05-20,28.73699951171875,28.73699951171875,28.73699951171875,28.73699951171875,28.73699951171875,200
2022-05-23,29.75,29.841999053955078,29.75,29.841999053955078,29.841999053955078,3400
2022-05-24,29.875999450683594,29.875999450683594,29.875999450683594,29.875999450683594,29.875999450683594,100
2022-05-25,30.424999237060547,30.424999237060547,30.424999237060547,30.424999237060547,30.424999237060547,100
2022-05-26,31.329999923706055,31.386999130249023,31.329999923706055,31.386999130249023,31.386999130249023,300
2022-05-27,32.534000396728516,32.534000396728516,32.534000396728516,32.534000396728516,32.534000396728516,100
2022-05-31,32.01599884033203,32.01599884033203,32.01599884033203,32.01599884033203,32.01599884033203,100
2022-06-01,31.34000015258789,32.0,31.299999237060547,31.55500030517578,31.55500030517578,13700
2022-06-02,32.27299880981445,32.27299880981445,32.27299880981445,32.27299880981445,32.27299880981445,100
2022-06-03,31.677000045776367,31.677000045776367,31.677000045776367,31.677000045776367,31.677000045776367,0
2022-06-06,32.029998779296875,32.029998779296875,31.80299949645996,31.80299949645996,31.80299949645996,800
2022-06-07,32.50699996948242,32.50699996948242,32.50699996948242,32.50699996948242,32.50699996948242,100
2022-06-08,31.618999481201172,31.618999481201172,31.618999481201172,31.618999481201172,31.618999481201172,100
2022-06-09,30.20599937438965,30.20599937438965,30.20599937438965,30.20599937438965,30.20599937438965,100
2022-06-10,28.90999984741211,28.920000076293945,28.797000885009766,28.797000885009766,28.797000885009766,2700
2022-06-13,26.739999771118164,26.739999771118164,26.343000411987305,26.343000411987305,26.343000411987305,100
2022-06-14,25.934999465942383,25.934999465942383,25.934999465942383,25.934999465942383,25.934999465942383,200
2022-06-15,26.260000228881836,26.416000366210938,26.260000228881836,26.416000366210938,26.416000366210938,100
2022-06-16,24.538999557495117,24.538999557495117,24.538999557495117,24.538999557495117,24.538999557495117,100
2022-06-17,24.649999618530273,24.649999618530273,24.51799964904785,24.51799964904785,24.51799964904785,200
2022-06-21,25.80299949645996,25.80299949645996,25.80299949645996,25.80299949645996,25.80299949645996,100
2022-06-22,25.795000076293945,25.795000076293945,25.795000076293945,25.795000076293945,25.795000076293945,100
2022-06-23,25.90399932861328,25.90399932861328,25.90399932861328,25.90399932861328,25.90399932861328,100
2022-06-24,27.46500015258789,27.540000915527344,27.46500015258789,27.500999450683594,27.500999450683594,1200
2022-06-27,27.65999984741211,27.65999984741211,27.50200080871582,27.50200080871582,27.50200080871582,300
2022-06-28,26.781999588012695,26.781999588012695,26.781999588012695,26.781999588012695,26.781999588012695,100
2022-06-29,26.4950008392334,26.4950008392334,26.4950008392334,26.4950008392334,26.4950008392334,100
2022-06-30,25.893999099731445,25.893999099731445,25.893999099731445,25.893999099731445,25.893999099731445,100
2022-07-01,26.399999618530273,26.749000549316406,26.0,26.749000549316406,26.749000549316406,12000
2022-07-05,25.389999389648438,26.349000930786133,25.270000457763672,26.349000930786133,26.349000930786133,3300
2022-07-06,26.350000381469727,26.350000381469727,26.350000381469727,26.350000381469727,26.350000381469727,100
2022-07-07,27.020000457763672,27.180999755859375,27.020000457763672,27.180999755859375,27.180999755859375,400
2022-07-08,27.18000030517578,27.18000030517578,26.645000457763672,27.052000045776367,27.052000045776367,4800
2022-07-11,26.461999893188477,26.461999893188477,26.461999893188477,26.461999893188477,26.461999893188477,0
2022-07-12,26.6299991607666,26.6299991607666,26.152000427246094,26.152000427246094,26.152000427246094,100
2022-07-13,26.0,26.0,25.8799991607666,25.8799991607666,25.8799991607666,1700
2022-07-14,24.760000228881836,25.29599952697754,24.719999313354492,25.29599952697754,25.29599952697754,2000
2022-07-15,26.229999542236328,26.319000244140625,26.229999542236328,26.319000244140625,26.319000244140625,6100
2022-07-18,26.799999237060547,26.799999237060547,26.086000442504883,26.086000442504883,26.086000442504883,300
2022-07-19,27.34000015258789,27.44099998474121,27.34000015258789,27.44099998474121,27.44099998474121,100
2022-07-20,27.5,27.63599967956543,27.5,27.63599967956543,27.63599967956543,600
2022-07-21,27.600000381469727,27.87299919128418,27.600000381469727,27.87299919128418,27.87299919128418,300
2022-07-22,27.5049991607666,27.5049991607666,27.5049991607666,27.5049991607666,27.5049991607666,100
2022-07-25,27.804000854492188,27.804000854492188,27.804000854492188,27.804000854492188,27.804000854492188,100
2022-07-26,27.45400047302246,27.45400047302246,27.45400047302246,27.45400047302246,27.45400047302246,0
2022-07-27,28.365999221801758,28.365999221801758,28.365999221801758,28.365999221801758,28.365999221801758,0
2022-07-28,28.827999114990234,28.827999114990234,28.827999114990234,28.827999114990234,28.827999114990234,100
2022-07-29,29.440000534057617,29.5,29.33300018310547,29.33300018310547,29.33300018310547,9800
2022-08-01,29.01099967956543,29.183000564575195,29.0,29.183000564575195,29.183000564575195,8400
2022-08-02,29.31999969482422,29.31999969482422,28.770999908447266,28.770999908447266,28.770999908447266,1400
2022-08-03,29.402000427246094,29.402000427246094,29.402000427246094,29.402000427246094,29.402000427246094,100
2022-08-04,29.06999969482422,29.06999969482422,29.06999969482422,29.06999969482422,29.06999969482422,0
2022-08-05,29.18199920654297,29.18199920654297,29.18199920654297,29.18199920654297,29.18199920654297,0
2022-08-08,29.30699920654297,29.30699920654297,29.30699920654297,29.30699920654297,29.30699920654297,100
2022-08-09,29.0,29.17300033569336,28.989999771118164,29.17300033569336,29.17300033569336,300
2022-08-10,29.920000076293945,30.238000869750977,29.920000076293945,30.238000869750977,30.238000869750977,200
2022-08-11,30.483999252319336,30.483999252319336,30.483999252319336,30.483999252319336,30.483999252319336,100
2022-08-12,31.260000228881836,31.260000228881836,31.260000228881836,31.260000228881836,31.260000228881836,200
2022-08-15,31.409000396728516,31.409000396728516,31.409000396728516,31.409000396728516,31.409000396728516,100
2022-08-16,31.62700080871582,31.62700080871582,31.62700080871582,31.62700080871582,31.62700080871582,100
2022-08-17,31.121999740600586,31.121999740600586,31.121999740600586,31.121999740600586,31.121999740600586,0
2022-08-18,31.235000610351562,31.235000610351562,31.235000610351562,31.235000610351562,31.235000610351562,0
2022-08-19,30.625999450683594,30.625999450683594,30.625999450683594,30.625999450683594,30.625999450683594,100
2022-08-22,29.530000686645508,29.530000686645508,29.530000686645508,29.530000686645508,29.530000686645508,100
2022-08-23,29.469999313354492,29.469999313354492,29.469999313354492,29.469999313354492,29.469999313354492,100
2022-08-24,29.700000762939453,29.700000762939453,29.700000762939453,29.700000762939453,29.700000762939453,0
2022-08-25,30.3799991607666,30.3799991607666,30.3799991607666,30.3799991607666,30.3799991607666,0
2022-08-26,28.856000900268555,28.856000900268555,28.856000900268555,28.856000900268555,28.856000900268555,100
2022-08-29,28.621999740600586,28.621999740600586,28.621999740600586,28.621999740600586,28.621999740600586,0
2022-08-30,27.90999984741211,27.90999984741211,27.90999984741211,27.90999984741211,27.90999984741211,100
2022-08-31,27.656999588012695,27.656999588012695,27.656999588012695,27.656999588012695,27.656999588012695,0
2022-09-01,27.610000610351562,27.66900062561035,27.600000381469727,27.66900062561035,27.66900062561035,600
2022-09-02,27.214000701904297,27.214000701904297,27.214000701904297,27.214000701904297,27.214000701904297,0
2022-09-06,26.985000610351562,26.985000610351562,26.985000610351562,26.985000610351562,26.985000610351562,100
2022-09-07,27.951000213623047,27.951000213623047,27.951000213623047,27.951000213623047,27.951000213623047,100
2022-09-08,28.437999725341797,28.437999725341797,28.437999725341797,28.437999725341797,28.437999725341797,100
2022-09-09,29.238000869750977,29.238000869750977,29.238000869750977,29.238000869750977,29.238000869750977,200
2022-09-12,29.673999786376953,29.673999786376953,29.673999786376953,29.673999786376953,29.673999786376953,0
2022-09-13,27.648000717163086,27.648000717163086,27.648000717163086,27.648000717163086,27.648000717163086,100
2022-09-14,27.67799949645996,27.67799949645996,27.67799949645996,27.67799949645996,27.67799949645996,0
2022-09-15,27.510000228881836,27.549999237060547,27.368000030517578,27.368000030517578,27.368000030517578,1900
2022-09-16,26.8799991607666,26.8799991607666,26.8799991607666,26.8799991607666,26.8799991607666,0
2022-09-19,27.14699935913086,27.14699935913086,27.14699935913086,27.14699935913086,27.14699935913086,100
2022-09-20,26.391000747680664,26.391000747680664,26.391000747680664,26.391000747680664,26.391000747680664,0
2022-09-21,25.60700035095215,25.60700035095215,25.60700035095215,25.60700035095215,25.60700035095215,100
2022-09-22,25.138999938964844,25.138999938964844,25.138999938964844,25.138999938964844,25.138999938964844,100
2022-09-23,24.0049991607666,24.0049991607666,24.0049991607666,24.0049991607666,24.0049991607666,100
2022-09-26,23.3700008392334,23.3700008392334,23.3700008392334,23.3700008392334,23.3700008392334,100
2022-09-27,23.10300064086914,23.10300064086914,23.10300064086914,23.10300064086914,23.10300064086914,100
2022-09-28,24.30500030517578,24.30500030517578,24.30500030517578,24.30500030517578,24.30500030517578,100
2022-09-29,23.340999603271484,23.340999603271484,23.340999603271484,23.340999603271484,23.340999603271484,0
2022-09-30,22.788999557495117,22.788999557495117,22.788999557495117,22.788999557495117,22.788999557495117,100
2022-10-03,24.128999710083008,24.128999710083008,24.128999710083008,24.128999710083008,24.128999710083008,100
2022-10-04,25.711999893188477,25.711999893188477,25.711999893188477,25.711999893188477,25.711999893188477,0
2022-10-05,25.55500030517578,25.55500030517578,25.55500030517578,25.55500030517578,25.55500030517578,0
2022-10-06,25.0049991607666,25.0049991607666,25.0049991607666,25.0049991607666,25.0049991607666,0
2022-10-07,23.81800079345703,23.81800079345703,23.81800079345703,23.81800079345703,23.81800079345703,100
2022-10-10,23.54800033569336,23.54800033569336,23.54800033569336,23.54800033569336,23.54800033569336,100
2022-10-11,23.323999404907227,23.323999404907227,23.323999404907227,23.323999404907227,23.323999404907227,100
2022-10-12,23.280000686645508,23.309999465942383,23.1200008392334,23.1200008392334,23.1200008392334,3200
2022-10-13,24.43400001525879,24.43400001525879,24.43400001525879,24.43400001525879,24.43400001525879,100
2022-10-14,23.39699935913086,23.39699935913086,23.39699935913086,23.39699935913086,23.39699935913086,0
2022-10-17,24.511999130249023,24.511999130249023,24.511999130249023,24.511999130249023,24.511999130249023,100
2022-10-18,25.0310001373291,25.0310001373291,25.0310001373291,25.0310001373291,25.0310001373291,100
2022-10-19,24.58300018310547,24.58300018310547,24.58300018310547,24.58300018310547,24.58300018310547,0
2022-10-20,24.20199966430664,24.20199966430664,24.20199966430664,24.20199966430664,24.20199966430664,100
2022-10-21,25.261999130249023,25.261999130249023,25.261999130249023,25.261999130249023,25.261999130249023,0
2022-10-24,25.707000732421875,25.707000732421875,25.707000732421875,25.707000732421875,25.707000732421875,100
2022-10-25,26.500999450683594,26.500999450683594,26.500999450683594,26.500999450683594,26.500999450683594,100
2022-10-26,26.700000762939453,26.700000762939453,26.650999069213867,26.650999069213867,26.650999069213867,1000
2022-10-27,26.490999221801758,26.490999221801758,26.490999221801758,26.490999221801758,26.490999221801758,0
2022-10-28,27.65999984741211,27.65999984741211,27.65999984741211,27.65999984741211,27.65999984741211,100
2022-10-31,27.382999420166016,27.382999420166016,27.382999420166016,27.382999420166016,27.382999420166016,100
2022-11-01,27.524999618530273,27.524999618530273,27.524999618530273,27.524999618530273,27.524999618530273,100
2022-11-02,26.549999237060547,26.549999237060547,26.549999237060547,26.549999237060547,26.549999237060547,100
2022-11-03,25.93000030517578,26.270999908447266,25.790000915527344,26.270999908447266,26.270999908447266,4800
2022-11-04,26.990999221801758,26.990999221801758,26.990999221801758,26.990999221801758,26.990999221801758,0
2022-11-07,27.420000076293945,27.420000076293945,27.420000076293945,27.420000076293945,27.420000076293945,100
2022-11-08,27.691999435424805,27.691999435424805,27.691999435424805,27.691999435424805,27.691999435424805,100
2022-11-09,26.659000396728516,26.659000396728516,26.659000396728516,26.659000396728516,26.659000396728516,0
2022-11-10,28.510000228881836,28.961000442504883,28.479999542236328,28.961000442504883,28.961000442504883,2200
2022-11-11,29.267000198364258,29.267000198364258,29.267000198364258,29.267000198364258,29.267000198364258,100
2022-11-14,28.864999771118164,28.864999771118164,28.864999771118164,28.864999771118164,28.864999771118164,100
2022-11-15,29.5,29.5,29.260000228881836,29.260000228881836,29.260000228881836,1800
2022-11-16,28.791000366210938,28.791000366210938,28.791000366210938,28.791000366210938,28.791000366210938,100
2022-11-17,28.030000686645508,28.490999221801758,28.030000686645508,28.490999221801758,28.490999221801758,200
2022-11-18,28.913000106811523,28.913000106811523,28.913000106811523,28.913000106811523,28.913000106811523,100
2022-11-21,28.957000732421875,28.957000732421875,28.957000732421875,28.957000732421875,28.957000732421875,100
2022-11-22,29.68899917602539,29.68899917602539,29.68899917602539,29.68899917602539,29.68899917602539,100
2022-11-23,29.781999588012695,29.781999588012695,29.781999588012695,29.781999588012695,29.781999588012695,100
2022-11-25,29.895999908447266,29.895999908447266,29.895999908447266,29.895999908447266,29.895999908447266,0
2022-11-28,29.229999542236328,29.280000686645508,29.049999237060547,29.049999237060547,29.049999237060547,1300
2022-11-29,29.141000747680664,29.22599983215332,29.141000747680664,29.22599983215332,29.22599983215332,200
2022-11-30,29.010000228881836,30.292999267578125,29.010000228881836,30.292999267578125,30.292999267578125,3400
2022-12-01,30.0,30.357999801635742,30.0,30.357999801635742,30.357999801635742,100
2022-12-02,30.280000686645508,30.280000686645508,30.280000686645508,30.280000686645508,30.280000686645508,0
2022-12-05,29.284000396728516,29.284000396728516,29.284000396728516,29.284000396728516,29.284000396728516,0
2022-12-06,28.628000259399414,28.628000259399414,28.628000259399414,28.628000259399414,28.628000259399414,100
2022-12-07,28.632999420166016,28.632999420166016,28.632999420166016,28.632999420166016,28.632999420166016,100
2022-12-08,28.860000610351562,28.860000610351562,28.860000610351562,28.860000610351562,28.860000610351562,0
2022-12-09,28.506999969482422,28.506999969482422,28.506999969482422,28.506999969482422,28.506999969482422,100
2022-12-12,29.19099998474121,29.19099998474121,29.19099998474121,29.19099998474121,29.19099998474121,100
2022-12-13,29.549999237060547,29.549999237060547,29.549999237060547,29.549999237060547,29.549999237060547,100
2022-12-14,29.305999755859375,29.305999755859375,29.305999755859375,29.305999755859375,29.305999755859375,100
2022-12-15,28.155000686645508,28.155000686645508,28.155000686645508,28.155000686645508,28.155000686645508,0
2022-12-16,27.674999237060547,27.674999237060547,27.674999237060547,27.674999237060547,27.674999237060547,100
2022-12-19,27.288000106811523,27.288000106811523,27.288000106811523,27.288000106811523,27.288000106811523,100
2022-12-20,27.474000930786133,27.474000930786133,27.474000930786133,27.474000930786133,27.474000930786133,0
2022-12-21,28.121000289916992,28.121000289916992,28.121000289916992,28.121000289916992,28.121000289916992,0
2022-12-22,27.642000198364258,27.642000198364258,27.642000198364258,27.642000198364258,27.642000198364258,100
2022-12-23,28.011999130249023,28.011999130249023,28.011999130249023,28.011999130249023,28.011999130249023,0
2022-12-27,28.170000076293945,28.170000076293945,28.086000442504883,28.086000442504883,28.086000442504883,100
2022-12-28,27.506000518798828,27.506000518798828,27.506000518798828,27.506000518798828,27.506000518798828,0
2022-12-29,28.216999053955078,28.216999053955078,28.216999053955078,28.216999053955078,28.216999053955078,100
2022-12-30,28.073999404907227,28.073999404907227,28.073999404907227,28.073999404907227,28.073999404907227,0
2023-01-03,28.5,28.5,28.06399917602539,28.06399917602539,28.06399917602539,500
2023-01-04,28.299999237060547,28.60700035095215,28.299999237060547,28.60700035095215,28.60700035095215,200
2023-01-05,28.288000106811523,28.288000106811523,28.288000106811523,28.288000106811523,28.288000106811523,100
2023-01-06,29.33799934387207,29.33799934387207,29.33799934387207,29.33799934387207,29.33799934387207,100
2023-01-09,29.14699935913086,29.14699935913086,29.14699935913086,29.14699935913086,29.14699935913086,300
2023-01-10,29.239999771118164,29.493999481201172,29.239999771118164,29.493999481201172,29.493999481201172,400
2023-01-11,29.729999542236328,29.937000274658203,29.719999313354492,29.937000274658203,29.937000274658203,2700
2023-01-12,29.889999389648438,30.190000534057617,29.889999389648438,30.190000534057617,30.190000534057617,400
2023-01-13,30.079999923706055,30.38599967956543,30.079999923706055,30.38599967956543,30.38599967956543,400
2023-01-17,30.073999404907227,30.073999404907227,30.073999404907227,30.073999404907227,30.073999404907227,0
2023-01-18,29.025999069213867,29.025999069213867,29.025999069213867,29.025999069213867,29.025999069213867,100
2023-01-19,28.65999984741211,28.65999984741211,28.65999984741211,28.65999984741211,28.65999984741211,100
2023-01-20,28.600000381469727,29.44700050354004,28.600000381469727,29.44700050354004,29.44700050354004,300
2023-01-23,30.024999618530273,30.024999618530273,30.024999618530273,30.024999618530273,30.024999618530273,0
2023-01-24,29.957000732421875,29.957000732421875,29.957000732421875,29.957000732421875,29.957000732421875,100
2023-01-25,30.017000198364258,30.017000198364258,30.017000198364258,30.017000198364258,30.017000198364258,0
2023-01-26,30.472999572753906,30.472999572753906,30.472999572753906,30.472999572753906,30.472999572753906,100
2023-01-27,30.479999542236328,30.481000900268555,30.479999542236328,30.481000900268555,30.481000900268555,200
2023-01-30,29.8439998626709,29.8439998626709,29.8439998626709,29.8439998626709,29.8439998626709,100
2023-01-31,30.64299964904785,30.64299964904785,30.64299964904785,30.64299964904785,30.64299964904785,100
2023-02-01,31.00200080871582,31.00200080871582,31.00200080871582,31.00200080871582,31.00200080871582,0
2023-02-02,31.448999404907227,31.448999404907227,31.448999404907227,31.448999404907227,31.448999404907227,0
2023-02-03,30.913999557495117,30.913999557495117,30.913999557495117,30.913999557495117,30.913999557495117,0
2023-02-06,30.540000915527344,30.540000915527344,30.540000915527344,30.540000915527344,30.540000915527344,100
2023-02-07,31.159000396728516,31.159000396728516,31.159000396728516,31.159000396728516,31.159000396728516,0
2023-02-08,30.551000595092773,30.551000595092773,30.551000595092773,30.551000595092773,30.551000595092773,0
2023-02-09,29.871000289916992,29.871000289916992,29.871000289916992,29.871000289916992,29.871000289916992,0
2023-02-10,29.961000442504883,30.281999588012695,29.961000442504883,30.281999588012695,30.281999588012695,600
2023-02-13,30.784000396728516,30.784000396728516,30.784000396728516,30.784000396728516,30.784000396728516,0
2023-02-14,30.690000534057617,30.69499969482422,30.690000534057617,30.69499969482422,30.69499969482422,100
2023-02-15,30.72100067138672,30.72100067138672,30.72100067138672,30.72100067138672,30.72100067138672,100
2023-02-16,30.179000854492188,30.179000854492188,30.179000854492188,30.179000854492188,30.179000854492188,0
2023-02-17,30.10700035095215,30.10700035095215,30.10700035095215,30.10700035095215,30.10700035095215,100
2023-02-21,29.007999420166016,29.007999420166016,29.007999420166016,29.007999420166016,29.007999420166016,100
2023-02-22,29.079999923706055,29.079999923706055,28.801000595092773,28.801000595092773,28.801000595092773,100
2023-02-23,28.952999114990234,28.952999114990234,28.952999114990234,28.952999114990234,28.952999114990234,0
2023-02-24,28.570999145507812,28.570999145507812,28.570999145507812,28.570999145507812,28.570999145507812,0
2023-02-27,28.56999969482422,28.56999969482422,28.56999969482422,28.56999969482422,28.56999969482422,0
2023-02-28,28.47800064086914,28.47800064086914,28.47800064086914,28.47800064086914,28.47800064086914,0
2023-03-01,28.261999130249023,28.261999130249023,28.261999130249023,28.261999130249023,28.261999130249023,100
2023-03-02,28.635000228881836,28.635000228881836,28.635000228881836,28.635000228881836,28.635000228881836,100
2023-03-03,29.444000244140625,29.444000244140625,29.444000244140625,29.444000244140625,29.444000244140625,100
2023-03-06,29.30699920654297,29.30699920654297,29.30699920654297,29.30699920654297,29.30699920654297,0
2023-03-07,28.284000396728516,28.284000396728516,28.284000396728516,28.284000396728516,28.284000396728516,0
2023-03-08,28.256999969482422,28.256999969482422,28.256999969482422,28.256999969482422,28.256999969482422,100
2023-03-09,27.031999588012695,27.031999588012695,27.031999588012695,27.031999588012695,27.031999588012695,0
2023-03-10,26.08300018310547,26.08300018310547,26.08300018310547,26.08300018310547,26.08300018310547,100
2023-03-13,25.53700065612793,25.53700065612793,25.53700065612793,25.53700065612793,25.53700065612793,0
2023-03-14,26.31100082397461,26.31100082397461,26.31100082397461,26.31100082397461,26.31100082397461,0
2023-03-15,25.450000762939453,25.450000762939453,25.385000228881836,25.385000228881836,25.385000228881836,200
2023-03-16,25.040000915527344,26.150999069213867,25.040000915527344,26.150999069213867,26.150999069213867,100
2023-03-17,25.166000366210938,25.166000366210938,25.166000366210938,25.166000366210938,25.166000366210938,0
2023-03-20,25.530000686645508,25.891000747680664,25.530000686645508,25.891000747680664,25.891000747680664,300
2023-03-21,26.63599967956543,26.63599967956543,26.63599967956543,26.63599967956543,26.63599967956543,0
2023-03-22,25.582000732421875,25.582000732421875,25.582000732421875,25.582000732421875,25.582000732421875,0
2023-03-23,25.319000244140625,25.319000244140625,25.319000244140625,25.319000244140625,25.319000244140625,0
2023-03-24,25.636999130249023,25.636999130249023,25.636999130249023,25.636999130249023,25.636999130249023,0
2023-03-27,26.132999420166016,26.132999420166016,26.132999420166016,26.132999420166016,26.132999420166016,0
2023-03-28,26.17300033569336,26.17300033569336,26.17300033569336,26.17300033569336,26.17300033569336,0
2023-03-29,26.93600082397461,26.93600082397461,26.93600082397461,26.93600082397461,26.93600082397461,0
2023-03-30,27.18000030517578,27.18000030517578,27.18000030517578,27.18000030517578,27.18000030517578,100
2023-03-31,27.89299964904785,27.89299964904785,27.89299964904785,27.89299964904785,27.89299964904785,100
2023-04-03,28.24799919128418,28.24799919128418,28.24799919128418,28.24799919128418,28.24799919128418,0
2023-04-04,27.72599983215332,27.72599983215332,27.72599983215332,27.72599983215332,27.72599983215332,100
2023-04-05,27.891000747680664,27.891000747680664,27.891000747680664,27.891000747680664,27.891000747680664,0
2023-04-06,27.929000854492188,27.929000854492188,27.929000854492188,27.929000854492188,27.929000854492188,0
2023-04-10,28.077999114990234,28.077999114990234,28.077999114990234,28.077999114990234,28.077999114990234,100
2023-04-11,28.36400032043457,28.36400032043457,28.36400032043457,28.36400032043457,28.36400032043457,100
2023-04-12,28.17099952697754,28.17099952697754,28.17099952697754,28.17099952697754,28.17099952697754,100
2023-04-13,28.66900062561035,28.66900062561035,28.66900062561035,28.66900062561035,28.66900062561035,0
2023-04-14,28.59600067138672,28.59600067138672,28.59600067138672,28.59600067138672,28.59600067138672,100
2023-04-17,28.833999633789062,28.833999633789062,28.833999633789062,28.833999633789062,28.833999633789062,100
2023-04-18,28.906999588012695,28.906999588012695,28.906999588012695,28.906999588012695,28.906999588012695,0
2023-04-19,28.836999893188477,28.836999893188477,28.836999893188477,28.836999893188477,28.836999893188477,0
2023-04-20,28.444000244140625,28.444000244140625,28.444000244140625,28.444000244140625,28.444000244140625,0
2023-04-21,28.507999420166016,28.507999420166016,28.507999420166016,28.507999420166016,28.507999420166016,0
2023-04-24,28.582000732421875,28.582000732421875,28.582000732421875,28.582000732421875,28.582000732421875,100
2023-04-25,27.785999298095703,27.785999298095703,27.785999298095703,27.785999298095703,27.785999298095703,0
2023-04-26,27.156999588012695,27.156999588012695,27.156999588012695,27.156999588012695,27.156999588012695,100
2023-04-27,28.08099937438965,28.08099937438965,28.08099937438965,28.08099937438965,28.08099937438965,0
2023-04-28,28.62700080871582,28.62700080871582,28.62700080871582,28.62700080871582,28.62700080871582,100
2023-05-01,28.615999221801758,28.615999221801758,28.615999221801758,28.615999221801758,28.615999221801758,0
2023-05-02,27.7450008392334,27.7450008392334,27.7450008392334,27.7450008392334,27.7450008392334,0
2023-05-03,27.26300048828125,27.26300048828125,27.26300048828125,27.26300048828125,27.26300048828125,0
2023-05-04,26.700000762939453,26.739999771118164,26.700000762939453,26.739999771118164,26.739999771118164,100
2023-05-05,27.60300064086914,27.60300064086914,27.60300064086914,27.60300064086914,27.60300064086914,0
2023-05-08,27.617000579833984,27.617000579833984,27.617000579833984,27.617000579833984,27.617000579833984,0
2023-05-09,27.395000457763672,27.395000457763672,27.395000457763672,27.395000457763672,27.395000457763672,100
2023-05-10,27.336999893188477,27.336999893188477,27.336999893188477,27.336999893188477,27.336999893188477,100
2023-05-11,27.06100082397461,27.06100082397461,27.06100082397461,27.06100082397461,27.06100082397461,100
2023-05-12,26.999000549316406,26.999000549316406,26.999000549316406,26.999000549316406,26.999000549316406,0
2023-05-15,27.201000213623047,27.201000213623047,27.201000213623047,27.201000213623047,27.201000213623047,100
2023-05-16,26.538000106811523,26.538000106811523,26.538000106811523,26.538000106811523,26.538000106811523,100
2023-05-17,27.215999603271484,27.215999603271484,27.215999603271484,27.215999603271484,27.215999603271484,100
2023-05-18,27.520000457763672,27.520000457763672,27.520000457763672,27.520000457763672,27.520000457763672,100
2023-05-19,27.472999572753906,27.472999572753906,27.472999572753906,27.472999572753906,27.472999572753906,0
2023-05-22,27.469999313354492,27.540000915527344,27.469999313354492,27.488000869750977,27.488000869750977,2000
2023-05-23,27.062000274658203,27.062000274658203,27.062000274658203,27.062000274658203,27.062000274658203,100
2023-05-24,26.5,26.513999938964844,26.5,26.513999938964844,26.513999938964844,100
2023-05-25,26.253000259399414,26.253000259399414,26.253000259399414,26.253000259399414,26.253000259399414,100
2023-05-26,26.704999923706055,26.704999923706055,26.704999923706055,26.704999923706055,26.704999923706055,0
2023-05-30,26.552000045776367,26.552000045776367,26.552000045776367,26.552000045776367,26.552000045776367,0
2023-05-31,26.260000228881836,26.260000228881836,26.260000228881836,26.260000228881836,26.260000228881836,100
2023-06-01,26.625999450683594,26.625999450683594,26.625999450683594,26.625999450683594,26.625999450683594,100
2023-06-02,27.711999893188477,27.711999893188477,27.711999893188477,27.711999893188477,27.711999893188477,100
2023-06-05,27.52199935913086,27.52199935913086,27.52199935913086,27.52199935913086,27.52199935913086,100
2023-06-06,27.85300064086914,27.85300064086914,27.85300064086914,27.85300064086914,27.85300064086914,100
2023-06-07,28.26099967956543,28.26099967956543,28.26099967956543,28.26099967956543,28.26099967956543,100
2023-06-08,28.322999954223633,28.322999954223633,28.322999954223633,28.322999954223633,28.322999954223633,0
2023-06-09,28.81999969482422,28.81999969482422,28.260000228881836,28.260000228881836,28.260000228881836,100
2023-06-12,28.391000747680664,28.391000747680664,28.391000747680664,28.391000747680664,28.391000747680664,0
2023-06-13,28.87299919128418,28.87299919128418,28.87299919128418,28.87299919128418,28.87299919128418,100
2023-06-14,28.667999267578125,28.667999267578125,28.667999267578125,28.667999267578125,28.667999267578125,0
2023-06-15,29.393999099731445,29.393999099731445,29.393999099731445,29.393999099731445,29.393999099731445,200
2023-06-16,29.323999404907227,29.323999404907227,29.323999404907227,29.323999404907227,29.323999404907227,0
2023-06-20,28.85700035095215,28.85700035095215,28.85700035095215,28.85700035095215,28.85700035095215,100
2023-06-21,28.716999053955078,28.716999053955078,28.716999053955078,28.716999053955078,28.716999053955078,100
2023-06-22,28.389999389648438,28.490999221801758,28.389999389648438,28.490999221801758,28.490999221801758,300
2023-06-23,28.16900062561035,28.16900062561035,28.16900062561035,28.16900062561035,28.16900062561035,0
2023-06-26,28.378999710083008,28.378999710083008,28.378999710083008,28.378999710083008,28.378999710083008,0
2023-06-27,28.875999450683594,28.875999450683594,28.875999450683594,28.875999450683594,28.875999450683594,100
2023-06-28,28.73200035095215,28.73200035095215,28.73200035095215,28.73200035095215,28.73200035095215,0
2023-06-29,29.20599937438965,29.20599937438965,29.20599937438965,29.20599937438965,29.20599937438965,0
2023-06-30,29.785999298095703,29.785999298095703,29.785999298095703,29.785999298095703,29.785999298095703,0
2023-07-03,29.905000686645508,29.905000686645508,29.905000686645508,29.905000686645508,29.905000686645508,100
2023-07-05,29.599000930786133,29.599000930786133,29.599000930786133,29.599000930786133,29.599000930786133,100
2023-07-06,28.99799919128418,28.99799919128418,28.99799919128418,28.99799919128418,28.99799919128418,0
2023-07-07,29.05500030517578,29.05500030517578,29.05500030517578,29.05500030517578,29.05500030517578,0
2023-07-10,29.31999969482422,29.368999481201172,29.31999969482422,29.368999481201172,29.368999481201172,200
2023-07-11,30.035999298095703,30.035999298095703,30.035999298095703,30.035999298095703,30.035999298095703,100
2023-07-12,30.190000534057617,30.2549991607666,30.190000534057617,30.2549991607666,30.2549991607666,400
2023-07-13,30.52199935913086,30.52199935913086,30.52199935913086,30.52199935913086,30.52199935913086,100
2023-07-14,30.075000762939453,30.075000762939453,30.075000762939453,30.075000762939453,30.075000762939453,100
2023-07-17,30.14900016784668,30.14900016784668,30.14900016784668,30.14900016784668,30.14900016784668,0
2023-07-18,30.531999588012695,30.531999588012695,30.531999588012695,30.531999588012695,30.531999588012695,0
2023-07-19,30.75,30.84000015258789,30.75,30.84000015258789,30.84000015258789,3000
2023-07-20,31.14699935913086,31.14699935913086,31.14699935913086,31.14699935913086,31.14699935913086,100
2023-07-21,31.357999801635742,31.357999801635742,31.357999801635742,31.357999801635742,31.357999801635742,100
2023-07-24,31.56999969482422,31.56999969482422,31.56999969482422,31.56999969482422,31.56999969482422,0
2023-07-25,31.541000366210938,31.541000366210938,31.541000366210938,31.541000366210938,31.541000366210938,0
2023-07-26,31.663000106811523,31.663000106811523,31.663000106811523,31.663000106811523,31.663000106811523,0
2023-07-27,31.166000366210938,31.166000366210938,31.166000366210938,31.166000366210938,31.166000366210938,100
2023-07-28,31.448999404907227,31.448999404907227,31.448999404907227,31.448999404907227,31.448999404907227,0
2023-07-31,31.570999145507812,31.570999145507812,31.570999145507812,31.570999145507812,31.570999145507812,0
2023-08-01,31.430999755859375,31.430999755859375,31.430999755859375,31.430999755859375,31.430999755859375,200
2023-08-02,30.92799949645996,30.92799949645996,30.92799949645996,30.92799949645996,30.92799949645996,100
2023-08-03,30.59000015258789,30.71500015258789,30.5,30.71500015258789,30.71500015258789,2000
2023-08-04,30.454999923706055,30.454999923706055,30.454999923706055,30.454999923706055,30.454999923706055,0
2023-08-07,30.959999084472656,30.959999084472656,30.959999084472656,30.959999084472656,30.959999084472656,0
2023-08-08,30.40999984741211,30.70599937438965,30.299999237060547,30.70599937438965,30.70599937438965,2000
2023-08-09,30.760000228881836,30.760000228881836,30.4950008392334,30.4950008392334,30.4950008392334,2000
2023-08-10,30.44700050354004,30.44700050354004,30.44700050354004,30.44700050354004,30.44700050354004,0
2023-08-11,30.569000244140625,30.569000244140625,30.569000244140625,30.569000244140625,30.569000244140625,100
2023-08-14,30.531999588012695,30.531999588012695,30.531999588012695,30.531999588012695,30.531999588012695,0
2023-08-15,29.760000228881836,29.760000228881836,29.760000228881836,29.760000228881836,29.760000228881836,100
2023-08-16,29.31800079345703,29.31800079345703,29.31800079345703,29.31800079345703,29.31800079345703,0
2023-08-17,29.047000885009766,29.047000885009766,29.047000885009766,29.047000885009766,29.047000885009766,100
2023-08-18,29.049999237060547,29.190000534057617,28.950000762939453,29.05900001525879,29.05900001525879,2000
2023-08-21,29.110000610351562,29.110000610351562,28.950000762939453,29.0049991607666,29.0049991607666,2000
2023-08-22,29.030000686645508,29.049999237060547,28.709999084472656,28.709999084472656,28.709999084472656,2000
2023-08-23,29.059999465942383,29.059999465942383,29.059999465942383,29.059999465942383,29.059999465942383,0
2023-08-24,28.65399932861328,28.65399932861328,28.65399932861328,28.65399932861328,28.65399932861328,0
2023-08-25,28.96500015258789,28.96500015258789,28.96500015258789,28.96500015258789,28.96500015258789,0
2023-08-28,29.291000366210938,29.291000366210938,29.291000366210938,29.291000366210938,29.291000366210938,0
2023-08-29,29.82900047302246,29.82900047302246,29.82900047302246,29.82900047302246,29.82900047302246,0
2023-08-30,30.139999389648438,30.139999389648438,29.93000030517578,29.959999084472656,29.959999084472656,400
2023-08-31,29.757999420166016,29.757999420166016,29.757999420166016,29.757999420166016,29.757999420166016,0
2023-09-01,30.052000045776367,30.052000045776367,30.052000045776367,30.052000045776367,30.052000045776367,0
2023-09-05,29.35300064086914,29.35300064086914,29.35300064086914,29.35300064086914,29.35300064086914,0
2023-09-06,29.149999618530273,29.158000946044922,29.149999618530273,29.158000946044922,29.158000946044922,200
2023-09-07,29.076000213623047,29.076000213623047,29.076000213623047,29.076000213623047,29.076000213623047,0
2023-09-08,29.114999771118164,29.114999771118164,29.114999771118164,29.114999771118164,29.114999771118164,0
2023-09-11,29.256000518798828,29.256000518798828,29.256000518798828,29.256000518798828,29.256000518798828,100
2023-09-12,29.360000610351562,29.360000610351562,29.360000610351562,29.360000610351562,29.360000610351562,0
2023-09-13,29.222000122070312,29.222000122070312,29.222000122070312,29.222000122070312,29.222000122070312,0
2023-09-14,29.850000381469727,29.850000381469727,29.850000381469727,29.850000381469727,29.850000381469727,0
2023-09-15,29.368000030517578,29.368000030517578,29.368000030517578,29.368000030517578,29.368000030517578,100
2023-09-18,29.399999618530273,29.400999069213867,29.15999984741211,29.334999084472656,29.334999084472656,1000
2023-09-19,29.0,29.3799991607666,29.0,29.21299934387207,29.21299934387207,2300
2023-09-20,28.974000930786133,28.974000930786133,28.974000930786133,28.974000930786133,28.974000930786133,100
2023-09-21,28.08099937438965,28.08099937438965,28.08099937438965,28.08099937438965,28.08099937438965,100
2023-09-22,27.816999435424805,27.816999435424805,27.816999435424805,27.816999435424805,27.816999435424805,0
2023-09-25,27.952999114990234,27.952999114990234,27.952999114990234,27.952999114990234,27.952999114990234,100
2023-09-26,27.23200035095215,27.23200035095215,27.23200035095215,27.23200035095215,27.23200035095215,0
2023-09-27,27.198999404907227,27.198999404907227,27.198999404907227,27.198999404907227,27.198999404907227,0
2023-09-28,27.506999969482422,27.506999969482422,27.506999969482422,27.506999969482422,27.506999969482422,0
2023-09-29,27.236000061035156,27.236000061035156,27.236000061035156,27.236000061035156,27.236000061035156,100
2023-10-02,26.540000915527344,26.540000915527344,26.540000915527344,26.540000915527344,26.540000915527344,0
2023-10-03,25.902999877929688,25.902999877929688,25.902999877929688,25.902999877929688,25.902999877929688,0
2023-10-04,26.083999633789062,26.083999633789062,26.083999633789062,26.083999633789062,26.083999633789062,0
2023-10-05,25.924999237060547,25.924999237060547,25.924999237060547,25.924999237060547,25.924999237060547,0
2023-10-06,26.32900047302246,26.32900047302246,26.32900047302246,26.32900047302246,26.32900047302246,100
2023-10-09,26.725000381469727,26.725000381469727,26.725000381469727,26.725000381469727,26.725000381469727,0
2023-10-10,27.239999771118164,27.239999771118164,27.14900016784668,27.14900016784668,27.14900016784668,200
2023-10-11,27.089000701904297,27.089000701904297,27.089000701904297,27.089000701904297,27.089000701904297,0
2023-10-12,26.530000686645508,26.530000686645508,26.530000686645508,26.530000686645508,26.530000686645508,0
2023-10-13,26.527999877929688,26.527999877929688,26.527999877929688,26.527999877929688,26.527999877929688,100
2023-10-16,27.131000518798828,27.131000518798828,27.131000518798828,27.131000518798828,27.131000518798828,0
2023-10-17,27.31800079345703,27.31800079345703,27.31800079345703,27.31800079345703,27.31800079345703,0
2023-10-18,26.614999771118164,26.614999771118164,26.614999771118164,26.614999771118164,26.614999771118164,100
2023-10-19,26.124000549316406,26.124000549316406,26.124000549316406,26.124000549316406,26.124000549316406,100
2023-10-20,25.576000213623047,25.576000213623047,25.576000213623047,25.576000213623047,25.576000213623047,0
2023-10-23,25.097999572753906,25.097999572753906,25.097999572753906,25.097999572753906,25.097999572753906,0
2023-10-24,25.468000411987305,25.468000411987305,25.468000411987305,25.468000411987305,25.468000411987305,100
2023-10-25,24.959999084472656,24.959999084472656,24.959999084472656,24.959999084472656,24.959999084472656,0
2023-10-26,24.90399932861328,24.90399932861328,24.90399932861328,24.90399932861328,24.90399932861328,100
2023-10-27,24.1299991607666,24.1299991607666,24.1299991607666,24.1299991607666,24.1299991607666,100
2023-10-30,24.655000686645508,24.655000686645508,24.655000686645508,24.655000686645508,24.655000686645508,100
2023-10-31,25.118999481201172,25.118999481201172,25.118999481201172,25.118999481201172,25.118999481201172,0
2023-11-01,25.450000762939453,25.450000762939453,25.34000015258789,25.375,25.375,500
2023-11-02,25.5,26.40999984741211,25.5,26.40999984741211,26.40999984741211,600
2023-11-03,27.04400062561035,27.04400062561035,27.04400062561035,27.04400062561035,27.04400062561035,100
2023-11-06,26.726999282836914,26.726999282836914,26.726999282836914,26.726999282836914,26.726999282836914,100
2023-11-07,26.488000869750977,26.488000869750977,26.488000869750977,26.488000869750977,26.488000869750977,100
2023-11-08,26.334999084472656,26.334999084472656,26.334999084472656,26.334999084472656,26.334999084472656,0
2023-11-09,25.889999389648438,25.889999389648438,25.889999389648438,25.889999389648438,25.889999389648438,0
2023-11-10,26.45400047302246,26.45400047302246,26.45400047302246,26.45400047302246,26.45400047302246,0
2023-11-13,26.399999618530273,26.399999618530273,26.399999618530273,26.399999618530273,26.399999618530273,100
2023-11-14,27.573999404907227,27.573999404907227,27.573999404907227,27.573999404907227,27.573999404907227,100
2023-11-15,27.868000030517578,27.868000030517578,27.868000030517578,27.868000030517578,27.868000030517578,0
2023-11-16,27.65399932861328,27.65399932861328,27.65399932861328,27.65399932861328,27.65399932861328,0
2023-11-17,27.899999618530273,27.951000213623047,27.899999618530273,27.951000213623047,27.951000213623047,500
2023-11-20,28.125,28.125,28.125,28.125,28.125,100
2023-11-21,28.070999145507812,28.070999145507812,28.070999145507812,28.070999145507812,28.070999145507812,100
2023-11-22,28.56999969482422,28.56999969482422,28.200000762939453,28.299999237060547,28.299999237060547,600
2023-11-24,28.46500015258789,28.46500015258789,28.46500015258789,28.46500015258789,28.46500015258789,0
2023-11-27,28.336000442504883,28.336000442504883,28.336000442504883,28.336000442504883,28.336000442504883,100
2023-11-28,28.27400016784668,28.27400016784668,28.27400016784668,28.27400016784668,28.27400016784668,0
2023-11-29,28.41699981689453,28.41699981689453,28.41699981689453,28.41699981689453,28.41699981689453,0
2023-11-30,28.893999099731445,28.893999099731445,28.893999099731445,28.893999099731445,28.893999099731445,0
2023-12-01,28.8799991607666,29.535999298095703,28.8799991607666,29.535999298095703,29.535999298095703,400
2023-12-04,29.566999435424805,29.566999435424805,29.566999435424805,29.566999435424805,29.566999435424805,200
2023-12-05,29.06399917602539,29.06399917602539,29.06399917602539,29.06399917602539,29.06399917602539,0
2023-12-06,28.92099952697754,28.92099952697754,28.92099952697754,28.92099952697754,28.92099952697754,0
2023-12-07,29.10700035095215,29.10700035095215,29.10700035095215,29.10700035095215,29.10700035095215,100
2023-12-08,29.149999618530273,29.343000411987305,29.139999389648438,29.343000411987305,29.343000411987305,400
2023-12-11,29.760000228881836,29.760000228881836,29.760000228881836,29.760000228881836,29.760000228881836,0
2023-12-12,29.739999771118164,29.739999771118164,29.739999771118164,29.739999771118164,29.739999771118164,100
2023-12-13,30.72599983215332,30.72599983215332,30.72599983215332,30.72599983215332,30.72599983215332,100
2023-12-14,31.48900032043457,31.48900032043457,31.48900032043457,31.48900032043457,31.48900032043457,100
2023-12-15,31.049999237060547,31.16699981689453,31.049999237060547,31.16699981689453,31.16699981689453,200
2023-12-18,31.290000915527344,31.290000915527344,31.2810001373291,31.2810001373291,31.2810001373291,400
2023-12-19,31.729999542236328,31.729999542236328,31.729999542236328,31.729999542236328,31.729999542236328,100
2023-12-20,30.798999786376953,30.798999786376953,30.798999786376953,30.798999786376953,30.798999786376953,100
2023-12-21,31.35700035095215,31.35700035095215,31.35700035095215,31.35700035095215,31.35700035095215,100
2023-12-22,31.709999084472656,31.709999084472656,31.399999618530273,31.57200050354004,31.57200050354004,300
2023-12-26,31.902000427246094,31.902000427246094,31.902000427246094,31.902000427246094,31.902000427246094,100
2023-12-27,31.84000015258789,31.94499969482422,31.829999923706055,31.94499969482422,31.94499969482422,8000
2023-12-28,32.099998474121094,32.11000061035156,32.053001403808594,32.060001373291016,32.060001373291016,1600
2023-12-29,31.889999389648438,31.889999389648438,31.863000869750977,31.863000869750977,31.863000869750977,200
2024-01-02,32.042999267578125,32.042999267578125,32.042999267578125,32.042999267578125,32.042999267578125,100
2024-01-03,31.52199935913086,31.52199935913086,31.52199935913086,31.52199935913086,31.52199935913086,100
2024-01-04,31.445999145507812,31.445999145507812,31.445999145507812,31.445999145507812,31.445999145507812,100
2024-01-05,31.617000579833984,31.617000579833984,31.617000579833984,31.617000579833984,31.617000579833984,0
2024-01-08,32.0369987487793,32.0369987487793,32.0369987487793,32.0369987487793,32.0369987487793,100
2024-01-09,31.672000885009766,31.672000885009766,31.672000885009766,31.672000885009766,31.672000885009766,0
2024-01-10,31.60700035095215,31.60700035095215,31.60700035095215,31.60700035095215,31.60700035095215,100
2024-01-11,31.398000717163086,31.398000717163086,31.398000717163086,31.398000717163086,31.398000717163086,100
2024-01-12,31.3700008392334,31.3700008392334,31.3700008392334,31.3700008392334,31.3700008392334,100
2024-01-16,30.900999069213867,30.900999069213867,30.900999069213867,30.900999069213867,30.900999069213867,100
2024-01-17,30.4950008392334,30.4950008392334,30.4950008392334,30.4950008392334,30.4950008392334,0
2024-01-18,30.65999984741211,30.65999984741211,30.65999984741211,30.65999984741211,30.65999984741211,0
2024-01-19,31.18899917602539,31.18899917602539,31.18899917602539,31.18899917602539,31.18899917602539,100
2024-01-22,31.444000244140625,31.444000244140625,31.444000244140625,31.444000244140625,31.444000244140625,100
2024-01-23,31.547000885009766,31.547000885009766,31.547000885009766,31.547000885009766,31.547000885009766,100
2024-01-24,31.28499984741211,31.28499984741211,31.28499984741211,31.28499984741211,31.28499984741211,0
2024-01-25,31.885000228881836,31.885000228881836,31.885000228881836,31.885000228881836,31.885000228881836,100
2024-01-26,31.940000534057617,31.940000534057617,31.940000534057617,31.940000534057617,31.940000534057617,0
2024-01-29,32.22100067138672,32.22100067138672,32.22100067138672,32.22100067138672,32.22100067138672,100
2024-01-30,32.4379997253418,32.4379997253418,32.4379997253418,32.4379997253418,32.4379997253418,100
2024-01-31,31.81999969482422,31.81999969482422,31.81999969482422,31.81999969482422,31.81999969482422,100
2024-02-01,32.29999923706055,32.29999923706055,32.29999923706055,32.29999923706055,32.29999923706055,0
2024-02-02,32.32699966430664,32.32699966430664,32.32699966430664,32.32699966430664,32.32699966430664,100
2024-02-05,31.69700050354004,31.69700050354004,31.69700050354004,31.69700050354004,31.69700050354004,0
2024-02-06,32.01300048828125,32.01300048828125,32.01300048828125,32.01300048828125,32.01300048828125,100
2024-02-07,32.1609992980957,32.1609992980957,32.1609992980957,32.1609992980957,32.1609992980957,100
2024-02-08,32.23699951171875,32.23699951171875,32.23699951171875,32.23699951171875,32.23699951171875,100
2024-02-09,32.2400016784668,32.263999938964844,32.20000076293945,32.26300048828125,32.26300048828125,1500
2024-02-12,32.45000076293945,32.659000396728516,32.45000076293945,32.659000396728516,32.659000396728516,100
2024-02-13,31.648000717163086,31.648000717163086,31.648000717163086,31.648000717163086,31.648000717163086,0
2024-02-14,32.189998626708984,32.189998626708984,32.189998626708984,32.189998626708984,32.189998626708984,100
2024-02-15,33.04399871826172,33.04399871826172,33.04399871826172,33.04399871826172,33.04399871826172,0
2024-02-16,32.85599899291992,32.85599899291992,32.85599899291992,32.85599899291992,32.85599899291992,0
2024-02-20,32.715999603271484,32.715999603271484,32.715999603271484,32.715999603271484,32.715999603271484,100
2024-02-21,33.0260009765625,33.0260009765625,33.0260009765625,33.0260009765625,33.0260009765625,0
2024-02-22,33.577999114990234,33.577999114990234,33.577999114990234,33.577999114990234,33.577999114990234,100
2024-02-23,33.81999969482422,33.81999969482422,33.75299835205078,33.75299835205078,33.75299835205078,600
2024-02-26,33.4370002746582,33.4370002746582,33.4370002746582,33.4370002746582,33.4370002746582,0
2024-02-27,33.60200119018555,33.60200119018555,33.60200119018555,33.60200119018555,33.60200119018555,0
2024-02-28,33.62799835205078,33.62799835205078,33.62799835205078,33.62799835205078,33.62799835205078,100
2024-02-29,33.97100067138672,33.97100067138672,33.97100067138672,33.97100067138672,33.97100067138672,100
2024-03-01,34.222999572753906,34.222999572753906,34.222999572753906,34.222999572753906,34.222999572753906,100
2024-03-04,34.3390007019043,34.3390007019043,34.3390007019043,34.3390007019043,34.3390007019043,100
2024-03-05,34.349998474121094,34.349998474121094,34.10300064086914,34.10300064086914,34.10300064086914,100
2024-03-06,34.51300048828125,34.51300048828125,34.51300048828125,34.51300048828125,34.51300048828125,100
2024-03-07,34.888999938964844,34.888999938964844,34.888999938964844,34.888999938964844,34.888999938964844,100
2024-03-08,34.8650016784668,34.8650016784668,34.8650016784668,34.8650016784668,34.8650016784668,100
2024-03-11,35.00699996948242,35.00699996948242,35.00699996948242,35.00699996948242,35.00699996948242,100
2024-03-12,35.21200180053711,35.21200180053711,35.21200180053711,35.21200180053711,35.21200180053711,100
2024-03-13,35.275001525878906,35.275001525878906,35.275001525878906,35.275001525878906,35.275001525878906,100
2024-03-14,34.698001861572266,34.698001861572266,34.698001861572266,34.698001861572266,34.698001861572266,100
2024-03-15,34.689998626708984,34.689998626708984,34.689998626708984,34.689998626708984,34.689998626708984,100
2024-03-18,34.83000183105469,34.83000183105469,34.83000183105469,34.83000183105469,34.83000183105469,100
2024-03-19,35.189998626708984,35.189998626708984,35.189998626708984,35.189998626708984,35.189998626708984,100
2024-03-20,35.68000030517578,35.68000030517578,35.654998779296875,35.67599868774414,35.67599868774414,500
2024-03-21,36.183998107910156,36.183998107910156,36.183998107910156,36.183998107910156,36.183998107910156,100
2024-03-22,35.83599853515625,35.83599853515625,35.83599853515625,35.83599853515625,35.83599853515625,100
2024-03-25,35.61000061035156,35.814998626708984,35.61000061035156,35.814998626708984,35.814998626708984,900
2024-03-26,35.68299865722656,35.68299865722656,35.68299865722656,35.68299865722656,35.68299865722656,100
2024-03-27,36.672000885009766,36.672000885009766,36.672000885009766,36.672000885009766,36.672000885009766,100
2024-03-28,37.00400161743164,37.00400161743164,37.00400161743164,37.00400161743164,37.00400161743164,100
2024-04-01,36.67900085449219,36.67900085449219,36.67900085449219,36.67900085449219,36.67900085449219,200
2024-04-02,36.194000244140625,36.194000244140625,36.194000244140625,36.194000244140625,36.194000244140625,0
2024-04-03,36.2239990234375,36.2239990234375,36.2239990234375,36.2239990234375,36.2239990234375,100
2024-04-04,36.0,36.0,35.53099822998047,35.53099822998047,35.53099822998047,300
2024-04-05,36.06999969482422,36.06999969482422,36.0260009765625,36.0260009765625,36.0260009765625,400
2024-04-08,36.04499816894531,36.04499816894531,36.04499816894531,36.04499816894531,36.04499816894531,0
2024-04-09,36.07400131225586,36.07400131225586,36.07400131225586,36.07400131225586,36.07400131225586,100
2024-04-10,35.242000579833984,35.242000579833984,35.242000579833984,35.242000579833984,35.242000579833984,0
2024-04-11,35.14799880981445,35.14799880981445,35.14799880981445,35.14799880981445,35.14799880981445,100
2024-04-12,33.97700119018555,33.97700119018555,33.97700119018555,33.97700119018555,33.97700119018555,100
2024-04-15,33.560001373291016,33.560001373291016,33.560001373291016,33.560001373291016,33.560001373291016,0
2024-04-16,33.20800018310547,33.20800018310547,33.20800018310547,33.20800018310547,33.20800018310547,100
2024-04-17,33.0620002746582,33.0620002746582,33.0620002746582,33.0620002746582,33.0620002746582,100
2024-04-18,33.04800033569336,33.04800033569336,33.04800033569336,33.04800033569336,33.04800033569336,100
2024-04-19,33.349998474121094,33.46200180053711,33.349998474121094,33.46200180053711,33.46200180053711,800
2024-04-22,34.020999908447266,34.020999908447266,34.020999908447266,34.020999908447266,34.020999908447266,100
2024-04-23,34.62900161743164,34.62900161743164,34.62900161743164,34.62900161743164,34.62900161743164,100
2024-04-24,34.65999984741211,34.65999984741211,34.65999984741211,34.65999984741211,34.65999984741211,100
2024-04-25,34.46699905395508,34.46699905395508,34.46699905395508,34.46699905395508,34.46699905395508,100
2024-04-26,34.42399978637695,34.42399978637695,34.42399978637695,34.42399978637695,34.42399978637695,100
2024-04-29,34.691001892089844,34.691001892089844,34.691001892089844,34.691001892089844,34.691001892089844,100
2024-04-30,33.83000183105469,33.83000183105469,33.83000183105469,33.83000183105469,33.83000183105469,100
2024-05-01,33.63800048828125,33.63800048828125,33.63800048828125,33.63800048828125,33.63800048828125,100
2024-05-02,33.92499923706055,33.92499923706055,33.92499923706055,33.92499923706055,33.92499923706055,100
2024-05-03,34.540000915527344,34.540000915527344,33.959999084472656,34.33000183105469,34.33000183105469,1600
2024-05-06,34.8849983215332,34.8849983215332,34.8849983215332,34.8849983215332,34.8849983215332,0
2024-05-07,35.07099914550781,35.07099914550781,35.07099914550781,35.07099914550781,35.07099914550781,0
2024-05-08,35.132999420166016,35.132999420166016,35.132999420166016,35.132999420166016,35.132999420166016,100
2024-05-09,35.71500015258789,35.71500015258789,35.71500015258789,35.71500015258789,35.71500015258789,200
2024-05-10,35.7400016784668,35.8390007019043,35.7400016784668,35.8390007019043,35.8390007019043,400
2024-05-13,35.72700119018555,35.72700119018555,35.72700119018555,35.72700119018555,35.72700119018555,100
2024-05-14,36.09000015258789,36.09000015258789,36.09000015258789,36.09000015258789,36.09000015258789,0
2024-05-15,36.606998443603516,36.606998443603516,36.606998443603516,36.606998443603516,36.606998443603516,100
2024-05-16,36.584999084472656,36.584999084472656,36.584999084472656,36.584999084472656,36.584999084472656,100
2024-05-17,36.68000030517578,36.68000030517578,36.65700149536133,36.65700149536133,36.65700149536133,3500
2024-05-20,36.40700149536133,36.40700149536133,36.40700149536133,36.40700149536133,36.40700149536133,100
2024-05-21,36.50699996948242,36.50699996948242,36.50699996948242,36.50699996948242,36.50699996948242,200
2024-05-22,36.191001892089844,36.191001892089844,36.191001892089844,36.191001892089844,36.191001892089844,100
2024-05-23,35.209999084472656,35.22200012207031,35.209999084472656,35.2130012512207,35.2130012512207,3600
2024-05-24,35.59000015258789,35.59000015258789,35.58700180053711,35.58700180053711,35.58700180053711,2100
2024-05-28,35.16999816894531,35.189998626708984,35.10499954223633,35.10499954223633,35.10499954223633,1300
2024-05-29,34.2869987487793,34.2869987487793,34.2869987487793,34.2869987487793,34.2869987487793,100
2024-05-30,34.63399887084961,34.63399887084961,34.63399887084961,34.63399887084961,34.63399887084961,100
2024-05-31,35.150001525878906,35.654998779296875,35.130001068115234,35.654998779296875,35.654998779296875,500
2024-06-03,35.5099983215332,35.529998779296875,35.27799987792969,35.27799987792969,35.27799987792969,4100
2024-06-04,35.02899932861328,35.02899932861328,35.02899932861328,35.02899932861328,35.02899932861328,100
2024-06-05,35.361000061035156,35.361000061035156,35.361000061035156,35.361000061035156,35.361000061035156,300
2024-06-06,35.209999084472656,35.209999084472656,35.209999084472656,35.209999084472656,35.209999084472656,100
2024-06-07,35.11000061035156,35.11000061035156,35.11000061035156,35.11000061035156,35.11000061035156,200
2024-06-10,35.18000030517578,35.18000030517578,35.18000030517578,35.18000030517578,35.18000030517578,100
2024-06-11,34.61000061035156,34.69300079345703,34.61000061035156,34.69300079345703,34.69300079345703,2300
2024-06-12,34.93199920654297,34.93199920654297,34.93199920654297,34.93199920654297,34.93199920654297,100
2024-06-13,34.654998779296875,34.654998779296875,34.654998779296875,34.654998779296875,34.654998779296875,100
2024-06-14,34.15999984741211,34.15999984741211,34.15999984741211,34.15999984741211,34.15999984741211,100
2024-06-17,34.56700134277344,34.56700134277344,34.56700134277344,34.56700134277344,34.56700134277344,100
2024-06-18,34.63999938964844,34.810001373291016,34.63999938964844,34.810001373291016,34.810001373291016,200
2024-06-20,35.047000885009766,35.047000885009766,35.047000885009766,35.047000885009766,35.047000885009766,100
2024-06-21,35.04899978637695,35.04899978637695,35.04899978637695,35.04899978637695,35.04899978637695,0
2024-06-24,35.60900115966797,35.60900115966797,35.60900115966797,35.60900115966797,35.60900115966797,0
2024-06-25,35.06700134277344,35.06700134277344,35.06700134277344,35.06700134277344,35.06700134277344,100
2024-06-26,34.84700012207031,34.84700012207031,34.84700012207031,34.84700012207031,34.84700012207031,0
2024-06-27,34.76100158691406,34.76100158691406,34.76100158691406,34.76100158691406,34.76100158691406,100
2024-06-28,34.85300064086914,34.85300064086914,34.85300064086914,34.85300064086914,34.85300064086914,100
2024-07-01,34.42399978637695,34.42399978637695,34.42399978637695,34.42399978637695,34.42399978637695,100
2024-07-02,34.57500076293945,34.57500076293945,34.57500076293945,34.57500076293945,34.57500076293945,100
2024-07-03,34.6609992980957,34.6609992980957,34.6609992980957,34.6609992980957,34.6609992980957,0
2024-07-05,34.53799819946289,34.53799819946289,34.53799819946289,34.53799819946289,34.53799819946289,100
2024-07-08,34.54600143432617,34.54600143432617,34.54600143432617,34.54600143432617,34.54600143432617,0
2024-07-09,34.61000061035156,34.61000061035156,34.573001861572266,34.573001861572266,34.573001861572266,600
2024-07-10,35.231998443603516,35.231998443603516,35.231998443603516,35.231998443603516,35.231998443603516,100
2024-07-11,35.97200012207031,35.97200012207031,35.97200012207031,35.97200012207031,35.97200012207031,100
2024-07-12,36.42499923706055,36.42499923706055,36.42499923706055,36.42499923706055,36.42499923706055,0
2024-07-15,36.64400100708008,36.64400100708008,36.64400100708008,36.64400100708008,36.64400100708008,100
2024-07-16,37.959999084472656,37.959999084472656,37.959999084472656,37.959999084472656,37.959999084472656,100
2024-07-17,38.08700180053711,38.08700180053711,38.08700180053711,38.08700180053711,38.08700180053711,100
2024-07-18,37.41600036621094,37.41600036621094,37.41600036621094,37.41600036621094,37.41600036621094,100
2024-07-19,36.90999984741211,36.90999984741211,36.770999908447266,36.770999908447266,36.770999908447266,100
2024-07-22,37.154998779296875,37.154998779296875,37.154998779296875,37.154998779296875,37.154998779296875,100
2024-07-23,36.85900115966797,36.85900115966797,36.85900115966797,36.85900115966797,36.85900115966797,100
2024-07-24,36.40599822998047,36.40599822998047,36.40599822998047,36.40599822998047,36.40599822998047,100
2024-07-25,36.69599914550781,36.69599914550781,36.69599914550781,36.69599914550781,36.69599914550781,100
2024-07-26,37.79999923706055,37.79999923706055,37.54600143432617,37.54600143432617,37.54600143432617,1000
2024-07-29,37.599998474121094,37.599998474121094,37.599998474121094,37.599998474121094,37.599998474121094,100
2024-07-30,38.04600143432617,38.04600143432617,38.04600143432617,38.04600143432617,38.04600143432617,100
2024-07-31,38.185001373291016,38.185001373291016,38.185001373291016,38.185001373291016,38.185001373291016,700
2024-08-01,38.189998626708984,38.189998626708984,37.388999938964844,37.388999938964844,37.388999938964844,100
2024-08-02,37.43000030517578,37.43000030517578,36.02000045776367,36.17599868774414,36.17599868774414,500
2024-08-05,34.393001556396484,34.393001556396484,34.393001556396484,34.393001556396484,34.393001556396484,0
2024-08-06,35.650001525878906,35.650001525878906,35.051998138427734,35.051998138427734,35.051998138427734,600
2024-08-07,34.68000030517578,34.68000030517578,34.68000030517578,34.68000030517578,34.68000030517578,100
2024-08-08,35.770999908447266,35.770999908447266,35.770999908447266,35.770999908447266,35.770999908447266,100
2024-08-09,35.66999816894531,35.888999938964844,35.66999816894531,35.888999938964844,35.888999938964844,900
2024-08-12,35.507999420166016,35.507999420166016,35.507999420166016,35.507999420166016,35.507999420166016,100
2024-08-13,36.27899932861328,36.27899932861328,36.27899932861328,36.27899932861328,36.27899932861328,100
2024-08-14,36.58300018310547,36.58300018310547,36.58300018310547,36.58300018310547,36.58300018310547,100
2024-08-15,37.38600158691406,37.38600158691406,37.38600158691406,37.38600158691406,37.38600158691406,100
2024-08-16,37.62799835205078,37.62799835205078,37.62799835205078,37.62799835205078,37.62799835205078,0
2024-08-19,38.12699890136719,38.12699890136719,38.12699890136719,38.12699890136719,38.12699890136719,0
2024-08-20,37.82899856567383,37.82899856567383,37.82899856567383,37.82899856567383,37.82899856567383,0
2024-08-21,38.22700119018555,38.22700119018555,38.22700119018555,38.22700119018555,38.22700119018555,0
2024-08-22,38.025001525878906,38.025001525878906,38.025001525878906,38.025001525878906,38.025001525878906,100
2024-08-23,39.04999923706055,39.04999923706055,39.04999923706055,39.04999923706055,39.04999923706055,100
2024-08-26,39.04100036621094,39.04100036621094,39.04100036621094,39.04100036621094,39.04100036621094,100
2024-08-27,39.106998443603516,39.106998443603516,39.106998443603516,39.106998443603516,39.106998443603516,100
2024-08-28,38.994998931884766,38.994998931884766,38.994998931884766,38.994998931884766,38.994998931884766,0
2024-08-29,39.28300094604492,39.28300094604492,39.28300094604492,39.28300094604492,39.28300094604492,100
2024-08-30,39.93600082397461,39.93600082397461,39.93600082397461,39.93600082397461,39.93600082397461,100
2024-09-03,38.9119987487793,38.9119987487793,38.9119987487793,38.9119987487793,38.9119987487793,100
2024-09-04,38.972999572753906,38.972999572753906,38.972999572753906,38.972999572753906,38.972999572753906,100
2024-09-05,38.314998626708984,38.314998626708984,38.314998626708984,38.314998626708984,38.314998626708984,100
2024-09-06,37.58100128173828,37.58100128173828,37.58100128173828,37.58100128173828,37.58100128173828,100
2024-09-09,38.29999923706055,38.29999923706055,38.189998626708984,38.262001037597656,38.262001037597656,1200
2024-09-10,38.16400146484375,38.16400146484375,38.16400146484375,38.16400146484375,38.16400146484375,0
2024-09-11,38.090999603271484,38.090999603271484,38.090999603271484,38.090999603271484,38.090999603271484,100
2024-09-12,38.374000549316406,38.374000549316406,38.374000549316406,38.374000549316406,38.374000549316406,100
2024-09-13,38.88999938964844,38.970001220703125,38.88999938964844,38.970001220703125,38.970001220703125,300
2024-09-16,39.52799987792969,39.52799987792969,39.52799987792969,39.52799987792969,39.52799987792969,0
2024-09-17,39.50199890136719,39.50199890136719,39.50199890136719,39.50199890136719,39.50199890136719,100
2024-09-18,39.41699981689453,39.41699981689453,39.41699981689453,39.41699981689453,39.41699981689453,100
2024-09-19,40.132999420166016,40.132999420166016,40.132999420166016,40.132999420166016,40.132999420166016,100
2024-09-20,39.89899826049805,39.89899826049805,39.89899826049805,39.89899826049805,39.89899826049805,100
2024-09-23,40.255001068115234,40.255001068115234,40.255001068115234,40.255001068115234,40.255001068115234,100
2024-09-24,40.250999450683594,40.250999450683594,40.250999450683594,40.250999450683594,40.250999450683594,100
2024-09-25,39.736000061035156,39.736000061035156,39.736000061035156,39.736000061035156,39.736000061035156,100
2024-09-26,40.308998107910156,40.308998107910156,40.308998107910156,40.308998107910156,40.308998107910156,100
2024-09-27,40.58700180053711,40.58700180053711,40.58700180053711,40.58700180053711,40.58700180053711,100
2024-09-30,40.58000183105469,40.766998291015625,40.58000183105469,40.766998291015625,40.766998291015625,200
2024-10-01,40.470001220703125,40.470001220703125,40.470001220703125,40.470001220703125,40.470001220703125,100
2024-10-02,40.42900085449219,40.42900085449219,40.42900085449219,40.42900085449219,40.42900085449219,100
2024-10-03,40.0620002746582,40.0620002746582,40.0620002746582,40.0620002746582,40.0620002746582,100
2024-10-04,40.64799880981445,40.64799880981445,40.64799880981445,40.64799880981445,40.64799880981445,100
2024-10-07,40.112998962402344,40.112998962402344,40.112998962402344,40.112998962402344,40.112998962402344,0
2024-10-08,40.21200180053711,40.21200180053711,40.21200180053711,40.21200180053711,40.21200180053711,100
2024-10-09,40.7239990234375,40.7239990234375,40.7239990234375,40.7239990234375,40.7239990234375,100
2024-10-10,40.46200180053711,40.46200180053711,40.46200180053711,40.46200180053711,40.46200180053711,100
2024-10-11,41.3650016784668,41.3650016784668,41.3650016784668,41.3650016784668,41.3650016784668,100
2024-10-14,41.926998138427734,41.926998138427734,41.926998138427734,41.926998138427734,41.926998138427734,0
2024-10-15,41.474998474121094,41.474998474121094,41.474998474121094,41.474998474121094,41.474998474121094,100
2024-10-16,42.138999938964844,42.138999938964844,42.138999938964844,42.138999938964844,42.138999938964844,100
2024-10-17,42.09600067138672,42.09600067138672,42.09600067138672,42.09600067138672,42.09600067138672,100
2024-10-18,42.27000045776367,42.27000045776367,42.27000045776367,42.27000045776367,42.27000045776367,100
2024-10-21,41.45000076293945,41.45000076293945,41.42300033569336,41.42300033569336,41.42300033569336,1000
2024-10-22,41.29600143432617,41.29600143432617,41.29600143432617,41.29600143432617,41.29600143432617,0
2024-10-23,41.095001220703125,41.095001220703125,41.095001220703125,41.095001220703125,41.095001220703125,100
2024-10-24,40.93899917602539,40.93899917602539,40.93899917602539,40.93899917602539,40.93899917602539,0
2024-10-25,40.31800079345703,40.31800079345703,40.31800079345703,40.31800079345703,40.31800079345703,100
2024-10-28,40.79199981689453,40.79199981689453,40.79199981689453,40.79199981689453,40.79199981689453,100
2024-10-29,40.2869987487793,40.2869987487793,40.2869987487793,40.2869987487793,40.2869987487793,100
2024-10-30,40.20000076293945,40.20000076293945,40.20000076293945,40.20000076293945,40.20000076293945,200
2024-10-31,39.65999984741211,39.65999984741211,39.65999984741211,39.65999984741211,39.65999984741211,200
2024-11-01,39.65800094604492,39.65800094604492,39.65800094604492,39.65800094604492,39.65800094604492,200
2024-11-04,39.48500061035156,39.48500061035156,39.48500061035156,39.48500061035156,39.48500061035156,100
2024-11-05,40.33399963378906,40.33399963378906,40.33399963378906,40.33399963378906,40.33399963378906,0
2024-11-06,42.310001373291016,42.65999984741211,42.310001373291016,42.65999984741211,42.65999984741211,700
2024-11-07,42.41400146484375,42.41400146484375,42.41400146484375,42.41400146484375,42.41400146484375,100
2024-11-08,42.81399917602539,42.81399917602539,42.81399917602539,42.81399917602539,42.81399917602539,100
2024-11-11,43.2140007019043,43.2140007019043,43.2140007019043,43.2140007019043,43.2140007019043,100
2024-11-12,42.6150016784668,42.6150016784668,42.6150016784668,42.6150016784668,42.6150016784668,100
2024-11-13,42.66999816894531,42.66999816894531,42.66999816894531,42.66999816894531,42.66999816894531,200
2024-11-14,42.08100128173828,42.08100128173828,42.08100128173828,42.08100128173828,42.08100128173828,100
2024-11-15,41.79999923706055,41.79999923706055,41.79999923706055,41.79999923706055,41.79999923706055,100
2024-11-18,42.11600112915039,42.11600112915039,42.11600112915039,42.11600112915039,42.11600112915039,100
2024-11-19,41.90999984741211,41.90999984741211,41.90999984741211,41.90999984741211,41.90999984741211,100
2024-11-20,42.15700149536133,42.15700149536133,42.15700149536133,42.15700149536133,42.15700149536133,0
2024-11-21,43.08000183105469,43.08000183105469,43.08000183105469,43.08000183105469,43.08000183105469,0
2024-11-22,43.784000396728516,43.784000396728516,43.784000396728516,43.784000396728516,43.784000396728516,100
2024-11-25,44.400001525878906,44.40999984741211,44.400001525878906,44.400001525878906,44.400001525878906,1000
2024-11-26,44.40999984741211,44.40999984741211,44.40999984741211,44.40999984741211,44.40999984741211,100
2024-11-27,44.433998107910156,44.433998107910156,44.433998107910156,44.433998107910156,44.433998107910156,100
2024-11-29,44.62799835205078,44.62799835205078,44.62799835205078,44.62799835205078,44.62799835205078,100
2024-12-02,44.130001068115234,44.130001068115234,44.04999923706055,44.04999923706055,44.04999923706055,1700
2024-12-03,43.66400146484375,43.66400146484375,43.66400146484375,43.66400146484375,43.66400146484375,100
2024-12-04,43.5,43.5,43.487998962402344,43.487998962402344,43.487998962402344,300
2024-12-05,43.16999816894531,43.16999816894531,43.16999816894531,43.16999816894531,43.16999816894531,0
2024-12-06,42.88999938964844,42.88999938964844,42.88999938964844,42.88999938964844,42.88999938964844,100
2024-12-09,42.34600067138672,42.34600067138672,42.34600067138672,42.34600067138672,42.34600067138672,100
2024-12-10,41.874000549316406,41.874000549316406,41.874000549316406,41.874000549316406,41.874000549316406,100
2024-12-11,41.77299880981445,41.77299880981445,41.77299880981445,41.77299880981445,41.77299880981445,100
2024-12-12,41.41899871826172,41.41899871826172,41.41899871826172,41.41899871826172,41.41899871826172,100
2024-12-13,41.141998291015625,41.141998291015625,41.141998291015625,41.141998291015625,41.141998291015625,100
2024-12-16,41.09000015258789,41.09000015258789,40.70800018310547,40.70800018310547,40.70800018310547,200
2024-12-17,40.19200134277344,40.19200134277344,40.19200134277344,40.19200134277344,40.19200134277344,0
2024-12-18,38.18199920654297,38.18199920654297,38.18199920654297,38.18199920654297,38.18199920654297,100
2024-12-19,37.8120002746582,37.8120002746582,37.8120002746582,37.8120002746582,37.8120002746582,200
2024-12-20,38.900001525878906,38.900001525878906,38.72200012207031,38.72200012207031,38.72200012207031,200
2024-12-23,38.630001068115234,38.8849983215332,38.52000045776367,38.8849983215332,38.8849983215332,2100
2024-12-24,39.479000091552734,39.479000091552734,39.479000091552734,39.479000091552734,39.479000091552734,100
2024-12-26,39.680999755859375,39.680999755859375,39.680999755859375,39.680999755859375,39.680999755859375,0
2024-12-27,39.152000427246094,39.152000427246094,39.152000427246094,39.152000427246094,39.152000427246094,100
2024-12-30,38.36899948120117,38.36899948120117,38.36899948120117,38.36899948120117,38.36899948120117,100
2024-12-31,38.452999114990234,38.452999114990234,38.452999114990234,38.452999114990234,38.452999114990234,100
2025-01-02,38.81999969482422,38.81999969482422,38.29600143432617,38.29600143432617,38.29600143432617,200
2025-01-03,39.04999923706055,39.04999923706055,39.04999923706055,39.04999923706055,39.04999923706055,100
2025-01-06,38.91699981689453,38.91699981689453,38.91699981689453,38.91699981689453,38.91699981689453,100
2025-01-07,38.80699920654297,38.80699920654297,38.80699920654297,38.80699920654297,38.80699920654297,100
2025-01-08,38.915000915527344,38.915000915527344,38.915000915527344,38.915000915527344,38.915000915527344,0
2025-01-10,37.81399917602539,37.81399917602539,37.81399917602539,37.81399917602539,37.81399917602539,0
2025-01-13,38.47800064086914,38.47800064086914,38.47800064086914,38.47800064086914,38.47800064086914,100
2025-01-14,39.12699890136719,39.12699890136719,39.12699890136719,39.12699890136719,39.12699890136719,0
2025-01-15,40.01599884033203,40.01599884033203,40.01599884033203,40.01599884033203,40.01599884033203,100
2025-01-16,48.02000045776367,57.619998931884766,40.50299835205078,40.50299835205078,40.50299835205078,1600
2025-01-17,41.08700180053711,41.08700180053711,41.08700180053711,41.08700180053711,41.08700180053711,100
2025-01-21,41.869998931884766,41.974998474121094,41.869998931884766,41.974998474121094,41.974998474121094,300
2025-01-22,41.505001068115234,41.505001068115234,41.505001068115234,41.505001068115234,41.505001068115234,100
2025-01-23,42.034000396728516,42.034000396728516,42.034000396728516,42.034000396728516,42.034000396728516,100
2025-01-24,41.970001220703125,41.970001220703125,41.970001220703125,41.970001220703125,41.970001220703125,100
2025-01-27,42.16999816894531,42.16999816894531,42.16999816894531,42.16999816894531,42.16999816894531,100
2025-01-28,41.75199890136719,41.75199890136719,41.75199890136719,41.75199890136719,41.75199890136719,100
2025-01-29,41.632999420166016,41.632999420166016,41.632999420166016,41.632999420166016,41.632999420166016,100
2025-01-30,42.27000045776367,42.40800094604492,42.2400016784668,42.40800094604492,42.40800094604492,2300
2025-01-31,41.847999572753906,41.847999572753906,41.847999572753906,41.847999572753906,41.847999572753906,100
2025-02-03,41.52000045776367,41.52000045776367,41.52000045776367,41.52000045776367,41.52000045776367,0
2025-02-04,41.63100051879883,41.63100051879883,41.63100051879883,41.63100051879883,41.63100051879883,100
2025-02-05,42.13800048828125,42.13800048828125,42.13800048828125,42.13800048828125,42.13800048828125,100
2025-02-06,42.12799835205078,42.12799835205078,42.12799835205078,42.12799835205078,42.12799835205078,100
2025-02-07,41.650001525878906,41.650001525878906,41.650001525878906,41.650001525878906,41.650001525878906,100
2025-02-10,41.810001373291016,41.81999969482422,41.810001373291016,41.81700134277344,41.81700134277344,7700
2025-02-11,41.97700119018555,41.97700119018555,41.97700119018555,41.97700119018555,41.97700119018555,100
2025-02-12,41.542999267578125,41.542999267578125,41.542999267578125,41.542999267578125,41.542999267578125,100
2025-02-13,42.20399856567383,42.20399856567383,42.20399856567383,42.20399856567383,42.20399856567383,100
2025-02-14,42.138999938964844,42.138999938964844,42.138999938964844,42.138999938964844,42.138999938964844,100
2025-02-18,42.54100036621094,42.54100036621094,42.54100036621094,42.54100036621094,42.54100036621094,100
2025-02-19,42.81700134277344,42.81700134277344,42.81700134277344,42.81700134277344,42.81700134277344,100
2025-02-20,42.45399856567383,42.45399856567383,42.45399856567383,42.45399856567383,42.45399856567383,100
2025-02-21,41.32099914550781,41.32099914550781,41.32099914550781,41.32099914550781,41.32099914550781,100
2025-02-24,41.38800048828125,41.38800048828125,41.38800048828125,41.38800048828125,41.38800048828125,0
2025-02-25,41.4640007019043,41.4640007019043,41.4640007019043,41.4640007019043,41.4640007019043,0
2025-02-26,41.124000549316406,41.124000549316406,41.124000549316406,41.124000549316406,41.124000549316406,0
2025-02-27,40.8849983215332,40.8849983215332,40.8849983215332,40.8849983215332,40.8849983215332,100
2025-02-28,41.92300033569336,41.92300033569336,41.92300033569336,41.92300033569336,41.92300033569336,100
2025-03-03,41.05400085449219,41.05400085449219,41.05400085449219,41.05400085449219,41.05400085449219,100
2025-03-04,39.612998962402344,39.612998962402344,39.612998962402344,39.612998962402344,39.612998962402344,100
2025-03-05,39.84000015258789,40.24399948120117,39.79999923706055,40.24399948120117,40.24399948120117,500
2025-03-06,39.810001373291016,39.810001373291016,39.20000076293945,39.481998443603516,39.481998443603516,400
2025-03-07,40.03799819946289,40.03799819946289,40.03799819946289,40.03799819946289,40.03799819946289,100
2025-03-10,38.90999984741211,38.90999984741211,38.814998626708984,38.814998626708984,38.814998626708984,100
2025-03-11,37.9370002746582,37.9370002746582,37.9370002746582,37.9370002746582,37.9370002746582,100
2025-03-12,37.64799880981445,37.64799880981445,37.64799880981445,37.64799880981445,37.64799880981445,100
2025-03-13,37.053001403808594,37.053001403808594,37.053001403808594,37.053001403808594,37.053001403808594,100
2025-03-14,38.50899887084961,38.50899887084961,38.50899887084961,38.50899887084961,38.50899887084961,100
2025-03-17,39.5260009765625,39.5260009765625,39.5260009765625,39.5260009765625,39.5260009765625,100
2025-03-18,38.849998474121094,39.14500045776367,38.849998474121094,39.14500045776367,39.14500045776367,2100
2025-03-19,39.29999923706055,39.810001373291016,39.22999954223633,39.70100021362305,39.70100021362305,1800
2025-03-20,39.51300048828125,39.51300048828125,39.51300048828125,39.51300048828125,39.51300048828125,100
2025-03-21,38.689998626708984,39.17599868774414,38.689998626708984,39.17599868774414,39.17599868774414,100
2025-03-24,40.2599983215332,40.33000183105469,40.04999923706055,40.290000915527344,40.290000915527344,3100
2025-03-25,40.09000015258789,40.09299850463867,40.060001373291016,40.09299850463867,40.09299850463867,1400
2025-03-26,39.970001220703125,40.073001861572266,39.970001220703125,40.073001861572266,40.073001861572266,200
2025-03-27,40.029998779296875,40.029998779296875,39.92499923706055,39.92499923706055,39.92499923706055,200
2025-03-28,38.7859992980957,38.7859992980957,38.7859992980957,38.7859992980957,38.7859992980957,0
2025-03-31,39.57899856567383,39.57899856567383,39.57899856567383,39.57899856567383,39.57899856567383,0
2025-04-01,39.36199951171875,39.36199951171875,39.36199951171875,39.36199951171875,39.36199951171875,0
2025-04-02,40.01900100708008,40.01900100708008,40.01900100708008,40.01900100708008,40.01900100708008,0
2025-04-03,36.65700149536133,36.65700149536133,36.65700149536133,36.65700149536133,36.65700149536133,100
2025-04-04,31.94700050354004,31.94700050354004,31.94700050354004,31.94700050354004,31.94700050354004,200
2025-04-07,31.969999313354492,31.969999313354492,31.510000228881836,31.510000228881836,31.510000228881836,500
2025-04-08,31.309999465942383,31.479999542236328,30.445999145507812,30.445999145507812,30.445999145507812,1600
2025-04-09,30.209999084472656,35.45600128173828,30.209999084472656,35.45600128173828,35.45600128173828,200
2025-04-10,32.31999969482422,33.2859992980957,31.799999237060547,33.2859992980957,33.2859992980957,4800
2025-04-11,34.53099822998047,34.53099822998047,34.53099822998047,34.53099822998047,34.53099822998047,100
2025-04-14,35.290000915527344,35.369998931884766,35.13999938964844,35.30400085449219,35.30400085449219,2200
2025-04-15,35.349998474121094,35.36000061035156,35.20199966430664,35.20199966430664,35.20199966430664,1000
2025-04-16,34.29499816894531,34.29499816894531,34.29499816894531,34.29499816894531,34.29499816894531,100
2025-04-17,34.70000076293945,34.70000076293945,34.57500076293945,34.57500076293945,34.57500076293945,300
2025-04-21,32.56999969482422,33.15599822998047,32.56999969482422,33.15599822998047,33.15599822998047,7400
2025-04-22,34.77799987792969,34.77799987792969,34.77799987792969,34.77799987792969,34.77799987792969,100
2025-04-23,35.400001525878906,35.400001525878906,35.400001525878906,35.400001525878906,35.400001525878906,100
2025-04-24,36.332000732421875,36.332000732421875,36.332000732421875,36.332000732421875,36.332000732421875,100
2025-04-25,36.0880012512207,36.0880012512207,36.0880012512207,36.0880012512207,36.0880012512207,100
2025-04-28,36.31999969482422,36.31999969482422,36.31999969482422,36.31999969482422,36.31999969482422,100
2025-04-29,36.73400115966797,36.73400115966797,36.73400115966797,36.73400115966797,36.73400115966797,100
2025-04-30,36.77000045776367,36.77000045776367,36.77000045776367,36.77000045776367,36.77000045776367,100
2025-05-01,37.0,37.0,36.78499984741211,36.78499984741211,36.78499984741211,300
2025-05-02,37.66999816894531,37.66999816894531,37.66999816894531,37.66999816894531,37.66999816894531,100
2025-05-05,37.4900016784668,37.4900016784668,37.4900016784668,37.4900016784668,37.4900016784668,100
2025-05-06,37.099998474121094,37.099998474121094,36.9900016784668,36.9900016784668,36.9900016784668,5000
2025-05-07,37.409000396728516,37.409000396728516,37.409000396728516,37.409000396728516,37.409000396728516,100
2025-05-08,37.81999969482422,37.81999969482422,37.81999969482422,37.81999969482422,37.81999969482422,100
2025-05-09,37.78099822998047,37.78099822998047,37.78099822998047,37.78099822998047,37.78099822998047,100
2025-05-12,39.34000015258789,39.34000015258789,39.34000015258789,39.34000015258789,39.34000015258789,100
2025-05-13,39.22999954223633,39.22999954223633,39.22999954223633,39.22999954223633,39.22999954223633,100
2025-05-14,38.7599983215332,38.7599983215332,38.72999954223633,38.72999954223633,38.72999954223633,200
2025-05-15,39.45800018310547,39.45800018310547,39.45800018310547,39.45800018310547,39.45800018310547,100
2025-05-16,40.099998474121094,40.1619987487793,40.099998474121094,40.1619987487793,40.1619987487793,200
2025-05-19,40.189998626708984,40.189998626708984,40.189998626708984,40.189998626708984,40.189998626708984,200
2025-05-20,40.08000183105469,40.08000183105469,40.08000183105469,40.08000183105469,40.08000183105469,200
2025-05-21,38.619998931884766,38.619998931884766,38.619998931884766,38.619998931884766,38.619998931884766,200
2025-05-22,38.38100051879883,38.38100051879883,38.38100051879883,38.38100051879883,38.38100051879883,100
2025-05-23,38.18000030517578,38.18000030517578,38.18000030517578,38.18000030517578,38.18000030517578,100
2025-05-27,39.354000091552734,39.354000091552734,39.354000091552734,39.354000091552734,39.354000091552734,100
2025-05-28,38.74800109863281,38.74800109863281,38.74800109863281,38.74800109863281,38.74800109863281,100
2025-05-29,39.04199981689453,39.04199981689453,39.04199981689453,39.04199981689453,39.04199981689453,100
2025-05-30,39.19900131225586,39.19900131225586,39.19900131225586,39.19900131225586,39.19900131225586,100
2025-06-02,39.20000076293945,39.20000076293945,39.20000076293945,39.20000076293945,39.20000076293945,100
2025-06-03,39.69300079345703,39.69300079345703,39.69300079345703,39.69300079345703,39.69300079345703,0
2025-06-04,39.40399932861328,39.40399932861328,39.40399932861328,39.40399932861328,39.40399932861328,0
2025-06-05,39.132999420166016,39.132999420166016,39.132999420166016,39.132999420166016,39.132999420166016,100
2025-06-06,39.948001861572266,39.948001861572266,39.948001861572266,39.948001861572266,39.948001861572266,100
2025-06-09,39.900001525878906,39.900001525878906,39.900001525878906,39.900001525878906,39.900001525878906,100
2025-06-10,40.21200180053711,40.21200180053711,40.21200180053711,40.21200180053711,40.21200180053711,100
2025-06-11,40.11399841308594,40.11399841308594,40.11399841308594,40.11399841308594,40.11399841308594,0
2025-06-12,40.34000015258789,40.34000015258789,40.24300003051758,40.24300003051758,40.24300003051758,1000
2025-06-13,39.43899917602539,39.43899917602539,39.43899917602539,39.43899917602539,39.43899917602539,100
2025-06-16,40.04999923706055,40.04999923706055,40.0260009765625,40.0260009765625,40.0260009765625,2000
2025-06-17,39.4010009765625,39.4010009765625,39.4010009765625,39.4010009765625,39.4010009765625,100
2025-06-18,39.53900146484375,39.53900146484375,39.53900146484375,39.53900146484375,39.53900146484375,0
2025-06-20,39.59000015258789,39.59000015258789,39.59000015258789,39.59000015258789,39.59000015258789,100
2025-06-23,40.29199981689453,40.29199981689453,40.29199981689453,40.29199981689453,40.29199981689453,100
2025-06-24,40.902000427246094,40.902000427246094,40.902000427246094,40.902000427246094,40.902000427246094,100
2025-06-25,40.41299819946289,40.41299819946289,40.41299819946289,40.41299819946289,40.41299819946289,0
2025-06-26,40.96799850463867,40.96799850463867,40.96799850463867,40.96799850463867,40.96799850463867,100
2025-06-27,41.20399856567383,41.20399856567383,41.20399856567383,41.20399856567383,41.20399856567383,100
2025-06-30,41.604000091552734,41.604000091552734,41.604000091552734,41.604000091552734,41.604000091552734,100
2025-07-01,42.23500061035156,42.23500061035156,42.23500061035156,42.23500061035156,42.23500061035156,100
2025-07-02,42.30699920654297,42.30699920654297,42.30699920654297,42.30699920654297,42.30699920654297,100
2025-07-03,42.77899932861328,42.77899932861328,42.77899932861328,42.77899932861328,42.77899932861328,100
2025-07-07,42.09000015258789,42.09000015258789,42.09000015258789,42.09000015258789,42.09000015258789,100
2025-07-08,42.04600143432617,42.04600143432617,42.04600143432617,42.04600143432617,42.04600143432617,100
2025-07-09,42.250999450683594,42.250999450683594,42.250999450683594,42.250999450683594,42.250999450683594,0
2025-07-10,42.630001068115234,42.630001068115234,42.630001068115234,42.630001068115234,42.630001068115234,200
2025-07-11,42.13999938964844,42.25199890136719,42.13999938964844,42.25199890136719,42.25199890136719,100
2025-07-14,42.354000091552734,42.354000091552734,42.354000091552734,42.354000091552734,42.354000091552734,0
2025-07-15,43.0,43.0,41.32600021362305,41.32600021362305,41.32600021362305,800
2025-07-16,41.189998626708984,41.60599899291992,41.189998626708984,41.60599899291992,41.60599899291992,100
2025-07-17,42.08000183105469,42.13999938964844,41.77000045776367,42.13999938964844,42.13999938964844,1000
2025-07-18,42.20000076293945,42.20000076293945,42.029998779296875,42.029998779296875,42.029998779296875,600
2025-07-21,41.99399948120117,41.99399948120117,41.99399948120117,41.99399948120117,41.99399948120117,100
2025-07-22,42.71099853515625,42.71099853515625,42.71099853515625,42.71099853515625,42.71099853515625,100
2025-07-23,43.29399871826172,43.29399871826172,43.29399871826172,43.29399871826172,43.29399871826172,100
2025-07-24,43.055999755859375,43.055999755859375,43.055999755859375,43.055999755859375,43.055999755859375,100
2025-07-25,43.361000061035156,43.361000061035156,43.361000061035156,43.361000061035156,43.361000061035156,0
2025-07-28,42.94599914550781,42.94599914550781,42.94599914550781,42.94599914550781,42.94599914550781,100
2025-07-29,42.87799835205078,42.87799835205078,42.87799835205078,42.87799835205078,42.87799835205078,100
2025-07-30,42.34000015258789,42.36000061035156,42.34000015258789,42.36000061035156,42.36000061035156,100
2025-07-31,41.63600158691406,41.63600158691406,41.63600158691406,41.63600158691406,41.63600158691406,100
2025-08-01,40.52000045776367,40.617000579833984,40.5,40.617000579833984,40.617000579833984,400
2025-08-04,41.481998443603516,41.481998443603516,41.481998443603516,41.481998443603516,41.481998443603516,100
2025-08-05,41.38999938964844,41.40999984741211,41.29999923706055,41.310001373291016,41.310001373291016,4000
2025-08-06,41.35499954223633,41.35499954223633,41.35499954223633,41.35499954223633,41.35499954223633,0
2025-08-07,41.266998291015625,41.266998291015625,41.266998291015625,41.266998291015625,41.266998291015625,0
2025-08-08,41.72100067138672,41.72100067138672,41.72100067138672,41.72100067138672,41.72100067138672,0
2025-08-11,41.481998443603516,41.481998443603516,41.481998443603516,41.481998443603516,41.481998443603516,200
2025-08-12,42.41299819946289,42.41299819946289,42.41299819946289,42.41299819946289,42.41299819946289,100
2025-08-13,42.91999816894531,43.29999923706055,42.91999816894531,43.29999923706055,43.29999923706055,200
2025-08-14,43.051998138427734,43.051998138427734,43.051998138427734,43.051998138427734,43.051998138427734,100
2025-08-15,42.8650016784668,42.8650016784668,42.8650016784668,42.8650016784668,42.8650016784668,100
2025-08-18,43.0099983215332,43.0099983215332,42.9119987487793,42.9119987487793,42.9119987487793,200
2025-08-19,42.9900016784668,43.0369987487793,42.9900016784668,43.0369987487793,43.0369987487793,100
2025-08-20,43.2599983215332,43.27000045776367,43.16999816894531,43.172000885009766,43.172000885009766,1100
2025-08-21,42.849998474121094,42.97999954223633,42.77000045776367,42.869998931884766,42.869998931884766,1000
2025-08-22,44.380001068115234,44.380001068115234,44.26499938964844,44.303001403808594,44.303001403808594,300
2025-08-25,43.7599983215332,43.7599983215332,43.7599983215332,43.7599983215332,43.7599983215332,100
2025-08-26,43.874000549316406,43.874000549316406,43.874000549316406,43.874000549316406,43.874000549316406,100
2025-08-27,44.18000030517578,44.229000091552734,44.18000030517578,44.229000091552734,44.229000091552734,100
2025-08-28,44.220001220703125,44.220001220703125,44.220001220703125,44.220001220703125,44.220001220703125,100
2025-08-29,44.176998138427734,44.176998138427734,44.176998138427734,44.176998138427734,44.176998138427734,0
2025-09-02,43.691001892089844,43.691001892089844,43.691001892089844,43.691001892089844,43.691001892089844,100
2025-09-03,43.369998931884766,43.62300109863281,43.349998474121094,43.62300109863281,43.62300109863281,2400
2025-09-04,44.34000015258789,44.34000015258789,44.34000015258789,44.34000015258789,44.34000015258789,0
2025-09-05,44.104000091552734,44.104000091552734,44.104000091552734,44.104000091552734,44.104000091552734,0
2025-09-08,43.84000015258789,44.06100082397461,43.84000015258789,44.06100082397461,44.06100082397461,300
2025-09-09,44.16699981689453,44.16699981689453,44.16699981689453,44.16699981689453,44.16699981689453,0
2025-09-10,43.96099853515625,43.96099853515625,43.96099853515625,43.96099853515625,43.96099853515625,100
2025-09-11,44.27000045776367,45.07400131225586,44.27000045776367,45.07400131225586,45.07400131225586,1800
2025-09-12,44.79999923706055,44.79999923706055,44.590999603271484,44.590999603271484,44.590999603271484,200
2025-09-15,44.46500015258789,44.46500015258789,44.46500015258789,44.46500015258789,44.46500015258789,100
2025-09-16,44.34000015258789,44.44300079345703,44.34000015258789,44.44300079345703,44.44300079345703,200
2025-09-17,44.61199951171875,44.61199951171875,44.61199951171875,44.61199951171875,44.61199951171875,0
2025-09-18,45.077999114990234,45.077999114990234,45.077999114990234,45.077999114990234,45.077999114990234,100
2025-09-19,44.95100021362305,44.95100021362305,44.95100021362305,44.95100021362305,44.95100021362305,100
2025-09-22,44.83300018310547,44.83300018310547,44.83300018310547,44.83300018310547,44.83300018310547,0
2025-09-23,44.85300064086914,44.85300064086914,44.85300064086914,44.85300064086914,44.85300064086914,100
2025-09-24,44.67499923706055,44.67499923706055,44.67499923706055,44.67499923706055,44.67499923706055,100
2025-09-25,44.24300003051758,44.24300003051758,44.24300003051758,44.24300003051758,44.24300003051758,100
2025-09-26,44.948001861572266,44.948001861572266,44.948001861572266,44.948001861572266,44.948001861572266,0
2025-09-29,45.01900100708008,45.01900100708008,45.01900100708008,45.01900100708008,45.01900100708008,100
2025-09-30,45.255001068115234,45.255001068115234,45.255001068115234,45.255001068115234,45.255001068115234,0
2025-10-01,45.362998962402344,45.362998962402344,45.362998962402344,45.362998962402344,45.362998962402344,100
2025-10-02,45.37300109863281,45.37300109863281,45.37300109863281,45.37300109863281,45.37300109863281,100
2025-10-03,45.77899932861328,45.77899932861328,45.77899932861328,45.77899932861328,45.77899932861328,0
2025-10-06,45.89899826049805,45.89899826049805,45.89899826049805,45.89899826049805,45.89899826049805,0
2025-10-07,45.54800033569336,45.54800033569336,45.54800033569336,45.54800033569336,45.54800033569336,0
2025-10-08,45.762001037597656,45.762001037597656,45.762001037597656,45.762001037597656,45.762001037597656,0
2025-10-09,44.91999816894531,45.33000183105469,44.91999816894531,45.16400146484375,45.16400146484375,2000
2025-10-10,44.20000076293945,44.20000076293945,43.290000915527344,43.290000915527344,43.290000915527344,400
2025-10-13,44.23500061035156,44.23500061035156,44.23500061035156,44.23500061035156,44.23500061035156,100
2025-10-14,45.25,45.25,44.91400146484375,44.91400146484375,44.91400146484375,200
2025-10-15,45.141998291015625,45.141998291015625,45.141998291015625,45.141998291015625,45.141998291015625,100
2025-10-16,45.165000915527344,45.165000915527344,44.2400016784668,44.2400016784668,44.2400016784668,400
2025-10-17,44.4900016784668,44.757999420166016,44.4900016784668,44.757999420166016,44.757999420166016,100
2025-10-20,45.665000915527344,45.665000915527344,45.665000915527344,45.665000915527344,45.665000915527344,100
2025-10-21,45.79100036621094,45.79100036621094,45.79100036621094,45.79100036621094,45.79100036621094,100
2025-10-22,45.2400016784668,45.36000061035156,45.2400016784668,45.316001892089844,45.316001892089844,200
2025-10-23,45.66600036621094,45.66600036621094,45.66600036621094,45.66600036621094,45.66600036621094,100
2025-10-24,46.249000549316406,46.249000549316406,46.249000549316406,46.249000549316406,46.249000549316406,100
2025-10-27,46.560001373291016,46.736000061035156,46.560001373291016,46.736000061035156,46.736000061035156,200
2025-10-28,46.130001068115234,46.130001068115234,46.130001068115234,46.130001068115234,46.130001068115234,0
2025-10-29,45.39500045776367,45.39500045776367,45.39500045776367,45.39500045776367,45.39500045776367,0
2025-10-30,45.79999923706055,45.79999923706055,45.058998107910156,45.058998107910156,45.058998107910156,500
2025-10-31,45.44599914550781,45.44599914550781,45.44599914550781,45.44599914550781,45.44599914550781,0
2025-11-03,45.111000061035156,45.111000061035156,45.111000061035156,45.111000061035156,45.111000061035156,100
2025-11-04,44.5620002746582,44.5620002746582,44.5620002746582,44.5620002746582,44.5620002746582,100
2025-11-05,45.21099853515625,45.21099853515625,45.21099853515625,45.21099853515625,45.21099853515625,100
2025-11-06,45.25,45.29999923706055,44.72999954223633,44.75199890136719,44.75199890136719,1400
2025-11-07,45.24800109863281,45.24800109863281,45.24800109863281,45.24800109863281,45.24800109863281,100
2025-11-10,45.95000076293945,45.95000076293945,45.95000076293945,45.95000076293945,45.95000076293945,100
2025-11-11,46.50899887084961,46.50899887084961,46.50899887084961,46.50899887084961,46.50899887084961,0
2025-11-12,47.09000015258789,47.09000015258789,46.84199905395508,46.84199905395508,46.84199905395508,400
2025-11-13,46.20000076293945,46.20000076293945,45.667999267578125,45.667999267578125,45.667999267578125,300
2025-11-14,45.358001708984375,45.358001708984375,45.358001708984375,45.358001708984375,45.358001708984375,0
2025-11-17,44.3380012512207,44.3380012512207,44.3380012512207,44.3380012512207,44.3380012512207,0
2025-11-18,44.34400177001953,44.34400177001953,44.34400177001953,44.34400177001953,44.34400177001953,100
2025-11-19,44.20100021362305,44.20100021362305,44.20100021362305,44.20100021362305,44.20100021362305,0
2025-11-20,43.58000183105469,43.58000183105469,43.22600173950195,43.22600173950195,43.22600173950195,100
2025-11-21,44.54800033569336,44.54800033569336,44.54800033569336,44.54800033569336,44.54800033569336,0
2025-11-24,45.26499938964844,45.26499938964844,45.26499938964844,45.26499938964844,45.26499938964844,100
2025-11-25,46.46799850463867,46.46799850463867,46.46799850463867,46.46799850463867,46.46799850463867,0
2025-11-26,47.04100036621094,47.04100036621094,47.04100036621094,47.04100036621094,47.04100036621094,0
2025-11-28,47.625999450683594,47.625999450683594,47.625999450683594,47.625999450683594,47.625999450683594,0
2025-12-01,46.90599822998047,46.90599822998047,46.90599822998047,46.90599822998047,46.90599822998047,100
2025-12-02,46.630001068115234,46.90700149536133,46.630001068115234,46.90700149536133,46.90700149536133,500
2025-12-03,47.650001525878906,47.77000045776367,47.650001525878906,47.72800064086914,47.72800064086914,800
2025-12-04,47.630001068115234,47.630001068115234,47.630001068115234,47.630001068115234,47.630001068115234,0
2025-12-05,47.750999450683594,47.750999450683594,47.750999450683594,47.750999450683594,47.750999450683594,0
2025-12-08,47.10499954223633,47.10499954223633,47.10499954223633,47.10499954223633,47.10499954223633,100
2025-12-09,46.948001861572266,46.948001861572266,46.948001861572266,46.948001861572266,46.948001861572266,0
2025-12-10,47.439998626708984,48.20899963378906,47.439998626708984,48.20899963378906,48.20899963378906,400
2025-12-11,48.73899841308594,48.73899841308594,48.73899841308594,48.73899841308594,48.73899841308594,200
2025-12-12,48.33100128173828,48.33100128173828,48.33100128173828,48.33100128173828,48.33100128173828,0
2025-12-15,48.54899978637695,48.54899978637695,48.54899978637695,48.54899978637695,48.54899978637695,100
2025-12-16,47.74700164794922,47.74700164794922,47.74700164794922,47.74700164794922,47.74700164794922,0
2025-12-17,47.40999984741211,47.40999984741211,47.33000183105469,47.33000183105469,47.33000183105469,200
2025-12-18,47.57500076293945,47.57500076293945,47.57500076293945,47.57500076293945,47.57500076293945,0
2025-12-19,47.849998474121094,47.90800094604492,47.849998474121094,47.90800094604492,47.90800094604492,100
2025-12-22,48.599998474121094,48.62799835205078,48.599998474121094,48.62799835205078,48.62799835205078,100
2025-12-23,48.709999084472656,48.709999084472656,48.709999084472656,48.709999084472656,48.709999084472656,200
2025-12-24,49.119998931884766,49.12799835205078,49.119998931884766,49.12799835205078,49.12799835205078,200
2025-12-26,49.04100036621094,49.04100036621094,49.04100036621094,49.04100036621094,49.04100036621094,200
2025-12-29,48.75199890136719,48.75199890136719,48.75199890136719,48.75199890136719,48.75199890136719,100
2025-12-30,48.72600173950195,48.72600173950195,48.72600173950195,48.72600173950195,48.72600173950195,200
