date,open,high,low,close,adj_close,volume
,STLA,STLA,STLA,STLA,STLA,STLA
2020-01-02,14.979999542236328,15.100000381469727,14.90999984741211,15.079999923706055,9.363968849182129,3387500
2020-01-03,14.640000343322754,14.670000076293945,14.489999771118164,14.489999771118164,8.997605323791504,2643100
2020-01-06,14.329999923706055,14.460000038146973,14.329999923706055,14.449999809265137,8.972768783569336,1713200
2020-01-07,14.460000038146973,14.5,14.170000076293945,14.1899995803833,8.811319351196289,7549800
2020-01-08,14.270000457763672,14.34000015258789,14.1899995803833,14.25,8.848576545715332,2056500
2020-01-09,14.380000114440918,14.380000114440918,14.199999809265137,14.25,8.848576545715332,1818700
2020-01-10,14.34000015258789,14.359999656677246,14.140000343322754,14.149999618530273,8.786481857299805,3207800
2020-01-13,14.210000038146973,14.25,14.140000343322754,14.239999771118164,8.842368125915527,2558900
2020-01-14,14.15999984741211,14.1899995803833,14.039999961853027,14.0600004196167,8.730596542358398,2715000
2020-01-15,13.90999984741211,13.9399995803833,13.789999961853027,13.8100004196167,8.575359344482422,3019200
2020-01-16,13.829999923706055,13.90999984741211,13.789999961853027,13.890000343322754,8.625033378601074,3522200
2020-01-17,13.869999885559082,13.880000114440918,13.710000038146973,13.75,8.538100242614746,1947900
2020-01-21,13.789999961853027,13.8100004196167,13.619999885559082,13.649999618530273,8.476005554199219,3950700
2020-01-22,13.600000381469727,13.600000381469727,13.449999809265137,13.460000038146973,8.358025550842285,4326200
2020-01-23,13.350000381469727,13.449999809265137,13.239999771118164,13.420000076293945,8.333186149597168,3706000
2020-01-24,13.489999771118164,13.520000457763672,13.270000457763672,13.350000381469727,8.289719581604004,3287900
2020-01-27,13.020000457763672,13.130000114440918,12.989999771118164,13.069999694824219,8.115853309631348,2655500
2020-01-28,13.199999809265137,13.289999961853027,13.140000343322754,13.279999732971191,8.24625301361084,3364500
2020-01-29,13.300000190734863,13.380000114440918,13.239999771118164,13.239999771118164,8.221415519714355,4073300
2020-01-30,13.180000305175781,13.279999732971191,13.0600004196167,13.260000228881836,8.233833312988281,5356500
2020-01-31,13.079999923706055,13.079999923706055,12.9399995803833,13.020000457763672,8.084805488586426,3521800
2020-02-03,13.029999732971191,13.170000076293945,12.869999885559082,12.880000114440918,7.997872352600098,3539900
2020-02-04,13.390000343322754,13.390000343322754,13.1899995803833,13.210000038146973,8.20278549194336,4352400
2020-02-05,13.520000457763672,13.640000343322754,13.420000076293945,13.619999885559082,8.457377433776855,4169400
2020-02-06,13.930000305175781,13.930000305175781,13.529999732971191,13.680000305175781,8.494634628295898,3555000
2020-02-07,13.279999732971191,13.399999618530273,13.180000305175781,13.1899995803833,8.1903657913208,3497700
2020-02-10,13.109999656677246,13.170000076293945,13.029999732971191,13.130000114440918,8.15311050415039,2420600
2020-02-11,13.180000305175781,13.350000381469727,13.170000076293945,13.319999694824219,8.27109146118164,3663600
2020-02-12,13.600000381469727,13.75,13.569999694824219,13.649999618530273,8.476005554199219,2651600
2020-02-13,13.460000038146973,13.510000228881836,13.399999618530273,13.4399995803833,8.345605850219727,1495800
2020-02-14,13.399999618530273,13.40999984741211,13.239999771118164,13.270000457763672,8.240043640136719,1346500
2020-02-18,13.1899995803833,13.239999771118164,13.130000114440918,13.170000076293945,8.177948951721191,2076800
2020-02-19,13.220000267028809,13.270000457763672,13.199999809265137,13.210000038146973,8.20278549194336,1683500
2020-02-20,13.270000457763672,13.359999656677246,13.229999542236328,13.300000190734863,8.258671760559082,1655200
2020-02-21,13.1899995803833,13.199999809265137,13.039999961853027,13.100000381469727,8.134481430053711,1983900
2020-02-24,12.260000228881836,12.359999656677246,12.180000305175781,12.210000038146973,7.5818328857421875,9285600
2020-02-25,12.329999923706055,12.350000381469727,11.9399995803833,11.960000038146973,7.426596164703369,7677600
2020-02-26,12.859999656677246,12.899999618530273,12.5,12.5,7.7619099617004395,10291200
2020-02-27,12.550000190734863,12.869999885559082,12.359999656677246,12.359999656677246,7.674976348876953,10290400
2020-02-28,12.210000038146973,12.539999961853027,12.130000114440918,12.4399995803833,7.7246527671813965,11497100
2020-03-02,12.15999984741211,12.380000114440918,11.920000076293945,12.34000015258789,7.6625566482543945,6096600
2020-03-03,12.390000343322754,12.569999694824219,11.920000076293945,12.0,7.451433181762695,6979100
2020-03-04,12.210000038146973,12.399999618530273,12.100000381469727,12.380000114440918,7.6873955726623535,4578200
2020-03-05,12.119999885559082,12.229999542236328,11.859999656677246,11.90999984741211,7.395547866821289,4189200
2020-03-06,11.84000015258789,11.979999542236328,11.710000038146973,11.829999923706055,7.345871925354004,5354500
2020-03-09,10.789999961853027,11.0,10.4399995803833,10.539999961853027,6.544842720031738,5678400
2020-03-10,10.859999656677246,11.020000457763672,10.529999732971191,11.0,6.830480098724365,3545300
2020-03-11,10.699999809265137,10.789999961853027,10.460000038146973,10.600000381469727,6.582099914550781,7516400
2020-03-12,9.949999809265137,9.989999771118164,8.600000381469727,8.989999771118164,5.582365036010742,8770300
2020-03-13,9.890000343322754,10.029999732971191,9.260000228881836,10.029999732971191,6.228156566619873,4629600
2020-03-16,7.909999847412109,8.470000267028809,7.650000095367432,7.860000133514404,4.880688667297363,5292500
2020-03-17,7.46999979019165,7.670000076293945,7.110000133514404,7.610000133514404,4.7254509925842285,3599300
2020-03-18,6.690000057220459,6.960000038146973,6.300000190734863,6.909999847412109,4.290783405303955,4682200
2020-03-19,6.179999828338623,6.510000228881836,6.0,6.46999979019165,4.017564296722412,5885300
2020-03-20,6.619999885559082,6.869999885559082,6.300000190734863,6.349999904632568,3.943049907684326,4656600
2020-03-23,6.25,6.449999809265137,6.230000019073486,6.349999904632568,3.943049907684326,5535900
2020-03-24,6.809999942779541,7.260000228881836,6.659999847412109,7.010000228881836,4.352879047393799,5751500
2020-03-25,7.289999961853027,7.659999847412109,6.820000171661377,7.429999828338623,4.6136794090271,11274400
2020-03-26,7.369999885559082,7.730000019073486,7.320000171661377,7.730000019073486,4.799964904785156,4114800
2020-03-27,7.260000228881836,7.329999923706055,7.059999942779541,7.119999885559082,4.421184062957764,5164800
2020-03-30,7.0,7.099999904632568,6.880000114440918,6.96999979019165,4.328040599822998,3731100
2020-03-31,6.989999771118164,7.260000228881836,6.980000019073486,7.190000057220459,4.464650630950928,3423700
2020-04-01,6.940000057220459,7.039999961853027,6.78000020980835,6.820000171661377,4.234898090362549,2440500
2020-04-02,6.71999979019165,6.860000133514404,6.670000076293945,6.809999942779541,4.228688716888428,2838900
2020-04-03,6.909999847412109,6.909999847412109,6.650000095367432,6.710000038146973,4.166593074798584,1910500
2020-04-06,6.960000038146973,7.289999961853027,6.929999828338623,7.25,4.501907825469971,3663900
2020-04-07,7.849999904632568,7.909999847412109,7.460000038146973,7.619999885559082,4.73166036605835,3968100
2020-04-08,7.739999771118164,7.869999885559082,7.650000095367432,7.860000133514404,4.880688667297363,2275700
2020-04-09,8.1899995803833,8.279999732971191,8.039999961853027,8.210000038146973,5.098022937774658,2863400
2020-04-13,8.350000381469727,8.350000381469727,7.929999828338623,8.050000190734863,4.998669624328613,1476800
2020-04-14,8.4399995803833,8.489999771118164,8.180000305175781,8.350000381469727,5.1849565505981445,2311400
2020-04-15,7.869999885559082,7.920000076293945,7.699999809265137,7.730000019073486,4.799964904785156,2193400
2020-04-16,7.829999923706055,7.840000152587891,7.619999885559082,7.679999828338623,4.768918037414551,1568400
2020-04-17,8.020000457763672,8.100000381469727,7.889999866485596,8.050000190734863,4.998669624328613,3651500
2020-04-20,8.0,8.09000015258789,7.929999828338623,7.940000057220459,4.930365562438965,1772100
2020-04-21,7.769999980926514,8.100000381469727,7.699999809265137,7.730000019073486,4.799964904785156,2917400
2020-04-22,7.900000095367432,7.920000076293945,7.769999980926514,7.809999942779541,4.849640846252441,2328500
2020-04-23,7.920000076293945,8.15999984741211,7.869999885559082,7.940000057220459,4.930365562438965,1990800
2020-04-24,8.100000381469727,8.109999656677246,7.900000095367432,8.0,4.96762228012085,1929900
2020-04-27,8.210000038146973,8.390000343322754,8.170000076293945,8.380000114440918,5.20358419418335,1837600
2020-04-28,8.720000267028809,8.739999771118164,8.40999984741211,8.479999542236328,5.265678882598877,1798100
2020-04-29,8.829999923706055,8.949999809265137,8.819999694824219,8.930000305175781,5.545108318328857,2244300
2020-04-30,8.789999961853027,8.930000305175781,8.609999656677246,8.609999656677246,5.3464035987854,1955600
2020-05-01,8.430000305175781,8.510000228881836,8.25,8.4399995803833,5.240841388702393,1508400
2020-05-04,8.25,8.420000076293945,8.210000038146973,8.300000190734863,5.153907775878906,1866100
2020-05-05,8.470000267028809,8.489999771118164,8.15999984741211,8.229999542236328,5.110441207885742,2273800
2020-05-06,8.319999694824219,8.350000381469727,8.149999618530273,8.149999618530273,5.060765266418457,1224800
2020-05-07,8.199999809265137,8.260000228881836,8.140000343322754,8.1899995803833,5.085602760314941,1126200
2020-05-08,8.3100004196167,8.489999771118164,8.289999961853027,8.489999771118164,5.271889686584473,1376200
2020-05-11,8.350000381469727,8.350000381469727,8.1899995803833,8.3100004196167,5.1601176261901855,1641600
2020-05-12,8.300000190734863,8.319999694824219,8.15999984741211,8.180000305175781,5.079394340515137,1659300
2020-05-13,8.100000381469727,8.180000305175781,7.840000152587891,7.889999866485596,4.899317264556885,2311600
2020-05-14,7.659999847412109,7.849999904632568,7.510000228881836,7.800000190734863,4.8434319496154785,2820900
2020-05-15,7.820000171661377,7.889999866485596,7.710000038146973,7.820000171661377,4.855851173400879,2530200
2020-05-18,8.319999694824219,8.5600004196167,8.289999961853027,8.470000267028809,5.259470462799072,4032300
2020-05-19,8.1899995803833,8.220000267028809,7.96999979019165,8.0,4.96762228012085,5991900
2020-05-20,7.980000019073486,8.09000015258789,7.909999847412109,7.980000019073486,4.955203056335449,4254400
2020-05-21,8.140000343322754,8.300000190734863,8.010000228881836,8.050000190734863,4.998669624328613,3876100
2020-05-22,8.199999809265137,8.220000267028809,8.0,8.119999885559082,5.042136192321777,3028700
2020-05-26,8.75,8.800000190734863,8.600000381469727,8.619999885559082,5.352612495422363,5107300
2020-05-27,9.109999656677246,9.140000343322754,8.859999656677246,9.0,5.588574409484863,4122000
2020-05-28,9.09000015258789,9.149999618530273,8.960000038146973,8.970000267028809,5.5699462890625,2892900
2020-05-29,8.84000015258789,8.930000305175781,8.680000305175781,8.84000015258789,5.489223480224609,3478300
2020-06-01,8.989999771118164,9.229999542236328,8.960000038146973,9.220000267028809,5.725183963775635,1993200
2020-06-02,9.319999694824219,9.4399995803833,9.239999771118164,9.34000015258789,5.799699306488037,2821200
2020-06-03,9.6899995803833,9.90999984741211,9.680000305175781,9.829999923706055,6.103966236114502,3507500
2020-06-04,9.770000457763672,10.0,9.720000267028809,9.880000114440918,6.135013103485107,2886300
2020-06-05,10.539999961853027,10.569999694824219,10.380000114440918,10.399999618530273,6.4579081535339355,4561900
2020-06-08,10.800000190734863,10.880000114440918,10.5,10.770000457763672,6.687661647796631,4963700
2020-06-09,10.210000038146973,10.3100004196167,10.140000343322754,10.180000305175781,6.3212995529174805,2611500
2020-06-10,10.0600004196167,10.15999984741211,9.680000305175781,9.789999961853027,6.079127788543701,6612800
2020-06-11,9.149999618530273,9.319999694824219,8.75,8.8100004196167,5.47059440612793,6719500
2020-06-12,9.350000381469727,9.449999809265137,9.109999656677246,9.34000015258789,5.799699306488037,5124900
2020-06-15,9.069999694824219,9.479999542236328,9.039999961853027,9.40999984741211,5.843165874481201,4459500
2020-06-16,9.670000076293945,9.680000305175781,9.300000190734863,9.460000038146973,5.874212741851807,3241300
2020-06-17,9.529999732971191,9.5600004196167,9.319999694824219,9.329999923706055,5.793489933013916,2471800
2020-06-18,9.279999732971191,9.479999542236328,9.270000457763672,9.350000381469727,5.805908203125,2687900
2020-06-19,9.489999771118164,9.5,9.260000228881836,9.270000457763672,5.756232738494873,2731700
2020-06-22,9.6899995803833,9.729999542236328,9.569999694824219,9.649999618530273,5.992193698883057,3814100
2020-06-23,10.199999809265137,10.3100004196167,10.109999656677246,10.1899995803833,6.327508926391602,5729000
2020-06-24,10.010000228881836,10.050000190734863,9.649999618530273,9.729999542236328,6.0418701171875,4697500
2020-06-25,9.84000015258789,10.0,9.729999542236328,9.989999771118164,6.203318119049072,4503700
2020-06-26,9.859999656677246,9.899999618530273,9.600000381469727,9.670000076293945,6.004613399505615,2803400
2020-06-29,9.869999885559082,9.989999771118164,9.770000457763672,9.920000076293945,6.159851551055908,2636900
2020-06-30,9.930000305175781,10.239999771118164,9.880000114440918,10.239999771118164,6.358557224273682,5379600
2020-07-01,9.930000305175781,10.039999961853027,9.819999694824219,9.899999618530273,6.147432804107666,5502300
2020-07-02,10.199999809265137,10.260000228881836,9.9399995803833,9.949999809265137,6.17848014831543,3557500
2020-07-06,10.25,10.3100004196167,10.09000015258789,10.239999771118164,6.358557224273682,4081000
2020-07-07,10.229999542236328,10.25,10.050000190734863,10.09000015258789,6.265413284301758,2596100
2020-07-08,9.930000305175781,10.050000190734863,9.899999618530273,9.979999542236328,6.197108745574951,2979800
2020-07-09,10.0,10.010000228881836,9.720000267028809,9.779999732971191,6.07291841506958,2991500
2020-07-10,9.869999885559082,10.149999618530273,9.859999656677246,10.109999656677246,6.277832508087158,2469100
2020-07-13,10.270000457763672,10.359999656677246,10.020000457763672,10.069999694824219,6.252994537353516,3065300
2020-07-14,10.0600004196167,10.300000190734863,10.050000190734863,10.279999732971191,6.38339376449585,2348200
2020-07-15,10.430000305175781,10.460000038146973,10.260000228881836,10.430000305175781,6.476537704467773,3998800
2020-07-16,10.369999885559082,10.5,10.359999656677246,10.5,6.5200042724609375,3381800
2020-07-17,10.550000190734863,10.59000015258789,10.430000305175781,10.489999771118164,6.513794422149658,1862800
2020-07-20,10.489999771118164,10.579999923706055,10.460000038146973,10.529999732971191,6.538632392883301,1339800
2020-07-21,10.630000114440918,10.6899995803833,10.479999542236328,10.489999771118164,6.513794422149658,2016900
2020-07-22,10.5,10.649999618530273,10.479999542236328,10.630000114440918,6.6007280349731445,2588100
2020-07-23,10.729999542236328,10.739999771118164,10.520000457763672,10.550000190734863,6.551052093505859,2030200
2020-07-24,10.520000457763672,10.569999694824219,10.460000038146973,10.510000228881836,6.526214122772217,1858200
2020-07-27,10.579999923706055,10.760000228881836,10.5600004196167,10.720000267028809,6.656614780426025,2014800
2020-07-28,10.880000114440918,10.9399995803833,10.829999923706055,10.859999656677246,6.743546962738037,3130100
2020-07-29,10.800000190734863,10.9399995803833,10.75,10.930000305175781,6.787014007568359,2577300
2020-07-30,10.359999656677246,10.520000457763672,10.279999732971191,10.5,6.5200042724609375,2764400
2020-07-31,10.630000114440918,10.630000114440918,10.069999694824219,10.149999618530273,6.302670001983643,3191300
2020-08-03,10.510000228881836,10.640000343322754,10.449999809265137,10.569999694824219,6.563469886779785,3489800
2020-08-04,10.949999809265137,11.09000015258789,10.890000343322754,11.050000190734863,6.861527442932129,2999200
2020-08-05,11.149999618530273,11.229999542236328,11.100000381469727,11.149999618530273,6.923623561859131,2837400
2020-08-06,11.100000381469727,11.119999885559082,10.989999771118164,11.09000015258789,6.886366367340088,2023000
2020-08-07,10.899999618530273,10.989999771118164,10.850000381469727,10.989999771118164,6.824270248413086,1700300
2020-08-10,11.0,11.239999771118164,11.0,11.229999542236328,6.973299503326416,2509000
2020-08-11,11.619999885559082,11.770000457763672,11.510000228881836,11.520000457763672,7.153375625610352,2686600
2020-08-12,11.869999885559082,11.869999885559082,11.619999885559082,11.649999618530273,7.234099388122559,1946600
2020-08-13,11.579999923706055,11.649999618530273,11.479999542236328,11.529999732971191,7.159585475921631,1379600
2020-08-14,11.369999885559082,11.489999771118164,11.350000381469727,11.430000305175781,7.097491264343262,1312500
2020-08-17,11.510000228881836,11.539999961853027,11.430000305175781,11.479999542236328,7.128537178039551,1536600
2020-08-18,11.539999961853027,11.5600004196167,11.380000114440918,11.380000114440918,7.066442489624023,1330700
2020-08-19,11.470000267028809,11.489999771118164,11.289999961853027,11.319999694824219,7.0291852951049805,1622300
2020-08-20,11.15999984741211,11.260000228881836,11.149999618530273,11.220000267028809,6.967089653015137,1519900
2020-08-21,10.949999809265137,11.020000457763672,10.920000076293945,10.989999771118164,6.824270248413086,1413700
2020-08-24,11.220000267028809,11.380000114440918,11.199999809265137,11.3100004196167,7.022976398468018,1657400
2020-08-25,11.420000076293945,11.430000305175781,11.140000343322754,11.220000267028809,6.967089653015137,2363500
2020-08-26,11.3100004196167,11.369999885559082,11.25,11.289999961853027,7.010556697845459,5759900
2020-08-27,11.34000015258789,11.350000381469727,11.09000015258789,11.180000305175781,6.9422526359558105,2481100
2020-08-28,11.149999618530273,11.210000038146973,11.109999656677246,11.210000038146973,6.960880756378174,1769700
2020-08-31,11.229999542236328,11.239999771118164,11.010000228881836,11.029999732971191,6.849109172821045,1586100
2020-09-01,10.819999694824219,10.920000076293945,10.739999771118164,10.890000343322754,6.762176513671875,1658800
2020-09-02,10.84000015258789,10.989999771118164,10.829999923706055,10.979999542236328,6.818061351776123,2076500
2020-09-03,11.210000038146973,11.270000457763672,10.84000015258789,10.880000114440918,6.7559661865234375,3471500
2020-09-04,11.270000457763672,11.390000343322754,11.010000228881836,11.289999961853027,7.010556697845459,2966300
2020-09-08,11.199999809265137,11.430000305175781,11.149999618530273,11.15999984741211,6.929832935333252,3119800
2020-09-09,11.350000381469727,11.380000114440918,11.279999732971191,11.319999694824219,7.0291852951049805,2986300
2020-09-10,11.859999656677246,11.930000305175781,11.5600004196167,11.630000114440918,7.221681118011475,3543200
2020-09-11,11.670000076293945,11.770000457763672,11.609999656677246,11.75,7.2961955070495605,1912100
2020-09-14,11.859999656677246,11.9399995803833,11.779999732971191,11.930000305175781,7.407966136932373,2518900
2020-09-15,13.149999618530273,13.149999618530273,12.8100004196167,12.8100004196167,7.954405307769775,4620900
2020-09-16,12.699999809265137,12.819999694824219,12.619999885559082,12.649999618530273,7.8550519943237305,2539300
2020-09-17,12.59000015258789,12.779999732971191,12.569999694824219,12.699999809265137,7.886099815368652,2643900
2020-09-18,12.369999885559082,12.399999618530273,12.1899995803833,12.260000228881836,7.612881183624268,3424600
2020-09-21,11.829999923706055,11.869999885559082,11.5600004196167,11.829999923706055,7.345871925354004,3499900
2020-09-22,12.079999923706055,12.119999885559082,11.890000343322754,12.0,7.451433181762695,2969000
2020-09-23,12.270000457763672,12.34000015258789,11.949999809265137,11.960000038146973,7.426596164703369,2365800
2020-09-24,12.130000114440918,12.25,12.010000228881836,12.130000114440918,7.5321574211120605,2946100
2020-09-25,11.829999923706055,11.979999542236328,11.789999961853027,11.979999542236328,7.439013481140137,2231800
2020-09-28,12.390000343322754,12.449999809265137,12.319999694824219,12.369999885559082,7.681186676025391,1907400
2020-09-29,12.25,12.289999961853027,12.109999656677246,12.15999984741211,7.550785541534424,2118000
2020-09-30,12.170000076293945,12.380000114440918,12.15999984741211,12.220000267028809,7.588043212890625,1705800
2020-10-01,12.229999542236328,12.260000228881836,12.069999694824219,12.229999542236328,7.594252109527588,2285300
2020-10-02,11.920000076293945,12.229999542236328,11.90999984741211,12.199999809265137,7.575623989105225,2222500
2020-10-05,12.34000015258789,12.460000038146973,12.300000190734863,12.40999984741211,7.706023693084717,1267800
2020-10-06,12.510000228881836,12.670000076293945,12.319999694824219,12.329999923706055,7.656347274780273,3316200
2020-10-07,12.470000267028809,12.640000343322754,12.460000038146973,12.59000015258789,7.817796230316162,1433300
2020-10-08,12.479999542236328,12.640000343322754,12.479999542236328,12.609999656677246,7.830214500427246,1750600
2020-10-09,12.510000228881836,12.529999732971191,12.369999885559082,12.489999771118164,7.75570011138916,1420800
2020-10-12,12.59000015258789,12.630000114440918,12.489999771118164,12.510000228881836,7.768120288848877,1341800
2020-10-13,12.319999694824219,12.319999694824219,12.180000305175781,12.239999771118164,7.600462436676025,2311200
2020-10-14,12.460000038146973,12.5,12.350000381469727,12.359999656677246,7.674976348876953,1407800
2020-10-15,11.970000267028809,12.3100004196167,11.930000305175781,12.3100004196167,7.6439290046691895,2165700
2020-10-16,12.579999923706055,12.75,12.520000457763672,12.59000015258789,7.817796230316162,1911100
2020-10-19,12.630000114440918,12.760000228881836,12.470000267028809,12.510000228881836,7.768120288848877,2532800
2020-10-20,12.699999809265137,12.819999694824219,12.649999618530273,12.670000076293945,7.867472171783447,1623600
2020-10-21,12.800000190734863,12.850000381469727,12.670000076293945,12.710000038146973,7.892310619354248,1557400
2020-10-22,12.890000343322754,13.0600004196167,12.869999885559082,13.020000457763672,8.084805488586426,1901200
2020-10-23,13.170000076293945,13.1899995803833,13.029999732971191,13.180000305175781,8.184157371520996,2142200
2020-10-26,13.460000038146973,13.470000267028809,13.119999885559082,13.260000228881836,8.233833312988281,3769300
2020-10-27,13.039999961853027,13.100000381469727,12.84000015258789,12.90999984741211,8.016499519348145,2586000
2020-10-28,12.5600004196167,12.649999618530273,12.270000457763672,12.279999732971191,7.625299453735352,3737900
2020-10-29,12.25,12.529999732971191,12.210000038146973,12.40999984741211,7.706023693084717,2488100
2020-10-30,12.3100004196167,12.34000015258789,12.109999656677246,12.289999961853027,7.631510257720947,2698000
2020-11-02,12.59000015258789,12.6899995803833,12.489999771118164,12.619999885559082,7.836423397064209,2760900
2020-11-03,12.819999694824219,13.039999961853027,12.789999961853027,12.960000038146973,8.047548294067383,3395600
2020-11-04,13.050000190734863,13.100000381469727,12.920000076293945,12.930000305175781,8.02892017364502,2509600
2020-11-05,13.4399995803833,13.600000381469727,13.350000381469727,13.520000457763672,8.395282745361328,3249900
2020-11-06,13.460000038146973,13.510000228881836,13.300000190734863,13.34000015258789,8.283510208129883,1875100
2020-11-09,14.34000015258789,14.359999656677246,13.9399995803833,13.949999809265137,8.662290573120117,4171300
2020-11-10,14.220000267028809,14.510000228881836,14.170000076293945,14.380000114440918,8.929301261901855,3007100
2020-11-11,14.529999732971191,14.539999961853027,14.369999885559082,14.460000038146973,8.97897720336914,2055000
2020-11-12,14.199999809265137,14.270000457763672,14.029999732971191,14.109999656677246,8.761643409729004,1868200
2020-11-13,14.430000305175781,14.569999694824219,14.420000076293945,14.569999694824219,9.047282218933105,1682300
2020-11-16,14.859999656677246,14.989999771118164,14.770000457763672,14.890000343322754,9.245985984802246,2337800
2020-11-17,15.039999961853027,15.140000343322754,14.949999809265137,15.079999923706055,9.363968849182129,2757400
2020-11-18,15.0,15.109999656677246,14.869999885559082,14.869999885559082,9.23356819152832,1833400
2020-11-19,15.239999771118164,15.449999809265137,15.199999809265137,15.4399995803833,9.58751106262207,2446300
2020-11-20,15.279999732971191,15.34000015258789,15.239999771118164,15.289999961853027,9.494368553161621,1406500
2020-11-23,15.289999961853027,15.380000114440918,15.1899995803833,15.239999771118164,9.4633207321167,2147000
2020-11-24,15.390000343322754,15.710000038146973,15.329999923706055,15.65999984741211,9.72412109375,5323000
2020-11-25,15.600000381469727,15.800000190734863,15.520000457763672,15.779999732971191,9.79863452911377,1694100
2020-11-27,15.8100004196167,15.890000343322754,15.760000228881836,15.819999694824219,9.82347297668457,1082100
2020-11-30,15.899999618530273,15.899999618530273,15.5,15.5,9.624768257141113,2592800
2020-12-01,15.829999923706055,16.040000915527344,15.779999732971191,16.010000228881836,9.941454887390137,1805900
2020-12-02,15.789999961853027,16.040000915527344,15.770000457763672,15.970000267028809,9.91661548614502,1537500
2020-12-03,16.110000610351562,16.15999984741211,15.899999618530273,15.920000076293945,9.885567665100098,2087300
2020-12-04,16.440000534057617,16.489999771118164,16.3700008392334,16.389999389648438,10.177414894104004,3025100
2020-12-07,16.31999969482422,16.350000381469727,16.239999771118164,16.290000915527344,10.115323066711426,2416200
2020-12-08,16.25,16.350000381469727,16.15999984741211,16.190000534057617,10.05322551727295,1825500
2020-12-09,16.75,16.799999237060547,16.489999771118164,16.559999465942383,10.282977104187012,3484000
2020-12-10,16.559999465942383,16.799999237060547,16.540000915527344,16.719999313354492,10.382330894470215,5641900
2020-12-11,16.600000381469727,16.639999389648438,16.43000030517578,16.6299991607666,10.326444625854492,2209300
2020-12-14,16.959999084472656,17.0,16.760000228881836,16.770000457763672,10.413379669189453,3417500
2020-12-15,17.06999969482422,17.299999237060547,17.020000457763672,17.25,10.711434364318848,1932900
2020-12-16,17.389999389648438,17.579999923706055,17.3700008392334,17.549999237060547,10.897721290588379,1935400
2020-12-17,17.690000534057617,17.75,17.610000610351562,17.68000030517578,10.978446960449219,1574800
2020-12-18,17.809999465942383,17.809999465942383,17.68000030517578,17.760000228881836,11.028121948242188,2134800
2020-12-21,17.229999542236328,17.579999923706055,17.200000762939453,17.540000915527344,10.891512870788574,2218300
2020-12-22,17.799999237060547,17.829999923706055,17.690000534057617,17.790000915527344,11.04675006866455,1273400
2020-12-23,17.959999084472656,17.989999771118164,17.81999969482422,17.81999969482422,11.06537914276123,1360200
2020-12-24,17.770000457763672,17.809999465942383,17.579999923706055,17.68000030517578,10.978446960449219,678400
2020-12-28,18.1200008392334,18.209999084472656,17.969999313354492,18.0,11.177148818969727,1642900
2020-12-29,18.110000610351562,18.1299991607666,17.8799991607666,17.979999542236328,11.164730072021484,1668100
2020-12-30,18.06999969482422,19.5,17.979999542236328,18.1200008392334,11.251664161682129,9158100
2020-12-31,18.010000228881836,18.139999389648438,17.989999771118164,18.09000015258789,11.233036041259766,2551400
2021-01-04,18.520000457763672,18.559999465942383,18.06999969482422,18.190000534057617,11.29513168334961,3672900
2021-01-05,18.09000015258789,18.489999771118164,18.079999923706055,18.440000534057617,11.45036792755127,2675700
2021-01-06,17.729999542236328,18.06999969482422,17.719999313354492,17.959999084472656,11.152313232421875,4253200
2021-01-07,18.239999771118164,18.299999237060547,18.059999465942383,18.190000534057617,11.29513168334961,3129300
2021-01-08,17.75,17.84000015258789,17.489999771118164,17.719999313354492,11.00328254699707,3725000
2021-01-11,17.31999969482422,17.65999984741211,17.239999771118164,17.6200008392334,10.94118881225586,4155400
2021-01-12,17.530000686645508,17.959999084472656,17.43000030517578,17.8799991607666,11.102633476257324,4153500
2021-01-13,17.860000610351562,17.90999984741211,17.729999542236328,17.81999969482422,11.06537914276123,4190400
2021-01-14,16.110000610351562,16.139999389648438,15.899999618530273,16.020000457763672,11.375689506530762,4088000
2021-01-15,15.579999923706055,15.609999656677246,15.1899995803833,15.229999542236328,10.814716339111328,4463900
2021-01-19,17.170000076293945,17.209999084472656,16.690000534057617,16.8799991607666,11.986369132995605,5723400
2021-01-20,17.079999923706055,17.1299991607666,16.809999465942383,17.049999237060547,12.107084274291992,3780500
2021-01-21,16.860000610351562,16.950000762939453,16.5,16.760000228881836,11.90115737915039,4654000
2021-01-22,16.350000381469727,16.350000381469727,16.1299991607666,16.149999618530273,11.468001365661621,2813600
2021-01-25,15.579999923706055,15.600000381469727,15.170000076293945,15.470000267028809,10.985137939453125,3653500
2021-01-26,15.710000038146973,15.760000228881836,15.569999694824219,15.609999656677246,11.084550857543945,2719900
2021-01-27,15.039999961853027,15.149999618530273,14.880000114440918,15.0,10.65139389038086,3010800
2021-01-28,15.239999771118164,15.609999656677246,15.170000076293945,15.5,11.006441116333008,4296400
2021-01-29,15.350000381469727,15.40999984741211,15.0600004196167,15.229999542236328,10.814716339111328,2520500
2021-02-01,15.289999961853027,15.399999618530273,15.1899995803833,15.390000343322754,10.928330421447754,3215800
2021-02-02,15.640000343322754,15.899999618530273,15.489999771118164,15.850000381469727,11.254974365234375,2745100
2021-02-03,15.630000114440918,15.8100004196167,15.619999885559082,15.789999961853027,11.212367057800293,3392800
2021-02-04,15.630000114440918,15.789999961853027,15.609999656677246,15.75,11.183963775634766,3109800
2021-02-05,16.149999618530273,16.219999313354492,15.989999771118164,16.170000076293945,11.482203483581543,3482600
2021-02-08,16.450000762939453,16.530000686645508,16.360000610351562,16.489999771118164,11.709434509277344,2158200
2021-02-09,16.299999237060547,16.3799991607666,16.239999771118164,16.350000381469727,11.610021591186523,1847900
2021-02-10,16.309999465942383,16.31999969482422,15.9399995803833,16.09000015258789,11.425395965576172,2001600
2021-02-11,16.040000915527344,16.06999969482422,15.829999923706055,16.049999237060547,11.396990776062012,1287300
2021-02-12,15.970000267028809,16.219999313354492,15.970000267028809,16.200000762939453,11.50350570678711,1305600
2021-02-16,16.209999084472656,16.399999618530273,16.170000076293945,16.329999923706055,11.595817565917969,1911700
2021-02-17,15.899999618530273,15.989999771118164,15.829999923706055,15.989999771118164,11.354386329650879,1994700
2021-02-18,16.190000534057617,16.229999542236328,15.979999542236328,16.1200008392334,11.446698188781738,2023300
2021-02-19,16.09000015258789,16.280000686645508,16.079999923706055,16.260000228881836,11.546111106872559,2055200
2021-02-22,15.859999656677246,16.170000076293945,15.800000190734863,15.930000305175781,11.311781883239746,3051400
2021-02-23,16.190000534057617,16.219999313354492,15.869999885559082,16.190000534057617,11.496404647827148,3246600
2021-02-24,16.34000015258789,16.700000762939453,16.280000686645508,16.68000030517578,11.84434986114502,2075900
2021-02-25,16.68000030517578,16.729999542236328,16.25,16.31999969482422,11.588716506958008,2157400
2021-02-26,16.450000762939453,16.489999771118164,16.170000076293945,16.3799991607666,11.631321907043457,2814400
2021-03-01,16.600000381469727,16.899999618530273,16.56999969482422,16.8799991607666,11.986369132995605,3961800
2021-03-02,16.889999389648438,17.190000534057617,16.760000228881836,17.0,12.07158088684082,5049100
2021-03-03,16.920000076293945,16.989999771118164,16.5,16.540000915527344,11.744937896728516,3698500
2021-03-04,16.690000534057617,16.84000015258789,16.049999237060547,16.290000915527344,11.567416191101074,2805400
2021-03-05,16.739999771118164,16.760000228881836,16.270000457763672,16.729999542236328,11.879855155944824,4183700
2021-03-08,16.989999771118164,17.329999923706055,16.93000030517578,17.110000610351562,12.149690628051758,3591500
2021-03-09,17.440000534057617,17.610000610351562,17.34000015258789,17.559999465942383,12.469231605529785,4089800
2021-03-10,17.809999465942383,18.06999969482422,17.700000762939453,18.06999969482422,12.831379890441895,3408400
2021-03-11,18.309999465942383,18.360000610351562,18.110000610351562,18.309999465942383,13.001802444458008,4068600
2021-03-12,18.190000534057617,18.520000457763672,18.190000534057617,18.510000228881836,13.14382266998291,5921200
2021-03-15,17.950000762939453,17.969999313354492,17.649999618530273,17.84000015258789,12.74794864654541,5831200
2021-03-16,17.75,17.790000915527344,17.459999084472656,17.5,12.504993438720703,2865200
2021-03-17,17.649999618530273,18.0,17.649999618530273,18.0,12.862279891967773,4501400
2021-03-18,18.100000381469727,18.43000030517578,18.059999465942383,18.170000076293945,12.983757019042969,3938300
2021-03-19,17.780000686645508,17.780000686645508,17.530000686645508,17.649999618530273,12.612178802490234,2509600
2021-03-22,17.700000762939453,17.709999084472656,17.469999313354492,17.56999969482422,12.555014610290527,2419900
2021-03-23,17.0,17.020000457763672,16.579999923706055,16.6200008392334,11.87617301940918,3051700
2021-03-24,16.84000015258789,16.959999084472656,16.469999313354492,16.479999542236328,11.776131629943848,2831000
2021-03-25,16.770000457763672,17.149999618530273,16.700000762939453,17.139999389648438,12.247748374938965,6309800
2021-03-26,17.06999969482422,17.440000534057617,17.059999465942383,17.43000030517578,12.454974174499512,2844000
2021-03-29,17.34000015258789,17.459999084472656,17.209999084472656,17.34000015258789,12.390663146972656,2203100
2021-03-30,17.489999771118164,17.899999618530273,17.479999542236328,17.8799991607666,12.776531219482422,3449500
2021-03-31,17.75,17.8700008392334,17.6299991607666,17.790000915527344,12.712221145629883,2610300
2021-04-01,17.790000915527344,17.920000076293945,17.68000030517578,17.90999984741211,12.797967910766602,2099300
2021-04-05,18.149999618530273,18.40999984741211,18.139999389648438,18.31999969482422,13.0909423828125,1939300
2021-04-06,18.049999237060547,18.25,18.049999237060547,18.18000030517578,12.990901947021484,2763500
2021-04-07,18.1299991607666,18.260000228881836,18.100000381469727,18.18000030517578,12.990901947021484,1745100
2021-04-08,17.799999237060547,17.850000381469727,17.649999618530273,17.799999237060547,12.719364166259766,1885900
2021-04-09,17.68000030517578,17.75,17.540000915527344,17.75,12.683636665344238,2851000
2021-04-12,17.899999618530273,17.920000076293945,17.739999771118164,17.790000915527344,12.712221145629883,1094900
2021-04-13,18.1200008392334,18.1299991607666,17.959999084472656,18.09000015258789,12.926590919494629,3520300
2021-04-14,17.950000762939453,18.049999237060547,17.829999923706055,17.8799991607666,12.776531219482422,2763900
2021-04-15,18.049999237060547,18.110000610351562,17.93000030517578,18.020000457763672,12.876570701599121,2812400
2021-04-16,18.200000762939453,18.399999618530273,18.170000076293945,18.350000381469727,13.112380981445312,2211000
2021-04-19,18.020000457763672,18.030000686645508,17.719999313354492,17.81999969482422,13.005097389221191,1901000
2021-04-20,17.459999084472656,17.489999771118164,17.020000457763672,17.15999984741211,12.523428916931152,4580900
2021-04-21,16.889999389648438,17.479999542236328,16.780000686645508,17.450000762939453,12.735072135925293,2825600
2021-04-22,17.170000076293945,17.329999923706055,17.079999923706055,17.200000762939453,12.552620887756348,2427400
2021-04-23,17.219999313354492,17.450000762939453,17.200000762939453,17.389999389648438,12.691282272338867,1565200
2021-04-26,17.25,17.3799991607666,17.25,17.31999969482422,12.640196800231934,1549200
2021-04-27,17.239999771118164,17.389999389648438,17.200000762939453,17.3799991607666,12.68398380279541,1761400
2021-04-28,17.360000610351562,17.469999313354492,17.34000015258789,17.450000762939453,12.735072135925293,1968300
2021-04-29,17.020000457763672,17.049999237060547,16.649999618530273,16.809999465942383,12.267996788024902,3052000
2021-04-30,16.700000762939453,16.75,16.510000228881836,16.56999969482422,12.092844009399414,1615000
2021-05-03,16.940000534057617,16.959999084472656,16.84000015258789,16.93000030517578,12.355573654174805,1691800
2021-05-04,16.760000228881836,16.850000381469727,16.540000915527344,16.760000228881836,12.23150634765625,2482000
2021-05-05,17.75,17.940000534057617,17.579999923706055,17.940000534057617,13.09267520904541,7003700
2021-05-06,18.059999465942383,18.1200008392334,17.829999923706055,18.110000610351562,13.216742515563965,3243100
2021-05-07,18.079999923706055,18.299999237060547,18.0,18.290000915527344,13.348105430603027,3600500
2021-05-10,18.299999237060547,18.43000030517578,18.15999984741211,18.15999984741211,13.2532320022583,2584600
2021-05-11,17.739999771118164,18.010000228881836,17.670000076293945,17.950000762939453,13.099973678588867,3181200
2021-05-12,17.709999084472656,17.8799991607666,17.5,17.540000915527344,12.80075454711914,2682000
2021-05-13,17.639999389648438,17.850000381469727,17.549999237060547,17.790000915527344,12.983205795288086,2600200
2021-05-14,17.989999771118164,18.170000076293945,17.899999618530273,18.149999618530273,13.245933532714844,1642200
2021-05-17,18.25,18.420000076293945,18.18000030517578,18.399999618530273,13.428384780883789,2924500
2021-05-18,18.399999618530273,18.459999084472656,18.270000457763672,18.299999237060547,13.355403900146484,2675000
2021-05-19,17.899999618530273,18.149999618530273,17.780000686645508,18.06999969482422,13.187548637390137,3063900
2021-05-20,18.25,18.389999389648438,18.209999084472656,18.350000381469727,13.39189624786377,2689400
2021-05-21,18.719999313354492,18.780000686645508,18.56999969482422,18.690000534057617,13.64002799987793,2788700
2021-05-24,18.75,18.8799991607666,18.639999389648438,18.790000915527344,13.713008880615234,2130600
2021-05-25,19.040000915527344,19.110000610351562,18.809999465942383,18.81999969482422,13.734902381896973,3797500
2021-05-26,18.75,18.90999984741211,18.729999542236328,18.81999969482422,13.734902381896973,1768800
2021-05-27,19.219999313354492,19.649999618530273,19.200000762939453,19.59000015258789,14.29685115814209,4158700
2021-05-28,19.6200008392334,19.719999313354492,19.530000686645508,19.56999969482422,14.282254219055176,3100100
2021-06-01,20.15999984741211,20.18000030517578,19.889999389648438,19.969999313354492,14.574174880981445,4652200
2021-06-02,20.15999984741211,20.18000030517578,19.950000762939453,20.040000915527344,14.625263214111328,2378500
2021-06-03,20.06999969482422,20.389999389648438,20.010000228881836,20.3700008392334,14.866096496582031,5453300
2021-06-04,20.81999969482422,20.989999771118164,20.68000030517578,20.920000076293945,15.267489433288574,5473200
2021-06-07,21.020000457763672,21.290000915527344,21.010000228881836,21.219999313354492,15.486429214477539,3373300
2021-06-08,21.239999771118164,21.389999389648438,21.170000076293945,21.260000228881836,15.515623092651367,3489300
2021-06-09,21.100000381469727,21.149999618530273,20.8799991607666,20.899999618530273,15.252894401550293,2059800
2021-06-10,20.84000015258789,20.940000534057617,20.5,20.530000686645508,14.982867240905762,4190900
2021-06-11,20.790000915527344,20.829999923706055,20.65999984741211,20.739999771118164,15.136125564575195,2994500
2021-06-14,20.559999465942383,20.59000015258789,20.43000030517578,20.489999771118164,14.953675270080566,2920500
2021-06-15,20.479999542236328,20.56999969482422,20.360000610351562,20.520000457763672,14.975566864013672,1985900
2021-06-16,20.440000534057617,20.540000915527344,20.299999237060547,20.40999984741211,14.895289421081543,2184500
2021-06-17,20.43000030517578,20.479999542236328,19.920000076293945,20.18000030517578,14.727435111999512,3836000
2021-06-18,19.649999618530273,19.75,19.40999984741211,19.420000076293945,14.172783851623535,3657600
2021-06-21,20.1200008392334,20.34000015258789,20.09000015258789,20.270000457763672,14.79311752319336,2878000
2021-06-22,20.329999923706055,20.3799991607666,20.170000076293945,20.25,14.778520584106445,1771400
2021-06-23,20.489999771118164,20.5,20.190000534057617,20.200000762939453,14.742032051086426,1541800
2021-06-24,20.3700008392334,20.440000534057617,20.239999771118164,20.399999618530273,14.887991905212402,2044800
2021-06-25,20.31999969482422,20.450000762939453,20.270000457763672,20.34000015258789,14.844202995300293,2978600
2021-06-28,20.389999389648438,20.399999618530273,20.09000015258789,20.15999984741211,14.712838172912598,2452600
2021-06-29,20.059999465942383,20.139999389648438,19.979999542236328,20.020000457763672,14.61066722869873,1721100
2021-06-30,19.639999389648438,19.75,19.59000015258789,19.709999084472656,14.38442611694336,2120400
2021-07-01,19.84000015258789,19.860000610351562,19.709999084472656,19.84000015258789,14.479301452636719,2009300
2021-07-02,19.790000915527344,19.829999923706055,19.670000076293945,19.760000228881836,14.420918464660645,2912700
2021-07-06,20.18000030517578,20.190000534057617,19.700000762939453,19.809999465942383,14.457406997680664,3037000
2021-07-07,19.65999984741211,19.81999969482422,19.399999618530273,19.610000610351562,14.311447143554688,2629300
2021-07-08,19.010000228881836,19.149999618530273,18.84000015258789,18.989999771118164,13.858969688415527,5070100
2021-07-09,19.469999313354492,19.700000762939453,19.40999984741211,19.610000610351562,14.311447143554688,3201300
2021-07-12,19.459999084472656,19.670000076293945,19.3700008392334,19.6200008392334,14.318744659423828,3105400
2021-07-13,19.3700008392334,19.43000030517578,19.1200008392334,19.1299991607666,13.961140632629395,2173400
2021-07-14,19.3700008392334,19.43000030517578,19.110000610351562,19.200000762939453,14.012227058410645,2680800
2021-07-15,18.799999237060547,18.950000762939453,18.709999084472656,18.81999969482422,13.734902381896973,2431800
2021-07-16,18.719999313354492,18.760000228881836,18.270000457763672,18.309999465942383,13.362702369689941,1886300
2021-07-19,17.790000915527344,17.8799991607666,17.56999969482422,17.850000381469727,13.026992797851562,3072300
2021-07-20,17.59000015258789,18.09000015258789,17.549999237060547,17.950000762939453,13.099973678588867,4554700
2021-07-21,18.479999542236328,18.59000015258789,18.40999984741211,18.489999771118164,13.494065284729004,3719900
2021-07-22,18.549999237060547,18.56999969482422,18.34000015258789,18.350000381469727,13.39189624786377,3492900
2021-07-23,18.68000030517578,18.690000534057617,18.459999084472656,18.520000457763672,13.515961647033691,3397500
2021-07-26,18.68000030517578,18.84000015258789,18.649999618530273,18.799999237060547,13.720304489135742,2637600
2021-07-27,18.649999618530273,18.670000076293945,18.450000762939453,18.6299991607666,13.59623908996582,1787100
2021-07-28,18.690000534057617,18.809999465942383,18.549999237060547,18.739999771118164,13.676517486572266,1701500
2021-07-29,19.299999237060547,19.520000457763672,19.270000457763672,19.469999313354492,14.209272384643555,2741100
2021-07-30,19.260000228881836,19.3700008392334,19.149999618530273,19.170000076293945,13.990333557128906,2698600
2021-08-02,19.450000762939453,19.68000030517578,19.270000457763672,19.280000686645508,14.070612907409668,3576400
2021-08-03,20.239999771118164,20.31999969482422,20.0,20.290000915527344,14.807714462280273,3468700
2021-08-04,20.799999237060547,20.809999465942383,20.510000228881836,20.56999969482422,15.012057304382324,3972700
2021-08-05,20.530000686645508,20.670000076293945,20.510000228881836,20.56999969482422,15.012057304382324,2183700
2021-08-06,21.18000030517578,21.18000030517578,21.0,21.09000015258789,15.391556739807129,3054000
2021-08-09,21.020000457763672,21.200000762939453,21.010000228881836,21.1200008392334,15.413450241088867,1799400
2021-08-10,21.010000228881836,21.1299991607666,20.989999771118164,21.09000015258789,15.391556739807129,1744700
2021-08-11,21.190000534057617,21.34000015258789,21.079999923706055,21.31999969482422,15.559410095214844,2015200
2021-08-12,21.670000076293945,21.75,21.540000915527344,21.700000762939453,15.836736679077148,2083000
2021-08-13,21.950000762939453,21.989999771118164,21.780000686645508,21.81999969482422,15.924310684204102,2443700
2021-08-16,21.600000381469727,21.690000534057617,21.5,21.68000030517578,15.822141647338867,1597800
2021-08-17,21.079999923706055,21.15999984741211,20.639999389648438,20.84000015258789,15.209105491638184,2826800
2021-08-18,20.93000030517578,21.09000015258789,20.8700008392334,20.8700008392334,15.230998992919922,1435300
2021-08-19,20.420000076293945,20.469999313354492,20.15999984741211,20.34000015258789,14.844202995300293,3314700
2021-08-20,20.040000915527344,20.18000030517578,19.979999542236328,20.15999984741211,14.712838172912598,2378200
2021-08-23,20.09000015258789,20.31999969482422,20.09000015258789,20.270000457763672,14.79311752319336,1014200
2021-08-24,20.15999984741211,20.459999084472656,20.1299991607666,20.360000610351562,14.858799934387207,2090400
2021-08-25,20.3700008392334,20.40999984741211,20.290000915527344,20.34000015258789,14.844202995300293,1599000
2021-08-26,20.190000534057617,20.229999542236328,19.959999084472656,20.010000228881836,14.603368759155273,1269400
2021-08-27,20.030000686645508,20.3799991607666,20.030000686645508,20.290000915527344,14.807714462280273,1949700
2021-08-30,20.280000686645508,20.280000686645508,20.010000228881836,20.010000228881836,14.603368759155273,1347100
2021-08-31,20.010000228881836,20.100000381469727,19.81999969482422,20.020000457763672,14.61066722869873,2974500
2021-09-01,19.8799991607666,20.190000534057617,19.860000610351562,20.049999237060547,14.632559776306152,3080800
2021-09-02,20.1299991607666,20.329999923706055,20.110000610351562,20.219999313354492,14.756627082824707,1441300
2021-09-03,20.389999389648438,20.420000076293945,20.239999771118164,20.280000686645508,14.800415992736816,1673200
2021-09-07,20.239999771118164,20.31999969482422,19.8700008392334,19.8799991607666,14.508492469787598,3133500
2021-09-08,19.700000762939453,19.790000915527344,19.479999542236328,19.479999542236328,14.216570854187012,3215900
2021-09-09,19.68000030517578,19.770000457763672,19.579999923706055,19.719999313354492,14.3917236328125,3635000
2021-09-10,19.93000030517578,19.979999542236328,19.6200008392334,19.6299991607666,14.326041221618652,1103200
2021-09-13,19.90999984741211,19.969999313354492,19.770000457763672,19.969999313354492,14.574174880981445,2325800
2021-09-14,20.309999465942383,20.31999969482422,19.979999542236328,20.040000915527344,14.625263214111328,2071000
2021-09-15,20.3799991607666,20.799999237060547,20.280000686645508,20.760000228881836,15.150721549987793,3461900
2021-09-16,20.65999984741211,20.700000762939453,20.440000534057617,20.600000381469727,15.033952713012695,2141000
2021-09-17,20.1200008392334,20.18000030517578,19.739999771118164,19.780000686645508,14.435514450073242,3704500
2021-09-20,18.809999465942383,18.950000762939453,18.6200008392334,18.8799991607666,13.77868938446045,3666600
2021-09-21,18.850000381469727,18.899999618530273,18.649999618530273,18.770000457763672,13.698412895202637,1914400
2021-09-22,19.209999084472656,19.5,19.190000534057617,19.309999465942383,14.09250545501709,1583200
2021-09-23,19.520000457763672,19.780000686645508,19.479999542236328,19.75,14.413619995117188,2646400
2021-09-24,19.75,19.770000457763672,19.6200008392334,19.719999313354492,14.3917236328125,2251100
2021-09-27,19.6200008392334,19.940000534057617,19.610000610351562,19.739999771118164,14.406319618225098,2266900
2021-09-28,19.75,19.799999237060547,19.040000915527344,19.049999237060547,13.902755737304688,5789800
2021-09-29,19.40999984741211,19.450000762939453,19.200000762939453,19.270000457763672,14.063313484191895,2659700
2021-09-30,19.190000534057617,19.270000457763672,19.020000457763672,19.100000381469727,13.93924617767334,3361900
2021-10-01,19.049999237060547,19.100000381469727,18.739999771118164,19.059999465942383,13.910054206848145,2697400
2021-10-04,18.959999084472656,19.049999237060547,18.739999771118164,18.780000686645508,13.705710411071777,2592200
2021-10-05,18.950000762939453,19.25,18.860000610351562,19.100000381469727,13.93924617767334,1458100
2021-10-06,18.530000686645508,18.639999389648438,18.329999923706055,18.549999237060547,13.53785514831543,2575300
2021-10-07,19.010000228881836,19.18000030517578,18.979999542236328,19.06999969482422,13.917354583740234,1238700
2021-10-08,19.280000686645508,19.360000610351562,19.200000762939453,19.290000915527344,14.077911376953125,2280800
2021-10-11,19.459999084472656,19.610000610351562,19.190000534057617,19.209999084472656,14.019524574279785,2260700
2021-10-12,19.420000076293945,19.530000686645508,19.31999969482422,19.3799991607666,14.143589973449707,2299700
2021-10-13,19.760000228881836,19.780000686645508,19.420000076293945,19.59000015258789,14.29685115814209,2103000
2021-10-14,19.65999984741211,19.860000610351562,19.56999969482422,19.829999923706055,14.472003936767578,1816400
2021-10-15,19.979999542236328,20.059999465942383,19.84000015258789,19.979999542236328,14.581473350524902,2309200
2021-10-18,19.6299991607666,19.65999984741211,19.540000915527344,19.579999923706055,14.289552688598633,2303900
2021-10-19,19.59000015258789,19.65999984741211,19.440000534057617,19.479999542236328,14.216570854187012,3012300
2021-10-20,19.299999237060547,19.600000381469727,19.25,19.579999923706055,14.289552688598633,3694100
2021-10-21,19.739999771118164,19.790000915527344,19.59000015258789,19.670000076293945,14.35523509979248,1683600
2021-10-22,19.719999313354492,19.770000457763672,19.489999771118164,19.559999465942383,14.274956703186035,2825900
2021-10-25,20.270000457763672,20.420000076293945,20.149999618530273,20.360000610351562,14.858799934387207,5741900
2021-10-26,20.5,20.540000915527344,20.229999542236328,20.290000915527344,14.807714462280273,2823400
2021-10-27,20.219999313354492,20.559999465942383,20.149999618530273,20.260000228881836,14.785819053649902,4757600
2021-10-28,20.34000015258789,20.40999984741211,19.920000076293945,20.040000915527344,14.625263214111328,3872300
2021-10-29,19.860000610351562,20.0,19.760000228881836,19.940000534057617,14.552282333374023,2800200
2021-11-01,20.059999465942383,20.299999237060547,20.020000457763672,20.280000686645508,14.800415992736816,2055800
2021-11-02,20.290000915527344,20.31999969482422,20.170000076293945,20.299999237060547,14.815011024475098,1591700
2021-11-03,20.18000030517578,20.489999771118164,20.139999389648438,20.489999771118164,14.953675270080566,1563700
2021-11-04,20.5,20.56999969482422,20.209999084472656,20.3700008392334,14.866096496582031,1818300
2021-11-05,20.489999771118164,20.540000915527344,20.260000228881836,20.43000030517578,14.90988540649414,2205300
2021-11-08,20.270000457763672,20.43000030517578,20.260000228881836,20.31999969482422,14.829606056213379,1258300
2021-11-09,20.450000762939453,20.469999313354492,20.139999389648438,20.239999771118164,14.771222114562988,1950600
2021-11-10,20.420000076293945,20.760000228881836,20.360000610351562,20.5,14.96097183227539,3101300
2021-11-11,20.520000457763672,20.540000915527344,20.3799991607666,20.489999771118164,14.953675270080566,2072800
2021-11-12,20.469999313354492,20.559999465942383,20.420000076293945,20.469999313354492,14.93907642364502,1244100
2021-11-15,20.579999923706055,20.610000610351562,20.40999984741211,20.489999771118164,14.953675270080566,1399200
2021-11-16,20.450000762939453,20.610000610351562,20.43000030517578,20.450000762939453,14.924482345581055,2263700
2021-11-17,20.290000915527344,20.360000610351562,20.229999542236328,20.290000915527344,14.807714462280273,1725200
2021-11-18,20.399999618530273,20.420000076293945,20.25,20.399999618530273,14.887991905212402,2106600
2021-11-19,19.760000228881836,19.889999389648438,19.6200008392334,19.649999618530273,14.340639114379883,2157700
2021-11-22,19.59000015258789,19.700000762939453,19.420000076293945,19.469999313354492,14.209272384643555,2591700
2021-11-23,19.350000381469727,19.43000030517578,19.09000015258789,19.239999771118164,14.041419982910156,2347800
2021-11-24,18.5,18.860000610351562,18.459999084472656,18.780000686645508,13.705710411071777,1930200
2021-11-26,17.8799991607666,17.950000762939453,17.540000915527344,17.75,12.954011917114258,2129200
2021-11-29,17.799999237060547,17.850000381469727,17.479999542236328,17.530000686645508,12.793456077575684,2535800
2021-11-30,17.43000030517578,17.479999542236328,16.940000534057617,17.1299991607666,12.501533508300781,3556600
2021-12-01,17.979999542236328,18.190000534057617,17.68000030517578,17.68000030517578,12.902926445007324,5127700
2021-12-02,18.040000915527344,18.229999542236328,17.989999771118164,18.139999389648438,13.238635063171387,3416700
2021-12-03,17.969999313354492,18.040000915527344,17.65999984741211,17.790000915527344,12.983205795288086,3762300
2021-12-06,18.190000534057617,18.579999923706055,18.09000015258789,18.420000076293945,13.442980766296387,3609800
2021-12-07,18.899999618530273,19.110000610351562,18.739999771118164,18.780000686645508,13.705710411071777,4308500
2021-12-08,18.8700008392334,19.0,18.760000228881836,18.950000762939453,13.829776763916016,2334600
2021-12-09,18.719999313354492,18.719999313354492,18.469999313354492,18.489999771118164,13.494065284729004,1562200
2021-12-10,18.709999084472656,18.84000015258789,18.559999465942383,18.81999969482422,13.734902381896973,2468000
2021-12-13,18.639999389648438,18.68000030517578,18.389999389648438,18.440000534057617,13.457576751708984,2315700
2021-12-14,18.389999389648438,18.579999923706055,18.299999237060547,18.420000076293945,13.442980766296387,2694500
2021-12-15,18.489999771118164,18.739999771118164,18.270000457763672,18.739999771118164,13.676517486572266,2461700
2021-12-16,19.079999923706055,19.18000030517578,18.8799991607666,18.950000762939453,13.829776763916016,2036200
2021-12-17,18.639999389648438,18.65999984741211,18.290000915527344,18.290000915527344,13.348105430603027,3732200
2021-12-20,17.940000534057617,18.040000915527344,17.770000457763672,18.0,13.136463165283203,2675000
2021-12-21,18.270000457763672,18.469999313354492,18.229999542236328,18.459999084472656,13.472171783447266,1597300
2021-12-22,18.309999465942383,18.700000762939453,18.299999237060547,18.700000762939453,13.647326469421387,1817300
2021-12-23,18.649999618530273,18.84000015258789,18.639999389648438,18.780000686645508,13.705710411071777,1546000
2021-12-27,18.940000534057617,19.15999984741211,18.90999984741211,19.110000610351562,13.946544647216797,1564500
2021-12-28,19.059999465942383,19.149999618530273,19.030000686645508,19.040000915527344,13.89546012878418,1360900
2021-12-29,18.860000610351562,18.969999313354492,18.84000015258789,18.889999389648438,13.785987854003906,1493000
2021-12-30,18.950000762939453,19.010000228881836,18.760000228881836,18.760000228881836,13.69111442565918,1452900
2021-12-31,18.75,18.860000610351562,18.700000762939453,18.760000228881836,13.69111442565918,869400
2022-01-03,19.43000030517578,19.68000030517578,19.43000030517578,19.540000915527344,14.260360717773438,3418400
2022-01-04,19.899999618530273,20.399999618530273,19.899999618530273,20.290000915527344,14.807714462280273,5776600
2022-01-05,20.770000457763672,21.040000915527344,20.290000915527344,20.360000610351562,14.858799934387207,8238600
2022-01-06,20.829999923706055,20.969999313354492,20.579999923706055,20.8700008392334,15.230998992919922,5817400
2022-01-07,20.440000534057617,20.579999923706055,20.239999771118164,20.440000534057617,14.917183876037598,4807800
2022-01-10,20.479999542236328,20.579999923706055,20.15999984741211,20.540000915527344,14.990165710449219,3172400
2022-01-11,20.389999389648438,20.65999984741211,20.260000228881836,20.649999618530273,15.070443153381348,2707800
2022-01-12,20.860000610351562,21.15999984741211,20.84000015258789,21.1200008392334,15.413450241088867,3535700
2022-01-13,21.59000015258789,21.920000076293945,21.520000457763672,21.59000015258789,15.756458282470703,4540700
2022-01-14,21.389999389648438,21.780000686645508,21.350000381469727,21.760000228881836,15.880523681640625,3958300
2022-01-18,21.68000030517578,21.84000015258789,21.559999465942383,21.59000015258789,15.756458282470703,4524000
2022-01-19,21.90999984741211,21.90999984741211,21.440000534057617,21.450000762939453,15.654285430908203,4066700
2022-01-20,21.049999237060547,21.31999969482422,20.520000457763672,20.56999969482422,15.012057304382324,8798500
2022-01-21,20.510000228881836,20.579999923706055,20.170000076293945,20.239999771118164,14.771222114562988,6406400
2022-01-24,19.329999923706055,19.510000228881836,18.719999313354492,19.479999542236328,14.216570854187012,6586500
2022-01-25,18.719999313354492,19.040000915527344,18.459999084472656,18.799999237060547,13.720304489135742,6370500
2022-01-26,19.610000610351562,19.889999389648438,19.15999984741211,19.360000610351562,14.128995895385742,4680700
2022-01-27,19.75,19.799999237060547,19.18000030517578,19.350000381469727,14.121697425842285,5736900
2022-01-28,19.100000381469727,19.209999084472656,18.850000381469727,19.200000762939453,14.012227058410645,4881800
2022-01-31,18.899999618530273,19.299999237060547,18.81999969482422,19.290000915527344,14.077911376953125,3232600
2022-02-01,19.479999542236328,19.68000030517578,19.25,19.6299991607666,14.326041221618652,3156000
2022-02-02,19.860000610351562,19.93000030517578,19.700000762939453,19.899999618530273,14.523088455200195,2932100
2022-02-03,19.81999969482422,19.959999084472656,19.649999618530273,19.68000030517578,14.362533569335938,2875500
2022-02-04,18.90999984741211,19.149999618530273,18.68000030517578,19.0,13.866266250610352,4555200
2022-02-07,18.75,18.84000015258789,18.610000610351562,18.68000030517578,13.632729530334473,3765300
2022-02-08,18.6200008392334,18.889999389648438,18.510000228881836,18.860000610351562,13.764093399047852,2192300
2022-02-09,19.3799991607666,19.700000762939453,19.34000015258789,19.649999618530273,14.340639114379883,3226100
2022-02-10,19.1200008392334,19.600000381469727,19.049999237060547,19.100000381469727,13.93924617767334,3264200
2022-02-11,19.190000534057617,19.280000686645508,18.520000457763672,18.690000534057617,13.64002799987793,5084300
2022-02-14,18.510000228881836,18.600000381469727,18.260000228881836,18.399999618530273,13.428384780883789,3733800
2022-02-15,18.989999771118164,19.469999313354492,18.950000762939453,19.389999389648438,14.150890350341797,3296300
2022-02-16,19.3799991607666,19.729999542236328,19.350000381469727,19.670000076293945,14.35523509979248,2862900
2022-02-17,19.170000076293945,19.239999771118164,18.829999923706055,18.90999984741211,13.800582885742188,5092400
2022-02-18,18.969999313354492,19.110000610351562,18.760000228881836,18.899999618530273,13.793286323547363,2530900
2022-02-22,18.489999771118164,18.790000915527344,18.190000534057617,18.40999984741211,13.43568229675293,3449400
2022-02-23,19.719999313354492,19.860000610351562,19.1200008392334,19.170000076293945,13.990333557128906,5473600
2022-02-24,17.639999389648438,18.420000076293945,17.600000381469727,18.389999389648438,13.421085357666016,8624400
2022-02-25,18.639999389648438,19.190000534057617,18.610000610351562,19.149999618530273,13.975736618041992,4819000
2022-02-28,17.84000015258789,18.489999771118164,17.809999465942383,18.280000686645508,13.340807914733887,6488700
2022-03-01,17.700000762939453,17.75,16.670000076293945,16.81999969482422,12.27529525756836,9598100
2022-03-02,17.0,17.34000015258789,16.950000762939453,17.219999313354492,12.567215919494629,6477900
2022-03-03,17.110000610351562,17.149999618530273,16.420000076293945,16.469999313354492,12.01986312866211,5804300
2022-03-04,15.289999961853027,15.359999656677246,14.819999694824219,15.039999961853027,10.976244926452637,11139500
2022-03-07,14.670000076293945,14.84000015258789,13.760000228881836,13.789999961853027,10.063990592956543,8200100
2022-03-08,14.399999618530273,14.880000114440918,13.890000343322754,14.319999694824219,10.450785636901855,9830100
2022-03-09,15.8100004196167,16.239999771118164,15.59000015258789,15.970000267028809,11.654962539672852,9340900
2022-03-10,15.010000228881836,15.270000457763672,14.720000267028809,14.949999809265137,10.910562515258789,6728900
2022-03-11,15.079999923706055,15.1899995803833,14.569999694824219,14.59000015258789,10.647833824157715,5814700
2022-03-14,15.1899995803833,15.529999732971191,15.039999961853027,15.15999984741211,11.063820838928223,6297900
2022-03-15,15.40999984741211,15.6899995803833,15.220000267028809,15.489999771118164,11.304656028747559,6631700
2022-03-16,16.15999984741211,16.760000228881836,16.1299991607666,16.65999984741211,12.158526420593262,10093100
2022-03-17,16.059999465942383,16.40999984741211,15.989999771118164,16.40999984741211,11.976076126098633,4505500
2022-03-18,15.760000228881836,16.360000610351562,15.729999542236328,16.299999237060547,11.895796775817871,5562600
2022-03-21,16.25,16.329999923706055,16.020000457763672,16.190000534057617,11.815519332885742,6803700
2022-03-22,16.389999389648438,16.59000015258789,16.260000228881836,16.3799991607666,11.954180717468262,4053100
2022-03-23,15.880000114440918,16.09000015258789,15.800000190734863,15.8100004196167,11.538193702697754,5711500
2022-03-24,15.819999694824219,16.030000686645508,15.720000267028809,15.979999542236328,11.662259101867676,4878100
2022-03-25,15.920000076293945,16.010000228881836,15.760000228881836,15.859999656677246,11.57468318939209,5781900
2022-03-28,15.979999542236328,16.059999465942383,15.819999694824219,15.920000076293945,11.618473052978516,4013600
2022-03-29,17.190000534057617,17.270000457763672,16.920000076293945,17.079999923706055,12.465043067932129,6224600
2022-03-30,16.90999984741211,16.950000762939453,16.739999771118164,16.790000915527344,12.253400802612305,3463500
2022-03-31,16.600000381469727,16.6200008392334,16.260000228881836,16.270000457763672,11.873903274536133,3879700
2022-04-01,16.450000762939453,16.510000228881836,16.239999771118164,16.350000381469727,11.932287216186523,3059600
2022-04-04,16.290000915527344,16.43000030517578,16.200000762939453,16.350000381469727,11.932287216186523,2607800
2022-04-05,15.8100004196167,15.899999618530273,15.529999732971191,15.550000190734863,11.348444938659668,5526600
2022-04-06,14.800000190734863,15.0600004196167,14.710000038146973,14.9399995803833,10.903263092041016,6145500
2022-04-07,15.069999694824219,15.199999809265137,14.649999618530273,14.9399995803833,10.903263092041016,4008900
2022-04-08,14.890000343322754,15.050000190734863,14.84000015258789,14.850000381469727,10.8375825881958,4036300
2022-04-11,14.90999984741211,15.229999542236328,14.880000114440918,15.140000343322754,11.049224853515625,5270600
2022-04-12,15.1899995803833,15.289999961853027,14.850000381469727,14.899999618530273,10.874072074890137,3302800
2022-04-13,14.8100004196167,15.239999771118164,14.789999961853027,15.220000267028809,11.107609748840332,3931700
2022-04-14,15.220000267028809,15.329999923706055,14.979999542236328,15.0,10.947052955627441,3808700
2022-04-18,15.0,15.180000305175781,14.9399995803833,15.100000381469727,11.02003288269043,4127700
2022-04-19,14.180000305175781,14.489999771118164,14.180000305175781,14.470000267028809,11.407917976379395,4080600
2022-04-20,14.640000343322754,14.680000305175781,14.380000114440918,14.449999809265137,11.392149925231934,3588100
2022-04-21,14.890000343322754,14.949999809265137,14.350000381469727,14.380000114440918,11.336963653564453,5362200
2022-04-22,14.319999694824219,14.359999656677246,14.0,14.020000457763672,11.053145408630371,4058900
2022-04-25,13.880000114440918,14.010000228881836,13.649999618530273,14.0,11.03737735748291,4887200
2022-04-26,13.600000381469727,13.619999885559082,13.069999694824219,13.079999923706055,10.312064170837402,6549900
2022-04-27,13.170000076293945,13.4399995803833,13.100000381469727,13.289999961853027,10.477624893188477,5316700
2022-04-28,13.539999961853027,13.729999542236328,13.210000038146973,13.649999618530273,10.761443138122559,4603100
2022-04-29,13.630000114440918,13.829999923706055,13.34000015258789,13.369999885559082,10.540695190429688,4808300
2022-05-02,13.270000457763672,13.40999984741211,13.0600004196167,13.399999618530273,10.564347267150879,6898600
2022-05-03,13.630000114440918,13.829999923706055,13.550000190734863,13.729999542236328,10.82451343536377,5813900
2022-05-04,13.609999656677246,14.109999656677246,13.460000038146973,14.109999656677246,11.124098777770996,6113700
2022-05-05,13.739999771118164,13.770000457763672,13.229999542236328,13.420000076293945,10.580114364624023,5799100
2022-05-06,13.869999885559082,14.130000114440918,13.729999542236328,13.930000305175781,10.98219108581543,11020900
2022-05-09,13.600000381469727,13.710000038146973,13.25,13.300000190734863,10.485508918762207,6788000
2022-05-10,13.789999961853027,13.789999961853027,13.399999618530273,13.649999618530273,10.761443138122559,8949500
2022-05-11,13.84000015258789,14.020000457763672,13.550000190734863,13.569999694824219,10.698371887207031,6457200
2022-05-12,13.479999542236328,13.90999984741211,13.369999885559082,13.670000076293945,10.77721118927002,8218100
2022-05-13,14.170000076293945,14.40999984741211,14.15999984741211,14.369999885559082,11.329078674316406,6740300
2022-05-16,14.25,14.369999885559082,14.119999885559082,14.260000228881836,11.24235725402832,5484600
2022-05-17,14.449999809265137,14.59000015258789,14.319999694824219,14.569999694824219,11.486756324768066,6301400
2022-05-18,14.380000114440918,14.40999984741211,13.90999984741211,13.949999809265137,10.997958183288574,5219000
2022-05-19,14.010000228881836,14.420000076293945,14.010000228881836,14.260000228881836,11.24235725402832,6002900
2022-05-20,14.65999984741211,14.6899995803833,14.020000457763672,14.460000038146973,11.400033950805664,6691100
2022-05-23,14.479999542236328,14.550000190734863,14.380000114440918,14.510000228881836,11.439453125,4927200
2022-05-24,14.3100004196167,14.329999923706055,14.079999923706055,14.25,11.23447322845459,4231000
2022-05-25,13.970000267028809,14.4399995803833,13.960000038146973,14.350000381469727,11.313312530517578,5653900
2022-05-26,14.449999809265137,14.829999923706055,14.449999809265137,14.789999961853027,11.660200119018555,5615900
2022-05-27,14.760000228881836,14.859999656677246,14.6899995803833,14.800000190734863,11.668085098266602,4846300
2022-05-31,14.9399995803833,15.170000076293945,14.760000228881836,15.100000381469727,11.904600143432617,7249500
2022-06-01,15.449999809265137,15.470000267028809,15.039999961853027,15.199999809265137,11.983437538146973,5214100
2022-06-02,15.260000228881836,15.449999809265137,15.1899995803833,15.34000015258789,12.093811988830566,5270500
2022-06-03,14.880000114440918,14.930000305175781,14.729999542236328,14.789999961853027,11.660200119018555,3816000
2022-06-06,15.0600004196167,15.140000343322754,14.90999984741211,15.010000228881836,11.833645820617676,4656200
2022-06-07,14.729999542236328,14.979999542236328,14.699999809265137,14.949999809265137,11.78634262084961,3122800
2022-06-08,15.029999732971191,15.109999656677246,14.859999656677246,14.930000305175781,11.770574569702148,3378900
2022-06-09,14.6899995803833,14.800000190734863,14.390000343322754,14.399999618530273,11.352731704711914,3754200
2022-06-10,13.800000190734863,13.920000076293945,13.600000381469727,13.640000343322754,10.753559112548828,4850500
2022-06-13,13.15999984741211,13.260000228881836,12.899999618530273,13.0,10.248992919921875,6489200
2022-06-14,13.069999694824219,13.149999618530273,12.829999923706055,12.970000267028809,10.225342750549316,4477300
2022-06-15,13.3100004196167,13.600000381469727,13.1899995803833,13.520000457763672,10.658953666687012,5719500
2022-06-16,12.850000381469727,12.890000343322754,12.5600004196167,12.6899995803833,10.004593849182129,8865800
2022-06-17,12.859999656677246,12.960000038146973,12.680000305175781,12.899999618530273,10.170154571533203,6075000
2022-06-21,13.380000114440918,13.489999771118164,13.300000190734863,13.420000076293945,10.580114364624023,3980500
2022-06-22,13.029999732971191,13.34000015258789,13.0,13.140000343322754,10.359367370605469,5666800
2022-06-23,13.069999694824219,13.09000015258789,12.680000305175781,12.890000343322754,10.162271499633789,4562300
2022-06-24,12.850000381469727,13.25,12.829999923706055,13.25,10.446089744567871,4379100
2022-06-27,13.140000343322754,13.210000038146973,13.010000228881836,13.09000015258789,10.319948196411133,4543000
2022-06-28,13.300000190734863,13.449999809265137,12.84000015258789,12.84000015258789,10.122852325439453,7611900
2022-06-29,12.850000381469727,12.859999656677246,12.630000114440918,12.6899995803833,10.004593849182129,7848300
2022-06-30,12.319999694824219,12.470000267028809,12.119999885559082,12.359999656677246,9.744427680969238,8288000
2022-07-01,12.140000343322754,12.430000305175781,12.050000190734863,12.399999618530273,9.775962829589844,5891900
2022-07-05,11.569999694824219,11.729999542236328,11.470000267028809,11.710000038146973,9.231977462768555,6356100
2022-07-06,11.520000457763672,11.600000381469727,11.369999885559082,11.569999694824219,9.121603965759277,5969200
2022-07-07,12.050000190734863,12.3100004196167,12.039999961853027,12.289999961853027,9.689240455627441,5903800
2022-07-08,12.59000015258789,12.699999809265137,12.449999809265137,12.609999656677246,9.941523551940918,6102600
2022-07-11,12.449999809265137,12.449999809265137,12.1899995803833,12.1899995803833,9.61040210723877,6365000
2022-07-12,12.170000076293945,12.430000305175781,12.15999984741211,12.270000457763672,9.673473358154297,4761100
2022-07-13,11.930000305175781,12.210000038146973,11.880000114440918,12.180000305175781,9.602518081665039,4769500
2022-07-14,11.710000038146973,11.819999694824219,11.460000038146973,11.8100004196167,9.310816764831543,8409600
2022-07-15,11.979999542236328,12.140000343322754,11.850000381469727,12.09000015258789,9.531564712524414,5304400
2022-07-18,12.390000343322754,12.460000038146973,12.1899995803833,12.260000228881836,9.665589332580566,4206200
2022-07-19,12.65999984741211,13.130000114440918,12.640000343322754,13.039999961853027,10.280529022216797,9584100
2022-07-20,12.850000381469727,12.979999542236328,12.670000076293945,12.800000190734863,10.091316223144531,4275500
2022-07-21,12.630000114440918,13.010000228881836,12.609999656677246,13.0,10.248992919921875,5810000
2022-07-22,12.880000114440918,12.989999771118164,12.75,12.850000381469727,10.130736351013184,4882100
2022-07-25,13.140000343322754,13.229999542236328,13.039999961853027,13.079999923706055,10.312064170837402,3900300
2022-07-26,12.890000343322754,13.010000228881836,12.819999694824219,12.850000381469727,10.130736351013184,2333400
2022-07-27,13.0600004196167,13.399999618530273,13.0,13.390000343322754,10.556464195251465,4741800
2022-07-28,13.789999961853027,14.010000228881836,13.670000076293945,14.0,11.03737735748291,10024300
2022-07-29,14.119999885559082,14.390000343322754,14.010000228881836,14.380000114440918,11.336963653564453,5678700
2022-08-01,14.479999542236328,14.65999984741211,14.420000076293945,14.619999885559082,11.526175498962402,5850900
2022-08-02,14.5,14.710000038146973,14.420000076293945,14.550000190734863,11.470989227294922,6439900
2022-08-03,14.34000015258789,14.760000228881836,14.34000015258789,14.729999542236328,11.612896919250488,5286700
2022-08-04,14.649999618530273,14.779999732971191,14.579999923706055,14.609999656677246,11.518291473388672,4169000
2022-08-05,14.520000457763672,14.710000038146973,14.520000457763672,14.619999885559082,11.526175498962402,2790100
2022-08-08,14.859999656677246,15.130000114440918,14.850000381469727,15.09000015258789,11.896716117858887,6638100
2022-08-09,14.899999618530273,14.90999984741211,14.649999618530273,14.720000267028809,11.605013847351074,3693600
2022-08-10,15.050000190734863,15.220000267028809,15.020000457763672,15.069999694824219,11.880948066711426,3911900
2022-08-11,15.229999542236328,15.279999732971191,15.140000343322754,15.210000038146973,11.99132251739502,3711400
2022-08-12,15.270000457763672,15.430000305175781,15.199999809265137,15.430000305175781,12.164767265319824,3454000
2022-08-15,15.010000228881836,15.300000190734863,15.0,15.270000457763672,12.038625717163086,2562600
2022-08-16,15.079999923706055,15.300000190734863,15.069999694824219,15.279999732971191,12.0465087890625,3373000
2022-08-17,14.989999771118164,15.100000381469727,14.829999923706055,14.989999771118164,11.817876815795898,3782200
2022-08-18,15.039999961853027,15.109999656677246,14.949999809265137,15.079999923706055,11.888832092285156,2069400
2022-08-19,14.65999984741211,14.699999809265137,14.479999542236328,14.529999732971191,11.455221176147461,3612600
2022-08-22,13.829999923706055,13.850000381469727,13.640000343322754,13.65999984741211,10.769327163696289,4895900
2022-08-23,13.880000114440918,14.109999656677246,13.869999885559082,14.010000228881836,11.04526138305664,4307300
2022-08-24,13.890000343322754,14.180000305175781,13.859999656677246,14.069999694824219,11.092564582824707,2942800
2022-08-25,13.970000267028809,14.1899995803833,13.9399995803833,14.180000305175781,11.17928695678711,3278500
2022-08-26,14.1899995803833,14.199999809265137,13.600000381469727,13.609999656677246,10.729907035827637,4909400
2022-08-29,13.720000267028809,13.90999984741211,13.6899995803833,13.8100004196167,10.887584686279297,4100200
2022-08-30,13.859999656677246,13.899999618530273,13.510000228881836,13.630000114440918,10.745675086975098,4333800
2022-08-31,13.5,13.539999961853027,13.359999656677246,13.399999618530273,10.564347267150879,5344200
2022-09-01,13.1899995803833,13.289999961853027,13.0,13.270000457763672,10.461856842041016,7050200
2022-09-02,13.470000267028809,13.569999694824219,13.010000228881836,13.09000015258789,10.319948196411133,10443800
2022-09-06,12.829999923706055,12.930000305175781,12.699999809265137,12.800000190734863,10.091316223144531,9013200
2022-09-07,12.779999732971191,13.25,12.770000457763672,13.239999771118164,10.43820571899414,4712900
2022-09-08,12.869999885559082,13.09000015258789,12.829999923706055,13.069999694824219,10.304179191589355,4805600
2022-09-09,13.3100004196167,13.430000305175781,13.300000190734863,13.40999984741211,10.572230339050293,5564800
2022-09-12,13.84000015258789,13.979999542236328,13.800000190734863,13.930000305175781,10.98219108581543,6654200
2022-09-13,13.630000114440918,13.84000015258789,13.369999885559082,13.40999984741211,10.572230339050293,6322000
2022-09-14,13.569999694824219,13.729999542236328,13.449999809265137,13.619999885559082,10.737791061401367,5110000
2022-09-15,13.539999961853027,13.779999732971191,13.510000228881836,13.539999961853027,10.674720764160156,6613300
2022-09-16,13.4399995803833,13.569999694824219,13.369999885559082,13.470000267028809,10.61953353881836,8519100
2022-09-19,13.220000267028809,13.640000343322754,13.199999809265137,13.609999656677246,10.729907035827637,6686700
2022-09-20,13.319999694824219,13.329999923706055,13.050000190734863,13.130000114440918,10.351483345031738,8259000
2022-09-21,13.130000114440918,13.390000343322754,12.989999771118164,13.0,10.248992919921875,8409300
2022-09-22,12.979999542236328,13.029999732971191,12.739999771118164,12.779999732971191,10.075549125671387,8155900
2022-09-23,12.329999923706055,12.34000015258789,12.0,12.15999984741211,9.586750984191895,10713200
2022-09-26,12.289999961853027,12.529999732971191,12.170000076293945,12.239999771118164,9.649821281433105,9796700
2022-09-27,12.420000076293945,12.5,12.15999984741211,12.3100004196167,9.705008506774902,8687900
2022-09-28,12.210000038146973,12.649999618530273,12.140000343322754,12.579999923706055,9.917871475219727,8361400
2022-09-29,12.0,12.050000190734863,11.729999542236328,11.979999542236328,9.444841384887695,8004500
2022-09-30,11.8100004196167,12.0600004196167,11.770000457763672,11.84000015258789,9.334467887878418,11057100
2022-10-03,12.079999923706055,12.380000114440918,11.930000305175781,12.229999542236328,9.641937255859375,10162400
2022-10-04,12.619999885559082,12.9399995803833,12.619999885559082,12.880000114440918,10.154387474060059,7259200
2022-10-05,12.34000015258789,12.619999885559082,12.1899995803833,12.550000190734863,9.894220352172852,6505000
2022-10-06,12.369999885559082,12.449999809265137,12.260000228881836,12.289999961853027,9.689240455627441,7548400
2022-10-07,12.119999885559082,12.140000343322754,11.850000381469727,11.930000305175781,9.405423164367676,7648300
2022-10-10,12.0,12.010000228881836,11.75,11.859999656677246,9.350234985351562,8447700
2022-10-11,11.75,12.079999923706055,11.65999984741211,11.8100004196167,9.310816764831543,7033200
2022-10-12,11.8100004196167,11.920000076293945,11.729999542236328,11.770000457763672,9.279280662536621,6275800
2022-10-13,11.640000343322754,12.350000381469727,11.569999694824219,12.300000190734863,9.697125434875488,7599700
2022-10-14,12.359999656677246,12.399999618530273,12.079999923706055,12.100000381469727,9.539447784423828,6997100
2022-10-17,12.520000457763672,12.640000343322754,12.479999542236328,12.569999694824219,9.909988403320312,6569100
2022-10-18,13.050000190734863,13.09000015258789,12.75,12.920000076293945,10.185922622680664,9586100
2022-10-19,12.779999732971191,12.84000015258789,12.529999732971191,12.65999984741211,9.980942726135254,5949400
2022-10-20,12.850000381469727,13.020000457763672,12.699999809265137,12.760000228881836,10.059781074523926,5415300
2022-10-21,12.649999618530273,13.050000190734863,12.600000381469727,13.039999961853027,10.280529022216797,5864300
2022-10-24,13.270000457763672,13.449999809265137,13.180000305175781,13.40999984741211,10.572230339050293,7300000
2022-10-25,13.319999694824219,13.529999732971191,13.319999694824219,13.4399995803833,10.595882415771484,5467600
2022-10-26,13.5600004196167,13.779999732971191,13.510000228881836,13.619999885559082,10.737791061401367,5576600
2022-10-27,13.569999694824219,13.729999542236328,13.520000457763672,13.550000190734863,10.682604789733887,5364300
2022-10-28,13.399999618530273,13.59000015258789,13.390000343322754,13.569999694824219,10.698371887207031,4822500
2022-10-31,13.369999885559082,13.5600004196167,13.359999656677246,13.520000457763672,10.658953666687012,6216300
2022-11-01,13.84000015258789,13.869999885559082,13.529999732971191,13.729999542236328,10.82451343536377,8426300
2022-11-02,13.640000343322754,13.800000190734863,13.319999694824219,13.369999885559082,10.540695190429688,12782000
2022-11-03,12.869999885559082,13.0600004196167,12.789999961853027,12.90999984741211,10.178038597106934,11610000
2022-11-04,13.3100004196167,13.609999656677246,13.239999771118164,13.539999961853027,10.674720764160156,10135700
2022-11-07,13.75,13.850000381469727,13.619999885559082,13.800000190734863,10.879700660705566,5769600
2022-11-08,13.729999542236328,13.850000381469727,13.649999618530273,13.800000190734863,10.879700660705566,8459200
2022-11-09,13.640000343322754,13.829999923706055,13.579999923706055,13.59000015258789,10.714139938354492,6302900
2022-11-10,14.199999809265137,14.460000038146973,14.130000114440918,14.460000038146973,11.400033950805664,6825200
2022-11-11,14.579999923706055,14.949999809265137,14.520000457763672,14.869999885559082,11.723271369934082,6892400
2022-11-14,14.869999885559082,15.010000228881836,14.789999961853027,14.800000190734863,11.668085098266602,6028800
2022-11-15,15.119999885559082,15.15999984741211,14.670000076293945,14.869999885559082,11.723271369934082,6897300
2022-11-16,14.789999961853027,14.880000114440918,14.710000038146973,14.829999923706055,11.691736221313477,7224500
2022-11-17,14.520000457763672,14.779999732971191,14.510000228881836,14.75,11.628665924072266,5956100
2022-11-18,14.90999984741211,14.970000267028809,14.779999732971191,14.930000305175781,11.770574569702148,4804700
2022-11-21,14.850000381469727,14.960000038146973,14.789999961853027,14.90999984741211,11.754806518554688,4242100
2022-11-22,15.020000457763672,15.199999809265137,15.010000228881836,15.1899995803833,11.975553512573242,3668900
2022-11-23,14.979999542236328,15.079999923706055,14.90999984741211,15.039999961853027,11.85729694366455,4603600
2022-11-25,15.069999694824219,15.25,15.069999694824219,15.210000038146973,11.99132251739502,2063900
2022-11-28,15.119999885559082,15.220000267028809,15.010000228881836,15.039999961853027,11.85729694366455,3939200
2022-11-29,15.09000015258789,15.289999961853027,15.079999923706055,15.210000038146973,11.99132251739502,4881800
2022-11-30,15.390000343322754,15.630000114440918,15.25,15.619999885559082,12.314558982849121,7217300
2022-12-01,15.729999542236328,15.869999885559082,15.609999656677246,15.720000267028809,12.39339828491211,5118500
2022-12-02,15.380000114440918,15.449999809265137,15.300000190734863,15.369999885559082,12.117464065551758,4926300
2022-12-05,15.4399995803833,15.470000267028809,15.220000267028809,15.25,12.022857666015625,5142200
2022-12-06,15.329999923706055,15.390000343322754,15.0,15.170000076293945,11.959787368774414,4839200
2022-12-07,15.199999809265137,15.300000190734863,15.119999885559082,15.210000038146973,11.99132251739502,4891400
2022-12-08,15.050000190734863,15.050000190734863,14.800000190734863,14.84000015258789,11.699620246887207,5272800
2022-12-09,14.40999984741211,14.550000190734863,14.34000015258789,14.4399995803833,11.384265899658203,7766700
2022-12-12,14.510000228881836,14.609999656677246,14.420000076293945,14.579999923706055,11.49463939666748,5608600
2022-12-13,14.979999542236328,14.989999771118164,14.520000457763672,14.640000343322754,11.541943550109863,8477700
2022-12-14,14.760000228881836,14.84000015258789,14.569999694824219,14.710000038146973,11.597129821777344,6183300
2022-12-15,14.539999961853027,14.550000190734863,14.350000381469727,14.4399995803833,11.384265899658203,5446600
2022-12-16,14.300000190734863,14.359999656677246,14.119999885559082,14.140000343322754,11.147751808166504,5421900
2022-12-19,14.270000457763672,14.3100004196167,14.140000343322754,14.210000038146973,11.202938079833984,3846300
2022-12-20,14.0600004196167,14.130000114440918,14.010000228881836,14.069999694824219,11.092564582824707,4093300
2022-12-21,14.25,14.399999618530273,14.220000267028809,14.329999923706055,11.297544479370117,4149400
2022-12-22,14.069999694824219,14.079999923706055,13.710000038146973,13.880000114440918,10.942771911621094,5846500
2022-12-23,13.960000038146973,14.079999923706055,13.899999618530273,14.050000190734863,11.076796531677246,4230700
2022-12-27,13.979999542236328,14.050000190734863,13.949999809265137,14.0,11.03737735748291,3001200
2022-12-28,14.039999961853027,14.100000381469727,13.84000015258789,13.850000381469727,10.919119834899902,5638700
2022-12-29,14.140000343322754,14.350000381469727,14.130000114440918,14.34000015258789,11.305428504943848,4721200
2022-12-30,14.239999771118164,14.3100004196167,14.15999984741211,14.199999809265137,11.195054054260254,4211400
2023-01-03,14.65999984741211,14.760000228881836,14.489999771118164,14.59000015258789,11.502524375915527,5361400
2023-01-04,14.949999809265137,15.119999885559082,14.829999923706055,15.0600004196167,11.873064994812012,5575200
2023-01-05,15.100000381469727,15.239999771118164,15.050000190734863,15.170000076293945,11.959787368774414,4698900
2023-01-06,15.050000190734863,15.5,15.010000228881836,15.449999809265137,12.180534362792969,5227100
2023-01-09,15.640000343322754,15.739999771118164,15.569999694824219,15.619999885559082,12.314558982849121,7173600
2023-01-10,15.779999732971191,15.869999885559082,15.680000305175781,15.869999885559082,12.511655807495117,5060100
2023-01-11,15.819999694824219,15.850000381469727,15.680000305175781,15.800000190734863,12.45646858215332,3526800
2023-01-12,15.920000076293945,16.09000015258789,15.779999732971191,16.030000686645508,12.637797355651855,5612300
2023-01-13,15.319999694824219,15.430000305175781,15.289999961853027,15.420000076293945,12.156883239746094,4883000
2023-01-17,15.4399995803833,15.619999885559082,15.399999618530273,15.449999809265137,12.180534362792969,4135100
2023-01-18,15.670000076293945,15.699999809265137,15.270000457763672,15.279999732971191,12.0465087890625,3995700
2023-01-19,15.100000381469727,15.170000076293945,14.979999542236328,15.130000114440918,11.928251266479492,4132300
2023-01-20,15.029999732971191,15.239999771118164,14.979999542236328,15.199999809265137,11.983437538146973,4852700
2023-01-23,15.140000343322754,15.350000381469727,15.100000381469727,15.279999732971191,12.0465087890625,4587000
2023-01-24,15.130000114440918,15.270000457763672,15.050000190734863,15.229999542236328,12.007089614868164,3291200
2023-01-25,15.050000190734863,15.319999694824219,15.020000457763672,15.25,12.022857666015625,3917400
2023-01-26,15.359999656677246,15.399999618530273,15.239999771118164,15.390000343322754,12.133231163024902,4158500
2023-01-27,15.329999923706055,15.600000381469727,15.319999694824219,15.539999961853027,12.25148868560791,5385100
2023-01-30,15.319999694824219,15.359999656677246,15.09000015258789,15.100000381469727,11.904600143432617,6570400
2023-01-31,15.34000015258789,15.729999542236328,15.319999694824219,15.720000267028809,12.39339828491211,5840300
2023-02-01,15.789999961853027,16.18000030517578,15.779999732971191,16.079999923706055,12.677215576171875,6263400
2023-02-02,16.329999923706055,16.719999313354492,16.219999313354492,16.600000381469727,13.087176322937012,6898700
2023-02-03,16.34000015258789,16.610000610351562,16.270000457763672,16.329999923706055,12.874312400817871,5478000
2023-02-06,16.18000030517578,16.219999313354492,15.989999771118164,16.170000076293945,12.74817180633545,4661200
2023-02-07,16.15999984741211,16.309999465942383,16.030000686645508,16.270000457763672,12.827010154724121,4834100
2023-02-08,16.299999237060547,16.3799991607666,16.15999984741211,16.18000030517578,12.756054878234863,3724700
2023-02-09,16.799999237060547,16.93000030517578,16.729999542236328,16.75,13.20543384552002,8500500
2023-02-10,16.579999923706055,16.579999923706055,16.350000381469727,16.399999618530273,12.929498672485352,5102900
2023-02-13,16.520000457763672,16.709999084472656,16.469999313354492,16.670000076293945,13.142363548278809,3231300
2023-02-14,16.65999984741211,16.920000076293945,16.639999389648438,16.809999465942383,13.25273609161377,3981700
2023-02-15,16.809999465942383,17.06999969482422,16.809999465942383,17.010000228881836,13.41041374206543,4086600
2023-02-16,16.829999923706055,17.1299991607666,16.829999923706055,16.940000534057617,13.35522747039795,4418800
2023-02-17,16.979999542236328,17.290000915527344,16.8799991607666,17.290000915527344,13.631162643432617,6618000
2023-02-21,16.950000762939453,17.0,16.649999618530273,16.65999984741211,13.134478569030762,6751000
2023-02-22,17.139999389648438,17.5,17.139999389648438,17.270000457763672,13.61539363861084,9501200
2023-02-23,17.950000762939453,18.1299991607666,17.670000076293945,18.020000457763672,14.206681251525879,11726400
2023-02-24,17.3799991607666,17.579999923706055,17.260000228881836,17.56999969482422,13.851909637451172,8537000
2023-02-27,17.59000015258789,17.760000228881836,17.559999465942383,17.610000610351562,13.883443832397461,6180600
2023-02-28,17.649999618530273,17.760000228881836,17.5,17.520000457763672,13.812490463256836,5638200
2023-03-01,18.270000457763672,18.360000610351562,18.15999984741211,18.260000228881836,14.395894050598145,8047800
2023-03-02,18.110000610351562,18.3799991607666,18.09000015258789,18.350000381469727,14.466849327087402,4795200
2023-03-03,18.75,18.860000610351562,18.65999984741211,18.829999923706055,14.845272064208984,7643900
2023-03-06,18.829999923706055,18.829999923706055,18.639999389648438,18.649999618530273,14.703362464904785,4683300
2023-03-07,18.790000915527344,18.81999969482422,18.40999984741211,18.43000030517578,14.529918670654297,4817400
2023-03-08,18.5,18.579999923706055,18.389999389648438,18.510000228881836,14.59299087524414,3559100
2023-03-09,18.239999771118164,18.329999923706055,17.950000762939453,17.969999313354492,14.167261123657227,4756400
2023-03-10,17.8799991607666,18.010000228881836,17.549999237060547,17.600000381469727,13.87555980682373,6964000
2023-03-13,17.280000686645508,17.5,17.149999618530273,17.350000381469727,13.678464889526367,7881600
2023-03-14,17.489999771118164,17.6299991607666,17.389999389648438,17.530000686645508,13.82037353515625,8088600
2023-03-15,16.6299991607666,16.889999389648438,16.540000915527344,16.8700008392334,13.300040245056152,10241600
2023-03-16,16.540000915527344,17.1200008392334,16.5,17.1200008392334,13.497136116027832,5687700
2023-03-17,16.850000381469727,16.860000610351562,16.540000915527344,16.790000915527344,13.236969947814941,6207800
2023-03-20,16.950000762939453,17.139999389648438,16.899999618530273,16.959999084472656,13.370993614196777,7153000
2023-03-21,17.530000686645508,17.59000015258789,17.420000076293945,17.420000076293945,13.733652114868164,4637900
2023-03-22,17.540000915527344,17.68000030517578,17.299999237060547,17.309999465942383,13.646928787231445,3762500
2023-03-23,17.559999465942383,17.709999084472656,17.18000030517578,17.360000610351562,13.686348915100098,4240300
2023-03-24,17.09000015258789,17.260000228881836,16.950000762939453,17.25,13.599625587463379,3944400
2023-03-27,17.5,17.649999618530273,17.399999618530273,17.559999465942383,13.844025611877441,3274400
2023-03-28,17.610000610351562,17.670000076293945,17.549999237060547,17.59000015258789,13.86767578125,3194500
2023-03-29,17.690000534057617,17.809999465942383,17.670000076293945,17.770000457763672,14.0095853805542,3195200
2023-03-30,18.049999237060547,18.110000610351562,17.969999313354492,18.010000228881836,14.198797225952148,3584500
2023-03-31,18.09000015258789,18.270000457763672,18.06999969482422,18.190000534057617,14.34070873260498,3713800
2023-04-03,18.239999771118164,18.34000015258789,18.06999969482422,18.170000076293945,14.324938774108887,4762100
2023-04-04,18.309999465942383,18.309999465942383,17.860000610351562,17.979999542236328,14.17514705657959,4481500
2023-04-05,17.770000457763672,17.780000686645508,17.510000228881836,17.579999923706055,13.859792709350586,3520700
2023-04-06,17.530000686645508,17.81999969482422,17.469999313354492,17.649999618530273,13.914978981018066,3518800
2023-04-10,17.649999618530273,17.850000381469727,17.559999465942383,17.84000015258789,14.064772605895996,2935100
2023-04-11,18.200000762939453,18.399999618530273,18.18000030517578,18.25,14.38801097869873,4457900
2023-04-12,18.579999923706055,18.6299991607666,18.350000381469727,18.399999618530273,14.506268501281738,4679500
2023-04-13,18.709999084472656,18.809999465942383,18.549999237060547,18.700000762939453,14.742781639099121,5999100
2023-04-14,18.8700008392334,18.969999313354492,18.770000457763672,18.860000610351562,14.868924140930176,4516100
2023-04-17,18.65999984741211,18.709999084472656,18.540000915527344,18.670000076293945,14.719132423400879,6268200
2023-04-18,18.709999084472656,18.809999465942383,18.649999618530273,18.770000457763672,14.79797077178955,4595000
2023-04-19,18.600000381469727,18.639999389648438,18.43000030517578,18.510000228881836,14.59299087524414,5773800
2023-04-20,17.6200008392334,17.729999542236328,17.440000534057617,17.709999084472656,13.962281227111816,10768900
2023-04-21,17.520000457763672,17.68000030517578,17.3700008392334,17.68000030517578,13.938632011413574,7323900
2023-04-24,16.450000762939453,16.510000228881836,16.360000610351562,16.420000076293945,14.121819496154785,7348700
2023-04-25,16.31999969482422,16.329999923706055,16.040000915527344,16.079999923706055,13.829405784606934,6544000
2023-04-26,16.229999542236328,16.270000457763672,16.059999465942383,16.110000610351562,13.855208396911621,5396800
2023-04-27,16.299999237060547,16.479999542236328,16.209999084472656,16.420000076293945,14.121819496154785,6470400
2023-04-28,16.229999542236328,16.649999618530273,16.219999313354492,16.6299991607666,14.3024263381958,4615500
2023-05-01,16.65999984741211,16.889999389648438,16.6200008392334,16.649999618530273,14.319626808166504,3831600
2023-05-02,16.450000762939453,16.479999542236328,16.1299991607666,16.329999923706055,14.044415473937988,6124900
2023-05-03,15.920000076293945,16.1200008392334,15.850000381469727,15.890000343322754,13.665999412536621,6815000
2023-05-04,15.75,15.930000305175781,15.630000114440918,15.869999885559082,13.648798942565918,5655500
2023-05-05,16.1200008392334,16.360000610351562,16.059999465942383,16.299999237060547,14.018613815307617,5411100
2023-05-08,16.3700008392334,16.450000762939453,16.299999237060547,16.40999984741211,14.113218307495117,3359700
2023-05-09,16.280000686645508,16.40999984741211,16.25,16.299999237060547,14.018613815307617,3941900
2023-05-10,16.530000686645508,16.540000915527344,16.260000228881836,16.389999389648438,14.096016883850098,3158200
2023-05-11,16.190000534057617,16.31999969482422,16.1200008392334,16.290000915527344,14.010014533996582,3712900
2023-05-12,16.360000610351562,16.3700008392334,16.1299991607666,16.200000762939453,13.932611465454102,2846500
2023-05-15,16.25,16.25,16.06999969482422,16.100000381469727,13.846607208251953,4624300
2023-05-16,15.930000305175781,15.970000267028809,15.819999694824219,15.84000015258789,13.622997283935547,5161500
2023-05-17,16.170000076293945,16.219999313354492,16.030000686645508,16.1299991607666,13.872407913208008,3807300
2023-05-18,16.170000076293945,16.469999313354492,16.1200008392334,16.450000762939453,14.14762020111084,5472300
2023-05-19,16.739999771118164,16.809999465942383,16.649999618530273,16.780000686645508,14.43143367767334,4055700
2023-05-22,16.56999969482422,16.610000610351562,16.479999542236328,16.540000915527344,14.225024223327637,3326100
2023-05-23,16.34000015258789,16.5,16.25,16.25,13.97561264038086,3045000
2023-05-24,15.890000343322754,15.890000343322754,15.649999618530273,15.739999771118164,13.536993026733398,4495100
2023-05-25,15.5600004196167,15.699999809265137,15.489999771118164,15.649999618530273,13.459589958190918,4729400
2023-05-26,15.710000038146973,15.979999542236328,15.710000038146973,15.899999618530273,13.674598693847656,4336100
2023-05-30,15.989999771118164,16.010000228881836,15.6899995803833,15.739999771118164,13.536993026733398,3366700
2023-05-31,15.449999809265137,15.470000267028809,15.069999694824219,15.300000190734863,13.158576965332031,5468000
2023-06-01,15.3100004196167,15.5600004196167,15.279999732971191,15.479999542236328,13.313383102416992,4621300
2023-06-02,15.8100004196167,15.960000038146973,15.800000190734863,15.869999885559082,13.648798942565918,4370500
2023-06-05,15.850000381469727,15.880000114440918,15.6899995803833,15.75,13.545594215393066,3139700
2023-06-06,15.600000381469727,15.890000343322754,15.59000015258789,15.84000015258789,13.622997283935547,3494700
2023-06-07,15.930000305175781,16.09000015258789,15.920000076293945,16.040000915527344,13.795004844665527,4007100
2023-06-08,16.3700008392334,16.5,16.280000686645508,16.329999923706055,14.044415473937988,4601700
2023-06-09,16.229999542236328,16.309999465942383,16.18000030517578,16.239999771118164,13.967011451721191,4144700
2023-06-12,16.40999984741211,16.520000457763672,16.3799991607666,16.440000534057617,14.139019966125488,3160500
2023-06-13,16.709999084472656,16.8799991607666,16.68000030517578,16.809999465942383,14.457233428955078,4168400
2023-06-14,17.06999969482422,17.170000076293945,16.8799991607666,16.979999542236328,14.603439331054688,3684600
2023-06-15,16.959999084472656,17.209999084472656,16.940000534057617,17.15999984741211,14.758246421813965,3486300
2023-06-16,17.3799991607666,17.399999618530273,17.299999237060547,17.34000015258789,14.913053512573242,4580000
2023-06-20,16.860000610351562,16.899999618530273,16.719999313354492,16.8799991607666,14.517436027526855,5324600
2023-06-21,16.90999984741211,16.969999313354492,16.809999465942383,16.81999969482422,14.46583366394043,2629700
2023-06-22,16.6200008392334,16.75,16.600000381469727,16.6299991607666,14.3024263381958,2709900
2023-06-23,16.450000762939453,16.540000915527344,16.40999984741211,16.459999084472656,14.156219482421875,3287400
2023-06-26,16.520000457763672,16.690000534057617,16.510000228881836,16.600000381469727,14.276625633239746,2751700
2023-06-27,16.610000610351562,16.90999984741211,16.579999923706055,16.899999618530273,14.534636497497559,3335300
2023-06-28,16.850000381469727,16.93000030517578,16.809999465942383,16.920000076293945,14.551837921142578,3297300
2023-06-29,17.440000534057617,17.579999923706055,17.389999389648438,17.450000762939453,15.007658004760742,5635100
2023-06-30,17.56999969482422,17.610000610351562,17.469999313354492,17.540000915527344,15.085061073303223,3502500
2023-07-03,17.780000686645508,17.850000381469727,17.760000228881836,17.809999465942383,15.31727123260498,2141000
2023-07-05,17.579999923706055,17.610000610351562,17.510000228881836,17.549999237060547,15.093660354614258,2977800
2023-07-06,17.3799991607666,17.43000030517578,17.190000534057617,17.360000610351562,14.930254936218262,3696900
2023-07-07,17.579999923706055,17.920000076293945,17.559999465942383,17.739999771118164,15.257067680358887,5891600
2023-07-10,17.809999465942383,17.90999984741211,17.770000457763672,17.899999618530273,15.394674301147461,2813000
2023-07-11,18.0,18.030000686645508,17.90999984741211,18.0,15.48067855834961,2723500
2023-07-12,18.43000030517578,18.670000076293945,18.43000030517578,18.479999542236328,15.893495559692383,6796100
2023-07-13,18.8799991607666,18.950000762939453,18.799999237060547,18.90999984741211,16.26331329345703,4492700
2023-07-14,18.799999237060547,18.829999923706055,18.700000762939453,18.760000228881836,16.134305953979492,3127000
2023-07-17,18.739999771118164,18.760000228881836,18.540000915527344,18.65999984741211,16.048301696777344,3857600
2023-07-18,18.559999465942383,18.75,18.559999465942383,18.739999771118164,16.117107391357422,2472800
2023-07-19,18.579999923706055,18.639999389648438,18.5,18.549999237060547,15.953699111938477,2966000
2023-07-20,18.59000015258789,18.68000030517578,18.469999313354492,18.5,15.910696983337402,2328200
2023-07-21,18.579999923706055,18.600000381469727,18.270000457763672,18.350000381469727,15.781692504882812,4049800
2023-07-24,18.56999969482422,18.649999618530273,18.510000228881836,18.510000228881836,15.91929817199707,2823700
2023-07-25,18.56999969482422,18.579999923706055,18.469999313354492,18.510000228881836,15.91929817199707,3748800
2023-07-26,18.81999969482422,19.280000686645508,18.799999237060547,19.170000076293945,16.486921310424805,8199100
2023-07-27,19.75,20.149999618530273,19.700000762939453,19.799999237060547,17.028745651245117,9543000
2023-07-28,20.25,20.649999618530273,20.25,20.549999237060547,17.67377471923828,10210400
2023-07-31,20.700000762939453,20.709999084472656,20.440000534057617,20.549999237060547,17.67377471923828,4855500
2023-08-01,20.049999237060547,20.200000762939453,20.020000457763672,20.1200008392334,17.303958892822266,6231200
2023-08-02,19.84000015258789,19.90999984741211,19.610000610351562,19.670000076293945,16.916942596435547,5598800
2023-08-03,19.579999923706055,19.690000534057617,19.440000534057617,19.56999969482422,16.8309383392334,5189700
2023-08-04,19.690000534057617,19.799999237060547,19.389999389648438,19.43000030517578,16.710533142089844,6751600
2023-08-07,19.6299991607666,19.68000030517578,19.510000228881836,19.579999923706055,16.839536666870117,5235300
2023-08-08,19.110000610351562,19.350000381469727,19.020000457763672,19.34000015258789,16.633129119873047,6156200
2023-08-09,19.239999771118164,19.31999969482422,19.0,19.1200008392334,16.44392204284668,6108000
2023-08-10,19.399999618530273,19.479999542236328,18.719999313354492,18.770000457763672,16.142908096313477,13368500
2023-08-11,18.56999969482422,18.59000015258789,18.329999923706055,18.40999984741211,15.833293914794922,10507700
2023-08-14,18.360000610351562,18.450000762939453,18.260000228881836,18.40999984741211,15.833293914794922,6810400
2023-08-15,18.280000686645508,18.299999237060547,18.030000686645508,18.139999389648438,15.601083755493164,5697900
2023-08-16,18.1200008392334,18.239999771118164,17.90999984741211,17.920000076293945,15.41187572479248,5352200
2023-08-17,18.020000457763672,18.040000915527344,17.719999313354492,17.75,15.265668869018555,6384100
2023-08-18,17.600000381469727,17.829999923706055,17.56999969482422,17.81999969482422,15.325872421264648,7532600
2023-08-21,18.190000534057617,18.209999084472656,18.030000686645508,18.1299991607666,15.592483520507812,6781500
2023-08-22,18.34000015258789,18.40999984741211,18.030000686645508,18.09000015258789,15.55808162689209,6613500
2023-08-23,18.010000228881836,18.229999542236328,18.010000228881836,18.200000762939453,15.652687072753906,3394600
2023-08-24,18.059999465942383,18.1200008392334,17.84000015258789,17.860000610351562,15.360273361206055,3689600
2023-08-25,18.110000610351562,18.270000457763672,17.860000610351562,18.18000030517578,15.635485649108887,5563200
2023-08-28,18.290000915527344,18.389999389648438,18.229999542236328,18.299999237060547,15.738689422607422,3514600
2023-08-29,18.43000030517578,18.8799991607666,18.389999389648438,18.850000381469727,16.211711883544922,4918100
2023-08-30,18.75,18.850000381469727,18.670000076293945,18.719999313354492,16.099905014038086,4705000
2023-08-31,18.670000076293945,18.68000030517578,18.469999313354492,18.549999237060547,15.953699111938477,8193700
2023-09-01,18.389999389648438,18.399999618530273,18.020000457763672,18.229999542236328,15.678487777709961,7247500
2023-09-05,18.100000381469727,18.350000381469727,17.989999771118164,18.260000228881836,15.7042875289917,7280800
2023-09-06,18.239999771118164,18.360000610351562,17.979999542236328,18.15999984741211,15.618284225463867,6687400
2023-09-07,18.15999984741211,18.25,18.040000915527344,18.09000015258789,15.55808162689209,5817900
2023-09-08,18.110000610351562,18.280000686645508,18.06999969482422,18.229999542236328,15.678487777709961,5532200
2023-09-11,18.540000915527344,18.790000915527344,18.459999084472656,18.690000534057617,16.07410430908203,5437500
2023-09-12,19.0,19.260000228881836,19.0,19.030000686645508,16.366518020629883,7252000
2023-09-13,19.1200008392334,19.200000762939453,18.8799991607666,18.950000762939453,16.29771614074707,5073200
2023-09-14,18.84000015258789,18.889999389648438,18.6299991607666,18.84000015258789,16.20311164855957,5007200
2023-09-15,18.920000076293945,19.299999237060547,18.899999618530273,19.25,16.555727005004883,12395100
2023-09-18,18.950000762939453,19.049999237060547,18.770000457763672,18.940000534057617,16.289113998413086,6028800
2023-09-19,19.290000915527344,19.440000534057617,19.229999542236328,19.34000015258789,16.633129119873047,5405200
2023-09-20,19.81999969482422,20.0,19.65999984741211,19.670000076293945,16.916942596435547,7769300
2023-09-21,19.34000015258789,19.469999313354492,19.239999771118164,19.329999923706055,16.624528884887695,8057000
2023-09-22,19.459999084472656,19.6200008392334,19.299999237060547,19.350000381469727,16.6417293548584,8424200
2023-09-25,18.989999771118164,19.25,18.850000381469727,19.239999771118164,16.5471248626709,5700900
2023-09-26,19.010000228881836,19.170000076293945,18.65999984741211,18.84000015258789,16.20311164855957,7266400
2023-09-27,18.84000015258789,18.90999984741211,18.59000015258789,18.809999465942383,16.177309036254883,5251700
2023-09-28,18.81999969482422,19.350000381469727,18.770000457763672,19.270000457763672,16.572925567626953,11694200
2023-09-29,19.280000686645508,19.479999542236328,19.059999465942383,19.1299991607666,16.4525203704834,9225500
2023-10-02,19.059999465942383,19.100000381469727,18.790000915527344,18.90999984741211,16.26331329345703,5722700
2023-10-03,18.850000381469727,18.8799991607666,18.579999923706055,18.700000762939453,16.082704544067383,5975400
2023-10-04,18.65999984741211,18.760000228881836,18.510000228881836,18.75,16.125707626342773,8234700
2023-10-05,18.770000457763672,18.920000076293945,18.65999984741211,18.889999389648438,16.246110916137695,6730600
2023-10-06,18.860000610351562,19.59000015258789,18.68000030517578,19.459999084472656,16.7363338470459,11286600
2023-10-09,19.0,19.18000030517578,18.920000076293945,19.110000610351562,16.435319900512695,5905800
2023-10-10,19.56999969482422,19.760000228881836,19.520000457763672,19.579999923706055,16.839536666870117,7018700
2023-10-11,20.280000686645508,20.420000076293945,20.040000915527344,20.25,17.41576385498047,9199300
2023-10-12,20.100000381469727,20.1200008392334,19.649999618530273,19.770000457763672,17.002946853637695,6309700
2023-10-13,20.030000686645508,20.059999465942383,19.6200008392334,19.68000030517578,16.925540924072266,6696300
2023-10-16,19.559999465942383,19.8700008392334,19.489999771118164,19.81999969482422,17.04594612121582,5078700
2023-10-17,19.729999542236328,20.25,19.719999313354492,20.059999465942383,17.252355575561523,7107900
2023-10-18,19.959999084472656,19.969999313354492,19.65999984741211,19.709999084472656,16.95134162902832,7349000
2023-10-19,19.100000381469727,19.239999771118164,18.829999923706055,18.950000762939453,16.29771614074707,9760400
2023-10-20,18.829999923706055,18.90999984741211,18.649999618530273,18.8799991607666,16.237510681152344,8856500
2023-10-23,18.979999542236328,19.229999542236328,18.8799991607666,18.940000534057617,16.289113998413086,7918200
2023-10-24,18.809999465942383,18.860000610351562,18.610000610351562,18.760000228881836,16.134305953979492,6607600
2023-10-25,18.790000915527344,19.010000228881836,18.670000076293945,18.889999389648438,16.246110916137695,8358600
2023-10-26,18.709999084472656,18.81999969482422,18.40999984741211,18.479999542236328,15.893495559692383,8904500
2023-10-27,18.65999984741211,18.670000076293945,17.93000030517578,18.040000915527344,15.515081405639648,12414800
2023-10-30,18.3799991607666,18.420000076293945,17.81999969482422,18.0,15.48067855834961,11038800
2023-10-31,18.3799991607666,18.770000457763672,18.309999465942383,18.68000030517578,16.06550407409668,9218600
2023-11-01,18.829999923706055,19.079999923706055,18.75,18.940000534057617,16.289113998413086,11607600
2023-11-02,19.59000015258789,19.65999984741211,19.360000610351562,19.610000610351562,16.865339279174805,8677500
2023-11-03,19.8700008392334,20.170000076293945,19.8700008392334,20.110000610351562,17.295358657836914,7237400
2023-11-06,19.84000015258789,19.920000076293945,19.469999313354492,19.549999237060547,16.813735961914062,5514300
2023-11-07,19.329999923706055,19.420000076293945,19.219999313354492,19.3700008392334,16.658931732177734,3692700
2023-11-08,19.65999984741211,19.729999542236328,19.459999084472656,19.469999313354492,16.74493408203125,5875200
2023-11-09,19.540000915527344,19.559999465942383,19.06999969482422,19.079999923706055,16.40951919555664,5727700
2023-11-10,19.239999771118164,19.469999313354492,19.09000015258789,19.3799991607666,16.66752815246582,5282800
2023-11-13,19.420000076293945,19.75,19.350000381469727,19.68000030517578,16.925540924072266,5282000
2023-11-14,20.15999984741211,20.420000076293945,20.110000610351562,20.25,17.41576385498047,7639400
2023-11-15,20.34000015258789,20.559999465942383,20.31999969482422,20.450000762939453,17.587772369384766,7014800
2023-11-16,20.290000915527344,20.40999984741211,19.90999984741211,19.920000076293945,17.13195037841797,7150900
2023-11-17,20.110000610351562,20.239999771118164,20.040000915527344,20.229999542236328,17.398561477661133,6255200
2023-11-20,20.3700008392334,20.739999771118164,20.299999237060547,20.610000610351562,17.72537612915039,4937300
2023-11-21,20.440000534057617,20.510000228881836,20.15999984741211,20.18000030517578,17.355562210083008,4698900
2023-11-22,20.31999969482422,20.329999923706055,20.1299991607666,20.139999389648438,17.32115936279297,2941500
2023-11-24,20.420000076293945,20.610000610351562,20.420000076293945,20.459999084472656,17.596370697021484,2645500
2023-11-27,20.40999984741211,20.579999923706055,20.40999984741211,20.420000076293945,17.561969757080078,4362100
2023-11-28,20.43000030517578,20.579999923706055,20.3799991607666,20.520000457763672,17.647974014282227,3673500
2023-11-29,21.489999771118164,21.760000228881836,21.34000015258789,21.56999969482422,18.55101203918457,10588000
2023-11-30,21.90999984741211,21.93000030517578,21.639999389648438,21.65999984741211,18.628416061401367,7461800
2023-12-01,21.760000228881836,22.020000457763672,21.690000534057617,22.010000228881836,18.92943000793457,5451700
2023-12-04,21.780000686645508,22.09000015258789,21.780000686645508,21.979999542236328,18.903627395629883,6692700
2023-12-05,21.770000457763672,22.110000610351562,21.760000228881836,21.989999771118164,18.912229537963867,4485200
2023-12-06,22.75,22.899999618530273,22.530000686645508,22.540000915527344,19.385250091552734,7314000
2023-12-07,22.520000457763672,22.610000610351562,22.389999389648438,22.549999237060547,19.393848419189453,5362300
2023-12-08,22.5,22.729999542236328,22.5,22.600000381469727,19.436851501464844,4611700
2023-12-11,22.600000381469727,22.649999618530273,22.459999084472656,22.540000915527344,19.385250091552734,4836400
2023-12-12,22.780000686645508,22.790000915527344,22.5,22.6200008392334,19.45405387878418,5038800
2023-12-13,22.8700008392334,22.959999084472656,22.3799991607666,22.950000762939453,19.737865447998047,6310300
2023-12-14,23.15999984741211,23.520000457763672,23.139999389648438,23.5,20.210886001586914,7329200
2023-12-15,23.5,23.6200008392334,23.3700008392334,23.459999084472656,20.176485061645508,4752800
2023-12-18,23.479999542236328,23.6299991607666,23.399999618530273,23.450000762939453,20.167884826660156,4118600
2023-12-19,23.229999542236328,23.420000076293945,23.219999313354492,23.34000015258789,20.073280334472656,3769300
2023-12-20,23.1200008392334,23.309999465942383,22.8700008392334,22.8799991607666,19.677661895751953,5328600
2023-12-21,23.219999313354492,23.43000030517578,23.100000381469727,23.420000076293945,20.14208221435547,6859000
2023-12-22,23.479999542236328,23.579999923706055,23.299999237060547,23.329999923706055,20.064680099487305,3781300
2023-12-26,23.389999389648438,23.59000015258789,23.329999923706055,23.450000762939453,20.167884826660156,1880100
2023-12-27,23.489999771118164,23.65999984741211,23.489999771118164,23.59000015258789,20.288288116455078,2034900
2023-12-28,23.520000457763672,23.559999465942383,23.420000076293945,23.450000762939453,20.167884826660156,2247400
2023-12-29,23.459999084472656,23.530000686645508,23.309999465942383,23.31999969482422,20.056079864501953,2116700
2024-01-02,23.110000610351562,23.239999771118164,23.0,23.049999237060547,19.823869705200195,4421900
2024-01-03,22.420000076293945,22.450000762939453,22.15999984741211,22.25,19.13583755493164,5758900
2024-01-04,22.34000015258789,22.510000228881836,22.209999084472656,22.209999084472656,19.101436614990234,3120100
2024-01-05,22.280000686645508,22.709999084472656,22.280000686645508,22.450000762939453,19.307846069335938,3897800
2024-01-08,22.40999984741211,22.760000228881836,22.3799991607666,22.75,19.56585693359375,3862200
2024-01-09,22.459999084472656,22.520000457763672,22.329999923706055,22.34000015258789,19.213241577148438,2962100
2024-01-10,22.6200008392334,22.860000610351562,22.59000015258789,22.84000015258789,19.643260955810547,4105200
2024-01-11,22.959999084472656,23.0,22.530000686645508,22.760000228881836,19.5744571685791,3350000
2024-01-12,22.5,22.649999618530273,22.229999542236328,22.299999237060547,19.17884063720703,4461300
2024-01-16,21.420000076293945,21.739999771118164,21.3799991607666,21.739999771118164,18.69721794128418,8069500
2024-01-17,21.309999465942383,21.350000381469727,21.190000534057617,21.34000015258789,18.35320472717285,7923000
2024-01-18,21.610000610351562,21.65999984741211,21.3799991607666,21.559999465942383,18.54241180419922,3596700
2024-01-19,21.43000030517578,21.6200008392334,21.350000381469727,21.6200008392334,18.594017028808594,6115700
2024-01-22,21.510000228881836,21.56999969482422,21.309999465942383,21.329999923706055,18.344602584838867,4131800
2024-01-23,21.260000228881836,21.350000381469727,21.1299991607666,21.31999969482422,18.336002349853516,3573300
2024-01-24,21.309999465942383,21.350000381469727,21.040000915527344,21.09000015258789,18.138195037841797,5578000
2024-01-25,21.0,21.149999618530273,20.899999618530273,21.149999618530273,18.189796447753906,6096600
2024-01-26,21.219999313354492,21.31999969482422,21.15999984741211,21.209999084472656,18.24139976501465,3249400
2024-01-29,21.030000686645508,21.260000228881836,20.8799991607666,21.260000228881836,18.284400939941406,4372300
2024-01-30,21.579999923706055,22.06999969482422,21.579999923706055,21.8700008392334,18.809024810791016,8140400
2024-01-31,22.110000610351562,22.329999923706055,21.950000762939453,21.959999084472656,18.88642692565918,7382500
2024-02-01,22.459999084472656,22.84000015258789,22.350000381469727,22.84000015258789,19.643260955810547,7394100
2024-02-02,23.09000015258789,23.1299991607666,22.799999237060547,23.079999923706055,19.84967041015625,7967000
2024-02-05,22.700000762939453,22.700000762939453,22.350000381469727,22.56999969482422,19.41105079650879,7240000
2024-02-06,22.860000610351562,23.149999618530273,22.850000381469727,23.030000686645508,19.806669235229492,4826300
2024-02-07,23.6200008392334,23.649999618530273,23.260000228881836,23.510000228881836,20.219486236572266,8451800
2024-02-08,23.899999618530273,24.110000610351562,23.75,24.049999237060547,20.68390655517578,7049300
2024-02-09,24.190000534057617,24.420000076293945,24.09000015258789,24.40999984741211,20.993518829345703,5009500
2024-02-12,24.440000534057617,24.579999923706055,24.3799991607666,24.5,21.0709228515625,6253600
2024-02-13,24.15999984741211,24.25,23.809999465942383,23.989999771118164,20.63230323791504,6205300
2024-02-14,24.0,24.389999389648438,23.90999984741211,24.389999389648438,20.976318359375,6209100
2024-02-15,25.40999984741211,26.100000381469727,25.25,25.989999771118164,22.352380752563477,10157400
2024-02-16,25.799999237060547,25.809999465942383,25.510000228881836,25.690000534057617,22.094369888305664,10527900
2024-02-20,25.6299991607666,25.639999389648438,25.209999084472656,25.399999618530273,21.84495735168457,6654900
2024-02-21,25.459999084472656,25.6299991607666,25.389999389648438,25.6299991607666,22.04276466369629,3802400
2024-02-22,26.329999923706055,26.540000915527344,26.200000762939453,26.290000915527344,22.61039161682129,5943900
2024-02-23,26.6200008392334,26.729999542236328,26.5,26.510000228881836,22.79960060119629,4813700
2024-02-26,26.299999237060547,26.489999771118164,26.15999984741211,26.170000076293945,22.507186889648438,5628800
2024-02-27,26.270000457763672,26.3799991607666,26.149999618530273,26.15999984741211,22.498586654663086,4732000
2024-02-28,26.40999984741211,26.459999084472656,26.15999984741211,26.18000030517578,22.51578712463379,6025700
2024-02-29,26.31999969482422,26.399999618530273,26.040000915527344,26.260000228881836,22.5845890045166,5198100
2024-03-01,26.31999969482422,26.520000457763672,26.290000915527344,26.489999771118164,22.782398223876953,4741100
2024-03-04,26.600000381469727,26.799999237060547,26.5,26.510000228881836,22.79960060119629,5272800
2024-03-05,26.75,26.950000762939453,26.600000381469727,26.790000915527344,23.0404109954834,6204900
2024-03-06,27.110000610351562,27.360000610351562,27.09000015258789,27.170000076293945,23.367223739624023,5674000
2024-03-07,27.399999618530273,27.6200008392334,27.360000610351562,27.549999237060547,23.69403839111328,5587300
2024-03-08,27.610000610351562,27.690000534057617,27.260000228881836,27.299999237060547,23.479028701782227,4262500
2024-03-11,27.6299991607666,27.700000762939453,27.510000228881836,27.579999923706055,23.719839096069336,6262900
2024-03-12,27.670000076293945,28.219999313354492,27.559999465942383,28.18000030517578,24.235862731933594,5011200
2024-03-13,27.81999969482422,28.010000228881836,27.700000762939453,27.760000228881836,23.874645233154297,3862400
2024-03-14,27.799999237060547,27.889999389648438,27.399999618530273,27.5,23.651037216186523,5042100
2024-03-15,28.110000610351562,28.5,28.079999923706055,28.5,24.51107406616211,7000800
2024-03-18,28.790000915527344,28.829999923706055,28.420000076293945,28.479999542236328,24.493871688842773,5287900
2024-03-19,28.709999084472656,28.940000534057617,28.690000534057617,28.81999969482422,24.786285400390625,5662700
2024-03-20,28.84000015258789,29.3799991607666,28.809999465942383,29.360000610351562,25.250707626342773,5975500
2024-03-21,29.420000076293945,29.510000228881836,29.079999923706055,29.209999084472656,25.121700286865234,5183000
2024-03-22,29.209999084472656,29.239999771118164,29.079999923706055,29.18000030517578,25.095901489257812,3413900
2024-03-25,29.079999923706055,29.510000228881836,29.079999923706055,29.399999618530273,25.285106658935547,2745400
2024-03-26,28.850000381469727,28.950000762939453,28.559999465942383,28.700000762939453,24.683082580566406,4799200
2024-03-27,28.940000534057617,29.030000686645508,28.75,28.989999771118164,24.932491302490234,3411500
2024-03-28,28.649999618530273,28.760000228881836,28.290000915527344,28.299999237060547,24.339065551757812,6241200
2024-04-01,28.299999237060547,28.489999771118164,28.1200008392334,28.239999771118164,24.287464141845703,3151900
2024-04-02,27.709999084472656,27.719999313354492,27.360000610351562,27.510000228881836,23.659637451171875,8629400
2024-04-03,26.739999771118164,27.1200008392334,26.690000534057617,27.049999237060547,23.264019012451172,5298300
2024-04-04,27.209999084472656,27.3799991607666,26.56999969482422,26.579999923706055,22.85980224609375,5850700
2024-04-05,26.600000381469727,26.799999237060547,26.469999313354492,26.639999389648438,22.91140365600586,5278200
2024-04-08,26.969999313354492,27.1200008392334,26.8700008392334,26.920000076293945,23.1522159576416,2555100
2024-04-09,27.559999465942383,27.559999465942383,27.049999237060547,27.25,23.436025619506836,4456000
2024-04-10,27.0,27.170000076293945,26.790000915527344,26.950000762939453,23.178016662597656,4389400
2024-04-11,27.209999084472656,27.209999084472656,26.760000228881836,27.020000457763672,23.23822021484375,5881300
2024-04-12,26.25,26.25,25.770000457763672,25.940000534057617,22.309377670288086,6754300
2024-04-15,27.020000457763672,27.040000915527344,26.1200008392334,26.25,22.57598876953125,6527600
2024-04-16,25.780000686645508,26.040000915527344,25.579999923706055,25.799999237060547,22.18897247314453,4617600
2024-04-17,26.09000015258789,26.09000015258789,25.670000076293945,25.790000915527344,22.180374145507812,3462800
2024-04-18,25.790000915527344,25.969999313354492,25.6200008392334,25.75,22.145971298217773,6328100
2024-04-19,25.809999465942383,25.959999084472656,25.5,25.770000457763672,22.163171768188477,5980400
2024-04-22,24.600000381469727,24.65999984741211,24.360000610351562,24.579999923706055,22.587724685668945,7453700
2024-04-23,24.950000762939453,25.020000457763672,24.729999542236328,24.959999084472656,22.93692398071289,5395600
2024-04-24,24.950000762939453,25.0,24.709999084472656,24.860000610351562,22.84503173828125,5338200
2024-04-25,24.479999542236328,24.65999984741211,24.350000381469727,24.600000381469727,22.60610580444336,4610500
2024-04-26,24.709999084472656,24.969999313354492,24.559999465942383,24.739999771118164,22.734756469726562,4322900
2024-04-29,24.719999313354492,25.049999237060547,24.700000762939453,24.920000076293945,22.90016746520996,3936500
2024-04-30,22.81999969482422,23.030000686645508,22.059999465942383,22.299999237060547,20.492525100708008,13373400
2024-05-01,22.610000610351562,22.68000030517578,22.139999389648438,22.479999542236328,20.657936096191406,5640800
2024-05-02,21.559999465942383,21.709999084472656,21.280000686645508,21.549999237060547,19.803314208984375,14592600
2024-05-03,21.889999389648438,22.059999465942383,21.770000457763672,21.860000610351562,20.08819007873535,9286100
2024-05-06,21.770000457763672,21.950000762939453,21.709999084472656,21.940000534057617,20.161705017089844,5365400
2024-05-07,21.860000610351562,21.8799991607666,21.600000381469727,21.780000686645508,20.014673233032227,4493300
2024-05-08,21.209999084472656,21.479999542236328,21.1299991607666,21.440000534057617,19.702232360839844,10884400
2024-05-09,21.479999542236328,21.889999389648438,21.43000030517578,21.760000228881836,19.996294021606445,6564800
2024-05-10,21.860000610351562,21.940000534057617,21.68000030517578,21.899999618530273,20.12494659423828,4624400
2024-05-13,22.559999465942383,22.81999969482422,22.540000915527344,22.65999984741211,20.823347091674805,6453200
2024-05-14,23.170000076293945,23.3700008392334,23.1200008392334,23.31999969482422,21.429851531982422,7694400
2024-05-15,23.149999618530273,23.299999237060547,23.010000228881836,23.15999984741211,21.282819747924805,5853900
2024-05-16,22.959999084472656,23.09000015258789,22.81999969482422,22.829999923706055,20.979568481445312,4834000
2024-05-17,22.6200008392334,22.739999771118164,22.510000228881836,22.579999923706055,20.74983024597168,5033200
2024-05-20,22.530000686645508,22.549999237060547,22.31999969482422,22.34000015258789,20.52928352355957,4750000
2024-05-21,22.25,22.31999969482422,22.079999923706055,22.09000015258789,20.29954719543457,7365800
2024-05-22,22.049999237060547,22.190000534057617,21.989999771118164,22.100000381469727,20.30873680114746,5199400
2024-05-23,22.290000915527344,22.309999465942383,21.8700008392334,21.920000076293945,20.143325805664062,4944400
2024-05-24,22.149999618530273,22.3799991607666,22.079999923706055,22.309999465942383,20.5017147064209,8235600
2024-05-28,22.479999542236328,22.610000610351562,22.280000686645508,22.43000030517578,20.611989974975586,7525800
2024-05-29,21.920000076293945,22.170000076293945,21.799999237060547,21.81999969482422,20.051429748535156,6828400
2024-05-30,22.239999771118164,22.309999465942383,22.1200008392334,22.25,20.446578979492188,5355100
2024-05-31,22.139999389648438,22.299999237060547,21.860000610351562,22.270000457763672,20.46495819091797,6816400
2024-06-03,22.15999984741211,22.209999084472656,21.850000381469727,21.979999542236328,20.198461532592773,4608000
2024-06-04,21.809999465942383,21.860000610351562,21.610000610351562,21.709999084472656,19.950345993041992,3970900
2024-06-05,22.100000381469727,22.219999313354492,21.899999618530273,22.190000534057617,20.391441345214844,5556600
2024-06-06,22.010000228881836,22.170000076293945,21.969999313354492,21.969999313354492,20.189271926879883,3423500
2024-06-07,21.75,21.940000534057617,21.700000762939453,21.850000381469727,20.07900047302246,3978700
2024-06-10,21.639999389648438,21.850000381469727,21.579999923706055,21.81999969482422,20.051429748535156,4775200
2024-06-11,21.520000457763672,21.559999465942383,21.350000381469727,21.5,19.757368087768555,4760500
2024-06-12,21.8799991607666,21.959999084472656,21.719999313354492,21.729999542236328,19.968725204467773,5286200
2024-06-13,21.450000762939453,21.459999084472656,20.950000762939453,21.079999923706055,19.371410369873047,9211200
2024-06-14,20.200000762939453,20.299999237060547,19.989999771118164,20.209999084472656,18.571924209594727,11407900
2024-06-17,20.34000015258789,20.56999969482422,20.260000228881836,20.549999237060547,18.884366989135742,5535000
2024-06-18,20.440000534057617,20.56999969482422,20.360000610351562,20.399999618530273,18.746524810791016,4383900
2024-06-20,20.440000534057617,20.56999969482422,20.34000015258789,20.489999771118164,18.82923126220703,6481700
2024-06-21,20.399999618530273,20.549999237060547,20.309999465942383,20.5,18.838420867919922,3822200
2024-06-24,20.809999465942383,20.959999084472656,20.68000030517578,20.700000762939453,19.0222110748291,5100700
2024-06-25,20.709999084472656,20.770000457763672,20.56999969482422,20.59000015258789,18.921125411987305,5837400
2024-06-26,20.520000457763672,20.75,20.489999771118164,20.729999542236328,19.04977798461914,6272300
2024-06-27,19.979999542236328,20.1299991607666,19.760000228881836,19.770000457763672,18.16758918762207,8013100
2024-06-28,19.6299991607666,19.8799991607666,19.59000015258789,19.850000381469727,18.241104125976562,8359800
2024-07-01,20.15999984741211,20.18000030517578,19.920000076293945,19.940000534057617,18.323810577392578,5936200
2024-07-02,19.469999313354492,19.700000762939453,19.43000030517578,19.65999984741211,18.066505432128906,6578600
2024-07-03,19.729999542236328,19.920000076293945,19.729999542236328,19.8700008392334,18.259485244750977,5132500
2024-07-05,19.809999465942383,19.850000381469727,19.469999313354492,19.559999465942383,17.974609375,6642500
2024-07-08,19.639999389648438,19.649999618530273,19.399999618530273,19.479999542236328,17.901094436645508,6869900
2024-07-09,19.459999084472656,19.6299991607666,19.43000030517578,19.450000762939453,17.873525619506836,5717700
2024-07-10,19.799999237060547,20.100000381469727,19.790000915527344,20.100000381469727,18.470842361450195,4900800
2024-07-11,20.139999389648438,20.309999465942383,20.09000015258789,20.260000228881836,18.617874145507812,8472200
2024-07-12,20.290000915527344,20.420000076293945,20.25,20.309999465942383,18.663820266723633,5323400
2024-07-15,20.290000915527344,20.40999984741211,20.219999313354492,20.229999542236328,18.590303421020508,4467100
2024-07-16,20.049999237060547,20.219999313354492,19.979999542236328,20.209999084472656,18.571924209594727,5703400
2024-07-17,20.149999618530273,20.43000030517578,20.100000381469727,20.34000015258789,18.691389083862305,7044300
2024-07-18,21.0,21.049999237060547,20.459999084472656,20.520000457763672,18.856800079345703,6327600
2024-07-19,20.229999542236328,20.329999923706055,20.09000015258789,20.209999084472656,18.571924209594727,7659800
2024-07-22,20.450000762939453,20.719999313354492,20.290000915527344,20.709999084472656,19.03139877319336,6611500
2024-07-23,20.25,20.290000915527344,19.799999237060547,20.100000381469727,18.470842361450195,9692700
2024-07-24,19.809999465942383,19.90999984741211,19.549999237060547,19.600000381469727,18.011367797851562,9057300
2024-07-25,17.969999313354492,18.31999969482422,17.670000076293945,18.09000015258789,16.62375831604004,16457100
2024-07-26,17.6299991607666,17.739999771118164,17.420000076293945,17.65999984741211,16.228609085083008,12017100
2024-07-29,16.8799991607666,17.010000228881836,16.709999084472656,16.989999771118164,15.6129150390625,13861800
2024-07-30,16.969999313354492,17.020000457763672,16.639999389648438,16.75,15.39236831665039,9554900
2024-07-31,16.6200008392334,16.889999389648438,16.56999969482422,16.690000534057617,15.337231636047363,9700100
2024-08-01,16.6200008392334,16.729999542236328,16.219999313354492,16.31999969482422,14.997220039367676,9718400
2024-08-02,16.09000015258789,16.200000762939453,15.819999694824219,16.1299991607666,14.822619438171387,11846100
2024-08-05,15.529999732971191,15.869999885559082,15.510000228881836,15.739999771118164,14.46423053741455,11632900
2024-08-06,15.350000381469727,15.6899995803833,15.289999961853027,15.569999694824219,14.30801010131836,8691300
2024-08-07,15.720000267028809,15.779999732971191,15.319999694824219,15.390000343322754,14.142600059509277,10214200
2024-08-08,15.449999809265137,15.609999656677246,15.380000114440918,15.520000457763672,14.262063026428223,9259400
2024-08-09,15.329999923706055,15.430000305175781,15.279999732971191,15.3100004196167,14.069084167480469,9604800
2024-08-12,15.399999618530273,15.399999618530273,15.1899995803833,15.1899995803833,13.958809852600098,6479400
2024-08-13,15.170000076293945,15.460000038146973,15.119999885559082,15.420000076293945,14.170167922973633,9174500
2024-08-14,15.680000305175781,15.710000038146973,15.529999732971191,15.569999694824219,14.30801010131836,5834000
2024-08-15,15.869999885559082,15.930000305175781,15.8100004196167,15.84000015258789,14.55612564086914,5028900
2024-08-16,15.8100004196167,15.90999984741211,15.779999732971191,15.890000343322754,14.602073669433594,5004400
2024-08-19,16.219999313354492,16.389999389648438,16.219999313354492,16.290000915527344,14.969653129577637,6491000
2024-08-20,16.3799991607666,16.5,16.290000915527344,16.299999237060547,14.978840827941895,5704900
2024-08-21,16.579999923706055,16.59000015258789,16.479999542236328,16.559999465942383,15.217767715454102,6150000
2024-08-22,16.5,16.510000228881836,16.280000686645508,16.299999237060547,14.978840827941895,5306800
2024-08-23,16.549999237060547,16.809999465942383,16.530000686645508,16.799999237060547,15.438314437866211,6475500
2024-08-26,16.75,16.780000686645508,16.6299991607666,16.649999618530273,15.3004732131958,4261600
2024-08-27,16.920000076293945,16.920000076293945,16.729999542236328,16.780000686645508,15.419937133789062,5036900
2024-08-28,16.65999984741211,16.729999542236328,16.600000381469727,16.700000762939453,15.346421241760254,3945300
2024-08-29,16.739999771118164,16.90999984741211,16.670000076293945,16.739999771118164,15.3831787109375,4874600
2024-08-30,16.739999771118164,16.790000915527344,16.610000610351562,16.780000686645508,15.419937133789062,6507200
2024-09-03,16.350000381469727,16.3799991607666,15.850000381469727,15.90999984741211,14.620451927185059,8913500
2024-09-04,15.930000305175781,16.1299991607666,15.930000305175781,16.079999923706055,14.776673316955566,4952300
2024-09-05,16.09000015258789,16.110000610351562,15.800000190734863,15.829999923706055,14.54693603515625,7340700
2024-09-06,15.829999923706055,15.920000076293945,15.5,15.5,14.243683815002441,6651500
2024-09-09,15.479999542236328,15.649999618530273,15.460000038146973,15.550000190734863,14.289630889892578,5468200
2024-09-10,15.109999656677246,15.170000076293945,14.90999984741211,15.140000343322754,13.912862777709961,16087600
2024-09-11,15.079999923706055,15.229999542236328,14.869999885559082,15.210000038146973,13.977189064025879,8636500
2024-09-12,14.899999618530273,15.039999961853027,14.760000228881836,15.0,13.784210205078125,11287300
2024-09-13,15.020000457763672,15.239999771118164,15.010000228881836,15.069999694824219,13.848536491394043,13101900
2024-09-16,15.119999885559082,15.220000267028809,15.029999732971191,15.1899995803833,13.958809852600098,10700600
2024-09-17,15.25,15.329999923706055,15.050000190734863,15.100000381469727,13.876105308532715,11883400
2024-09-18,15.289999961853027,15.5,15.140000343322754,15.199999809265137,13.967999458312988,8489600
2024-09-19,15.600000381469727,15.649999618530273,15.380000114440918,15.420000076293945,14.170167922973633,8234500
2024-09-20,15.199999809265137,15.239999771118164,14.989999771118164,15.0,13.784210205078125,10152500
2024-09-23,15.15999984741211,15.59000015258789,15.119999885559082,15.449999809265137,14.197735786437988,14950900
2024-09-24,15.539999961853027,15.770000457763672,15.489999771118164,15.5600004196167,14.298821449279785,13345600
2024-09-25,15.510000228881836,15.520000457763672,15.239999771118164,15.25,14.013946533203125,8291100
2024-09-26,15.619999885559082,15.75,15.579999923706055,15.640000343322754,14.372336387634277,5850100
2024-09-27,16.209999084472656,16.290000915527344,16.049999237060547,16.059999465942383,14.758294105529785,7646300
2024-09-30,14.020000457763672,14.109999656677246,13.760000228881836,14.050000190734863,12.911210060119629,33500100
2024-10-01,13.899999618530273,13.920000076293945,13.6899995803833,13.710000038146973,12.59876823425293,13124200
2024-10-02,13.779999732971191,13.850000381469727,13.609999656677246,13.630000114440918,12.525252342224121,8532200
2024-10-03,13.020000457763672,13.220000267028809,12.979999542236328,13.079999923706055,12.019830703735352,10279200
2024-10-04,13.390000343322754,13.470000267028809,13.210000038146973,13.319999694824219,12.240378379821777,11240100
2024-10-07,13.260000228881836,13.4399995803833,13.25,13.350000381469727,12.26794719696045,6460000
2024-10-08,13.319999694824219,13.319999694824219,13.109999656677246,13.15999984741211,12.09334659576416,7154400
2024-10-09,13.260000228881836,13.579999923706055,13.220000267028809,13.399999618530273,12.313894271850586,9079000
2024-10-10,13.34000015258789,13.369999885559082,13.229999542236328,13.300000190734863,12.222000122070312,5539400
2024-10-11,12.779999732971191,13.029999732971191,12.739999771118164,13.010000228881836,11.95550537109375,14645700
2024-10-14,13.0600004196167,13.25,13.020000457763672,13.239999771118164,12.166862487792969,5936100
2024-10-15,13.0,13.109999656677246,12.890000343322754,12.90999984741211,11.86361026763916,7912900
2024-10-16,12.979999542236328,13.109999656677246,12.979999542236328,13.029999732971191,11.973883628845215,6406300
2024-10-17,13.039999961853027,13.050000190734863,12.890000343322754,13.0,11.94631576538086,6540200
2024-10-18,13.25,13.300000190734863,13.170000076293945,13.279999732971191,12.203619956970215,5519600
2024-10-21,13.050000190734863,13.09000015258789,12.890000343322754,12.90999984741211,11.86361026763916,5511800
2024-10-22,12.920000076293945,13.140000343322754,12.880000114440918,13.119999885559082,12.056589126586914,6980400
2024-10-23,13.25,13.399999618530273,13.210000038146973,13.3100004196167,12.231189727783203,9366700
2024-10-24,13.729999542236328,13.789999961853027,13.550000190734863,13.640000343322754,12.534441947937012,9321200
2024-10-25,13.6899995803833,13.779999732971191,13.600000381469727,13.640000343322754,12.534441947937012,5207600
2024-10-28,13.529999732971191,13.779999732971191,13.520000457763672,13.75,12.635525703430176,5904000
2024-10-29,13.5,13.5,13.300000190734863,13.34000015258789,12.258757591247559,7053800
2024-10-30,13.020000457763672,13.300000190734863,12.979999542236328,13.229999542236328,12.157672882080078,5413700
2024-10-31,13.699999809265137,13.789999961853027,13.529999732971191,13.619999885559082,12.51606273651123,7389600
2024-11-01,13.770000457763672,13.84000015258789,13.630000114440918,13.699999809265137,12.589578628540039,7359400
2024-11-04,13.800000190734863,13.880000114440918,13.65999984741211,13.6899995803833,12.580389022827148,6346400
2024-11-05,13.579999923706055,13.819999694824219,13.550000190734863,13.8100004196167,12.69066333770752,5590600
2024-11-06,13.670000076293945,13.930000305175781,13.4399995803833,13.869999885559082,12.74579906463623,24313800
2024-11-07,14.1899995803833,14.229999542236328,13.960000038146973,13.989999771118164,12.856073379516602,6819700
2024-11-08,13.4399995803833,13.460000038146973,13.270000457763672,13.399999618530273,12.313894271850586,8197900
2024-11-11,13.5600004196167,13.670000076293945,13.529999732971191,13.59000015258789,12.488494873046875,7181500
2024-11-12,13.34000015258789,13.399999618530273,13.210000038146973,13.300000190734863,12.222000122070312,5832100
2024-11-13,13.09000015258789,13.180000305175781,13.020000457763672,13.119999885559082,12.056589126586914,6821700
2024-11-14,13.449999809265137,13.609999656677246,13.34000015258789,13.369999885559082,12.286325454711914,9046600
2024-11-15,13.390000343322754,13.470000267028809,13.319999694824219,13.34000015258789,12.258757591247559,5883400
2024-11-18,13.25,13.4399995803833,13.239999771118164,13.390000343322754,12.304705619812012,4524100
2024-11-19,12.90999984741211,13.170000076293945,12.829999923706055,13.050000190734863,11.992262840270996,8858100
2024-11-20,12.90999984741211,12.930000305175781,12.789999961853027,12.850000381469727,11.808473587036133,7115000
2024-11-21,12.680000305175781,12.90999984741211,12.680000305175781,12.850000381469727,11.808473587036133,7018200
2024-11-22,12.729999542236328,13.170000076293945,12.729999542236328,13.050000190734863,11.992262840270996,12220800
2024-11-25,13.3100004196167,13.550000190734863,13.300000190734863,13.369999885559082,12.286325454711914,10557900
2024-11-26,12.930000305175781,12.9399995803833,12.579999923706055,12.609999656677246,11.587925910949707,14663200
2024-11-27,12.630000114440918,12.84000015258789,12.630000114440918,12.789999961853027,11.753336906433105,6365600
2024-11-29,13.0,13.229999542236328,12.989999771118164,13.199999809265137,12.130105018615723,4756200
2024-12-02,12.270000457763672,12.390000343322754,12.119999885559082,12.369999885559082,11.367378234863281,23214500
2024-12-03,12.59000015258789,12.630000114440918,12.510000228881836,12.510000228881836,11.496031761169434,12518600
2024-12-04,12.84000015258789,12.84000015258789,12.640000343322754,12.729999542236328,11.698199272155762,8226200
2024-12-05,13.289999961853027,13.390000343322754,13.1899995803833,13.239999771118164,12.166862487792969,11732400
2024-12-06,13.6899995803833,13.710000038146973,13.449999809265137,13.649999618530273,12.543630599975586,17147300
2024-12-09,13.920000076293945,14.079999923706055,13.699999809265137,13.729999542236328,12.617146492004395,10853300
2024-12-10,13.9399995803833,13.979999542236328,13.770000457763672,13.890000343322754,12.764179229736328,12271800
2024-12-11,13.920000076293945,13.930000305175781,13.739999771118164,13.829999923706055,12.709041595458984,8752900
2024-12-12,13.84000015258789,13.960000038146973,13.710000038146973,13.710000038146973,12.59876823425293,5588900
2024-12-13,13.989999771118164,14.0,13.850000381469727,13.949999809265137,12.819314956665039,9559800
2024-12-16,13.359999656677246,13.430000305175781,13.149999618530273,13.180000305175781,12.111725807189941,13863800
2024-12-17,13.399999618530273,13.489999771118164,13.3100004196167,13.350000381469727,12.26794719696045,10274000
2024-12-18,13.300000190734863,13.430000305175781,12.779999732971191,12.8100004196167,11.771716117858887,8628800
2024-12-19,13.029999732971191,13.069999694824219,12.800000190734863,12.84000015258789,11.799283981323242,6671400
2024-12-20,12.699999809265137,12.979999542236328,12.680000305175781,12.890000343322754,11.845231056213379,6840600
2024-12-23,12.729999542236328,12.920000076293945,12.720000267028809,12.90999984741211,11.86361026763916,5567500
2024-12-24,12.90999984741211,13.069999694824219,12.890000343322754,13.069999694824219,12.010641098022461,1991100
2024-12-26,13.0,13.140000343322754,12.970000267028809,13.020000457763672,11.96469497680664,4528900
2024-12-27,13.039999961853027,13.170000076293945,13.020000457763672,13.069999694824219,12.010641098022461,5267900
2024-12-30,13.109999656677246,13.130000114440918,12.979999542236328,13.039999961853027,11.983073234558105,8086800
2024-12-31,13.109999656677246,13.239999771118164,13.020000457763672,13.050000190734863,11.992262840270996,6214500
2025-01-02,12.960000038146973,13.020000457763672,12.760000228881836,12.779999732971191,11.744146347045898,8667000
2025-01-03,12.489999771118164,12.59000015258789,12.40999984741211,12.529999732971191,11.514410018920898,8469800
2025-01-06,13.079999923706055,13.229999542236328,12.970000267028809,13.0,11.94631576538086,12111700
2025-01-07,13.270000457763672,13.350000381469727,13.100000381469727,13.109999656677246,12.047399520874023,8232200
2025-01-08,12.84000015258789,12.850000381469727,12.720000267028809,12.770000457763672,11.734957695007324,9259100
2025-01-10,12.739999771118164,12.75,12.510000228881836,12.529999732971191,11.514410018920898,6398800
2025-01-13,12.279999732971191,12.359999656677246,12.220000267028809,12.329999923706055,11.330620765686035,7318600
2025-01-14,12.520000457763672,12.5600004196167,12.390000343322754,12.449999809265137,11.44089412689209,11672800
2025-01-15,12.699999809265137,12.8100004196167,12.640000343322754,12.75,11.716578483581543,6857200
2025-01-16,12.739999771118164,12.739999771118164,12.489999771118164,12.5600004196167,11.54197883605957,7835300
2025-01-17,13.010000228881836,13.130000114440918,12.819999694824219,12.880000114440918,11.836041450500488,9025900
2025-01-21,13.1899995803833,13.239999771118164,13.100000381469727,13.220000267028809,12.148484230041504,6044800
2025-01-22,13.199999809265137,13.220000267028809,13.109999656677246,13.109999656677246,12.047399520874023,8184600
2025-01-23,13.1899995803833,13.25,13.130000114440918,13.239999771118164,12.166862487792969,6958900
2025-01-24,13.470000267028809,13.5,13.369999885559082,13.40999984741211,12.323083877563477,8346000
2025-01-27,13.529999732971191,13.670000076293945,13.529999732971191,13.65999984741211,12.552820205688477,8846500
2025-01-28,13.579999923706055,13.579999923706055,13.1899995803833,13.350000381469727,12.26794719696045,15083200
2025-01-29,13.350000381469727,13.4399995803833,13.300000190734863,13.359999656677246,12.277135848999023,7545900
2025-01-30,13.649999618530273,13.710000038146973,13.34000015258789,13.520000457763672,12.424168586730957,9740100
2025-01-31,13.369999885559082,13.649999618530273,12.989999771118164,13.130000114440918,12.065778732299805,16066000
2025-02-03,12.520000457763672,12.869999885559082,12.390000343322754,12.619999885559082,11.597115516662598,18099400
2025-02-04,12.949999809265137,13.149999618530273,12.930000305175781,13.140000343322754,12.074968338012695,9284000
2025-02-05,13.010000228881836,13.079999923706055,12.930000305175781,12.930000305175781,11.881989479064941,8996900
2025-02-06,13.149999618530273,13.149999618530273,12.920000076293945,12.9399995803833,11.891178131103516,12975800
2025-02-07,13.069999694824219,13.130000114440918,12.829999923706055,12.9399995803833,11.891178131103516,12958300
2025-02-10,12.979999542236328,13.050000190734863,12.920000076293945,12.970000267028809,11.918746948242188,5558700
2025-02-11,13.069999694824219,13.15999984741211,13.029999732971191,13.09000015258789,12.029021263122559,7787000
2025-02-12,13.100000381469727,13.34000015258789,13.069999694824219,13.289999961853027,12.212810516357422,14089300
2025-02-13,13.710000038146973,13.90999984741211,13.0600004196167,13.529999732971191,12.433357238769531,24495700
2025-02-14,14.029999732971191,14.1899995803833,13.979999542236328,14.050000190734863,12.911210060119629,12555300
2025-02-18,14.180000305175781,14.220000267028809,14.100000381469727,14.210000038146973,13.058241844177246,7417800
2025-02-19,13.989999771118164,14.029999732971191,13.84000015258789,13.90999984741211,12.782557487487793,8701600
2025-02-20,13.960000038146973,14.119999885559082,13.869999885559082,14.109999656677246,12.966346740722656,6728800
2025-02-21,14.220000267028809,14.229999542236328,13.899999618530273,13.9399995803833,12.810125350952148,8185500
2025-02-24,14.039999961853027,14.15999984741211,13.920000076293945,13.970000267028809,12.83769416809082,11899700
2025-02-25,14.25,14.279999732971191,13.899999618530273,14.029999732971191,12.892830848693848,15918600
2025-02-26,13.380000114440918,13.600000381469727,13.180000305175781,13.289999961853027,12.212810516357422,24085400
2025-02-27,12.800000190734863,12.829999923706055,12.5600004196167,12.5600004196167,11.54197883605957,16523400
2025-02-28,12.8100004196167,12.960000038146973,12.59000015258789,12.720000267028809,11.689010620117188,21867100
2025-03-03,13.039999961853027,13.140000343322754,12.220000267028809,12.34000015258789,11.339810371398926,24619200
2025-03-04,11.880000114440918,11.989999771118164,11.399999618530273,11.800000190734863,10.843578338623047,33070900
2025-03-05,12.579999923706055,13.0,12.470000267028809,12.890000343322754,11.845231056213379,25205100
2025-03-06,12.670000076293945,12.930000305175781,12.579999923706055,12.75,11.716578483581543,22798700
2025-03-07,12.470000267028809,12.859999656677246,12.4399995803833,12.729999542236328,11.698199272155762,19774700
2025-03-10,12.899999618530273,13.09000015258789,12.65999984741211,12.869999885559082,11.826851844787598,25405200
2025-03-11,12.819999694824219,12.84000015258789,12.199999809265137,12.479999542236328,11.468461990356445,27469900
2025-03-12,12.25,12.369999885559082,12.100000381469727,12.319999694824219,11.321431159973145,19176200
2025-03-13,11.989999771118164,12.050000190734863,11.819999694824219,11.829999923706055,10.871147155761719,19391800
2025-03-14,12.100000381469727,12.399999618530273,12.029999732971191,12.380000114440918,11.376567840576172,11070400
2025-03-17,12.4399995803833,12.600000381469727,12.40999984741211,12.569999694824219,11.551167488098145,12009200
2025-03-18,12.680000305175781,12.739999771118164,12.59000015258789,12.630000114440918,11.606305122375488,14938900
2025-03-19,12.539999961853027,12.75,12.510000228881836,12.670000076293945,11.643062591552734,6514800
2025-03-20,12.109999656677246,12.270000457763672,12.069999694824219,12.170000076293945,11.183588981628418,25832800
2025-03-21,11.949999809265137,12.119999885559082,11.9399995803833,12.069999694824219,11.091693878173828,14538400
2025-03-24,12.109999656677246,12.319999694824219,12.109999656677246,12.279999732971191,11.284672737121582,12709800
2025-03-25,12.40999984741211,12.420000076293945,12.260000228881836,12.399999618530273,11.394947052001953,11601600
2025-03-26,12.300000190734863,12.510000228881836,11.890000343322754,11.960000038146973,10.990610122680664,30806600
2025-03-27,11.680000305175781,11.90999984741211,11.460000038146973,11.8100004196167,10.852768898010254,37994000
2025-03-28,11.649999618530273,11.6899995803833,11.289999961853027,11.329999923706055,10.411673545837402,15818100
2025-03-31,11.079999923706055,11.279999732971191,11.020000457763672,11.210000038146973,10.301399230957031,19999800
2025-04-01,11.130000114440918,11.199999809265137,10.949999809265137,11.09000015258789,10.191125869750977,16400300
2025-04-02,10.949999809265137,11.279999732971191,10.930000305175781,11.270000457763672,10.356536865234375,16806200
2025-04-03,10.930000305175781,10.9399995803833,10.15999984741211,10.210000038146973,9.382452011108398,31988000
2025-04-04,9.670000076293945,9.899999618530273,9.359999656677246,9.720000267028809,8.932168006896973,32363300
2025-04-07,8.920000076293945,9.770000457763672,8.84000015258789,9.260000228881836,8.509452819824219,32821500
2025-04-08,9.15999984741211,9.229999542236328,8.390000343322754,8.529999732971191,7.838620662689209,30846600
2025-04-09,8.680000305175781,10.130000114440918,8.550000190734863,10.119999885559082,9.2997465133667,51190500
2025-04-10,9.229999542236328,9.369999885559082,8.699999809265137,8.90999984741211,8.187820434570312,36101000
2025-04-11,8.630000114440918,8.90999984741211,8.579999923706055,8.869999885559082,8.151062965393066,21461800
2025-04-14,8.960000038146973,9.479999542236328,8.720000267028809,9.369999885559082,8.610536575317383,45521500
2025-04-15,9.369999885559082,9.539999961853027,9.270000457763672,9.359999656677246,8.601346969604492,29954500
2025-04-16,9.15999984741211,9.359999656677246,9.119999885559082,9.229999542236328,8.48188304901123,16442300
2025-04-17,9.350000381469727,9.520000457763672,9.260000228881836,9.430000305175781,8.66567325592041,18249100
2025-04-21,9.430000305175781,9.460000038146973,9.0600004196167,9.260000228881836,8.509452819824219,17602800
2025-04-22,9.34000015258789,9.569999694824219,9.3100004196167,9.5,8.729999542236328,23625800
2025-04-23,9.140000343322754,9.25,8.890000343322754,8.9399995803833,8.9399995803833,18614300
2025-04-24,9.140000343322754,9.34000015258789,9.100000381469727,9.329999923706055,9.329999923706055,11394200
2025-04-25,9.25,9.430000305175781,9.210000038146973,9.420000076293945,9.420000076293945,6554900
2025-04-28,9.4399995803833,9.529999732971191,9.3100004196167,9.359999656677246,9.359999656677246,10522100
2025-04-29,9.430000305175781,9.789999961853027,9.369999885559082,9.59000015258789,9.59000015258789,18464100
2025-04-30,9.289999961853027,9.319999694824219,9.170000076293945,9.279999732971191,9.279999732971191,14367000
2025-05-01,9.460000038146973,9.630000114440918,9.430000305175781,9.460000038146973,9.460000038146973,11581800
2025-05-02,9.5,9.600000381469727,9.369999885559082,9.59000015258789,9.59000015258789,15780100
2025-05-05,9.59000015258789,9.59000015258789,9.4399995803833,9.449999809265137,9.449999809265137,7740600
2025-05-06,9.380000114440918,9.479999542236328,9.34000015258789,9.380000114440918,9.380000114440918,11635100
2025-05-07,9.460000038146973,9.460000038146973,9.319999694824219,9.4399995803833,9.4399995803833,9315100
2025-05-08,9.619999885559082,9.949999809265137,9.600000381469727,9.880000114440918,9.880000114440918,12555700
2025-05-09,9.84000015258789,9.970000267028809,9.729999542236328,9.829999923706055,9.829999923706055,17687400
2025-05-12,10.630000114440918,10.699999809265137,10.3100004196167,10.470000267028809,10.470000267028809,19298800
2025-05-13,10.6899995803833,10.989999771118164,10.670000076293945,10.960000038146973,10.960000038146973,17602000
2025-05-14,10.850000381469727,10.930000305175781,10.789999961853027,10.829999923706055,10.829999923706055,9791200
2025-05-15,10.75,10.760000228881836,10.630000114440918,10.699999809265137,10.699999809265137,9410600
2025-05-16,10.729999542236328,10.770000457763672,10.619999885559082,10.75,10.75,7690600
2025-05-19,10.65999984741211,10.739999771118164,10.609999656677246,10.670000076293945,10.670000076293945,10630000
2025-05-20,10.75,10.859999656677246,10.720000267028809,10.75,10.75,8429700
2025-05-21,10.710000038146973,10.8100004196167,10.529999732971191,10.569999694824219,10.569999694824219,10676500
2025-05-22,10.380000114440918,10.430000305175781,10.279999732971191,10.350000381469727,10.350000381469727,10328900
2025-05-23,9.930000305175781,10.020000457763672,9.890000343322754,9.890000343322754,9.890000343322754,15791400
2025-05-27,10.569999694824219,10.569999694824219,10.40999984741211,10.479999542236328,10.479999542236328,12369800
2025-05-28,10.479999542236328,10.489999771118164,10.149999618530273,10.149999618530273,10.149999618530273,15364400
2025-05-29,10.399999618530273,10.399999618530273,10.210000038146973,10.3100004196167,10.3100004196167,10089900
2025-05-30,10.170000076293945,10.25,10.0600004196167,10.140000343322754,10.140000343322754,15337900
2025-06-02,9.829999923706055,9.850000381469727,9.729999542236328,9.779999732971191,9.779999732971191,15192600
2025-06-03,9.699999809265137,9.989999771118164,9.649999618530273,9.899999618530273,9.899999618530273,9932700
2025-06-04,9.880000114440918,9.960000038146973,9.819999694824219,9.90999984741211,9.90999984741211,11236600
2025-06-05,9.819999694824219,9.869999885559082,9.630000114440918,9.680000305175781,9.680000305175781,14085400
2025-06-06,9.779999732971191,9.9399995803833,9.770000457763672,9.869999885559082,9.869999885559082,10853500
2025-06-09,9.920000076293945,10.020000457763672,9.90999984741211,9.960000038146973,9.960000038146973,8817100
2025-06-10,10.210000038146973,10.5,10.130000114440918,10.430000305175781,10.430000305175781,22183000
2025-06-11,10.4399995803833,10.489999771118164,10.289999961853027,10.3100004196167,10.3100004196167,14675600
2025-06-12,10.130000114440918,10.25,10.050000190734863,10.119999885559082,10.119999885559082,14697100
2025-06-13,9.8100004196167,9.869999885559082,9.649999618530273,9.699999809265137,9.699999809265137,21782700
2025-06-16,9.90999984741211,10.010000228881836,9.850000381469727,9.869999885559082,9.869999885559082,17945100
2025-06-17,9.899999618530273,9.920000076293945,9.550000190734863,9.579999923706055,9.579999923706055,14203300
2025-06-18,9.529999732971191,9.640000343322754,9.489999771118164,9.550000190734863,9.550000190734863,9307200
2025-06-20,9.550000190734863,9.59000015258789,9.399999618530273,9.40999984741211,9.40999984741211,14728200
2025-06-23,9.199999809265137,9.359999656677246,9.119999885559082,9.359999656677246,9.359999656677246,15879800
2025-06-24,9.520000457763672,9.630000114440918,9.470000267028809,9.59000015258789,9.59000015258789,11042000
2025-06-25,10.039999961853027,10.050000190734863,9.800000190734863,9.859999656677246,9.859999656677246,27760200
2025-06-26,9.789999961853027,9.9399995803833,9.729999542236328,9.930000305175781,9.930000305175781,11252900
2025-06-27,10.0600004196167,10.390000343322754,10.050000190734863,10.1899995803833,10.1899995803833,31049200
2025-06-30,10.100000381469727,10.119999885559082,9.970000267028809,10.029999732971191,10.029999732971191,15856100
2025-07-01,9.869999885559082,10.420000076293945,9.8100004196167,10.220000267028809,10.220000267028809,35637900
2025-07-02,10.199999809265137,10.34000015258789,10.119999885559082,10.329999923706055,10.329999923706055,23580500
2025-07-03,10.329999923706055,10.460000038146973,10.239999771118164,10.3100004196167,10.3100004196167,28350700
2025-07-07,9.90999984741211,10.069999694824219,9.720000267028809,9.800000190734863,9.800000190734863,31163800
2025-07-08,9.869999885559082,10.1899995803833,9.859999656677246,10.109999656677246,10.109999656677246,38377100
2025-07-09,10.25,10.289999961853027,10.109999656677246,10.279999732971191,10.279999732971191,22738500
2025-07-10,10.380000114440918,10.539999961853027,10.319999694824219,10.369999885559082,10.369999885559082,28844700
2025-07-11,10.0600004196167,10.119999885559082,9.949999809265137,10.069999694824219,10.069999694824219,27162300
2025-07-14,9.979999542236328,10.020000457763672,9.819999694824219,9.869999885559082,9.869999885559082,29224500
2025-07-15,10.039999961853027,10.050000190734863,9.470000267028809,9.489999771118164,9.489999771118164,43600000
2025-07-16,9.479999542236328,9.479999542236328,9.3100004196167,9.420000076293945,9.420000076293945,31175700
2025-07-17,9.4399995803833,9.550000190734863,9.380000114440918,9.40999984741211,9.40999984741211,21890800
2025-07-18,9.329999923706055,9.350000381469727,9.170000076293945,9.199999809265137,9.199999809265137,21216600
2025-07-21,9.100000381469727,9.479999542236328,9.029999732971191,9.260000228881836,9.260000228881836,42201000
2025-07-22,9.1899995803833,9.350000381469727,9.140000343322754,9.270000457763672,9.270000457763672,24564500
2025-07-23,9.869999885559082,10.390000343322754,9.760000228881836,10.34000015258789,10.34000015258789,56235300
2025-07-24,9.760000228881836,9.90999984741211,9.579999923706055,9.579999923706055,9.579999923706055,30771100
2025-07-25,9.859999656677246,10.140000343322754,9.779999732971191,10.130000114440918,10.130000114440918,22608200
2025-07-28,9.720000267028809,9.770000457763672,9.550000190734863,9.699999809265137,9.699999809265137,41729600
2025-07-29,9.600000381469727,9.890000343322754,9.4399995803833,9.59000015258789,9.59000015258789,32850700
2025-07-30,9.399999618530273,9.399999618530273,8.930000305175781,9.010000228881836,9.010000228881836,22840600
2025-07-31,8.920000076293945,9.069999694824219,8.819999694824219,8.890000343322754,8.890000343322754,28149800
2025-08-01,8.890000343322754,8.899999618530273,8.6899995803833,8.789999961853027,8.789999961853027,14703100
2025-08-04,8.800000190734863,8.819999694824219,8.710000038146973,8.739999771118164,8.739999771118164,11870100
2025-08-05,8.770000457763672,8.84000015258789,8.65999984741211,8.819999694824219,8.819999694824219,9975900
2025-08-06,8.90999984741211,8.989999771118164,8.869999885559082,8.960000038146973,8.960000038146973,12456000
2025-08-07,9.119999885559082,9.300000190734863,9.100000381469727,9.220000267028809,9.220000267028809,20429700
2025-08-08,9.319999694824219,9.479999542236328,9.279999732971191,9.430000305175781,9.430000305175781,12909100
2025-08-11,9.420000076293945,9.520000457763672,9.289999961853027,9.350000381469727,9.350000381469727,10153800
2025-08-12,9.4399995803833,9.699999809265137,9.430000305175781,9.630000114440918,9.630000114440918,12666100
2025-08-13,9.569999694824219,9.75,9.539999961853027,9.739999771118164,9.739999771118164,14420200
2025-08-14,9.6899995803833,9.739999771118164,9.619999885559082,9.739999771118164,9.739999771118164,12587700
2025-08-15,9.850000381469727,9.90999984741211,9.789999961853027,9.789999961853027,9.789999961853027,8955600
2025-08-18,9.619999885559082,9.739999771118164,9.59000015258789,9.680000305175781,9.680000305175781,8522600
2025-08-19,9.899999618530273,10.039999961853027,9.869999885559082,9.9399995803833,9.9399995803833,12018800
2025-08-20,9.850000381469727,9.949999809265137,9.760000228881836,9.770000457763672,9.770000457763672,8289400
2025-08-21,9.680000305175781,9.6899995803833,9.569999694824219,9.640000343322754,9.640000343322754,7772100
2025-08-22,9.729999542236328,10.1899995803833,9.720000267028809,10.130000114440918,10.130000114440918,16261300
2025-08-25,10.050000190734863,10.100000381469727,9.920000076293945,9.930000305175781,9.930000305175781,10704700
2025-08-26,9.899999618530273,10.010000228881836,9.789999961853027,9.829999923706055,9.829999923706055,8807700
2025-08-27,9.609999656677246,9.739999771118164,9.449999809265137,9.520000457763672,9.520000457763672,13222700
2025-08-28,9.779999732971191,9.789999961853027,9.550000190734863,9.640000343322754,9.640000343322754,10597800
2025-08-29,9.5600004196167,9.699999809265137,9.5600004196167,9.630000114440918,9.630000114440918,8431500
2025-09-02,9.430000305175781,9.510000228881836,9.34000015258789,9.40999984741211,9.40999984741211,11864200
2025-09-03,9.300000190734863,9.350000381469727,9.09000015258789,9.140000343322754,9.140000343322754,12135900
2025-09-04,8.970000267028809,9.09000015258789,8.9399995803833,9.079999923706055,9.079999923706055,16373400
2025-09-05,9.130000114440918,9.380000114440918,9.050000190734863,9.079999923706055,9.079999923706055,11701100
2025-09-08,9.0,9.010000228881836,8.800000190734863,8.960000038146973,8.960000038146973,13996900
2025-09-09,9.0,9.109999656677246,8.890000343322754,8.920000076293945,8.920000076293945,9202900
2025-09-10,8.8100004196167,8.819999694824219,8.6899995803833,8.75,8.75,11974700
2025-09-11,9.020000457763672,9.579999923706055,8.989999771118164,9.569999694824219,9.569999694824219,27745200
2025-09-12,9.390000343322754,9.4399995803833,9.270000457763672,9.319999694824219,9.319999694824219,11962100
2025-09-15,9.520000457763672,9.640000343322754,9.449999809265137,9.630000114440918,9.630000114440918,14482700
2025-09-16,9.680000305175781,9.789999961853027,9.59000015258789,9.720000267028809,9.720000267028809,19206100
2025-09-17,9.630000114440918,10.029999732971191,9.579999923706055,9.680000305175781,9.680000305175781,18552000
2025-09-18,9.880000114440918,9.989999771118164,9.8100004196167,9.979999542236328,9.979999542236328,18817700
2025-09-19,10.100000381469727,10.149999618530273,9.819999694824219,9.880000114440918,9.880000114440918,20911900
2025-09-22,9.640000343322754,9.770000457763672,9.600000381469727,9.739999771118164,9.739999771118164,17149500
2025-09-23,9.850000381469727,10.029999732971191,9.819999694824219,9.890000343322754,9.890000343322754,18904300
2025-09-24,9.630000114440918,9.760000228881836,9.550000190734863,9.630000114440918,9.630000114440918,19785900
2025-09-25,9.4399995803833,9.479999542236328,9.220000267028809,9.3100004196167,9.3100004196167,17417900
2025-09-26,9.239999771118164,9.289999961853027,9.15999984741211,9.229999542236328,9.229999542236328,18005600
2025-09-29,9.359999656677246,9.399999618530273,9.220000267028809,9.350000381469727,9.350000381469727,19208400
2025-09-30,9.25,9.34000015258789,9.180000305175781,9.34000015258789,9.34000015258789,14437000
2025-10-01,9.4399995803833,9.649999618530273,9.430000305175781,9.640000343322754,9.640000343322754,20288700
2025-10-02,10.3100004196167,10.510000228881836,10.229999542236328,10.399999618530273,10.399999618530273,32588000
2025-10-03,10.420000076293945,10.75,10.390000343322754,10.729999542236328,10.729999542236328,16068200
2025-10-06,10.819999694824219,10.989999771118164,10.699999809265137,10.789999961853027,10.789999961853027,16406200
2025-10-07,11.039999961853027,11.09000015258789,10.8100004196167,10.850000381469727,10.850000381469727,22631600
2025-10-08,10.819999694824219,10.869999885559082,10.75,10.800000190734863,10.800000190734863,11310800
2025-10-09,10.9399995803833,10.9399995803833,10.569999694824219,10.59000015258789,10.59000015258789,19051000
2025-10-10,10.670000076293945,10.670000076293945,9.8100004196167,9.8100004196167,9.8100004196167,21041900
2025-10-13,10.130000114440918,10.229999542236328,10.0600004196167,10.170000076293945,10.170000076293945,19063900
2025-10-14,9.680000305175781,9.930000305175781,9.649999618530273,9.90999984741211,9.90999984741211,21744600
2025-10-15,9.949999809265137,10.149999618530273,9.899999618530273,10.119999885559082,10.119999885559082,19476900
2025-10-16,10.1899995803833,10.369999885559082,10.119999885559082,10.229999542236328,10.229999542236328,20241000
2025-10-17,10.350000381469727,10.5600004196167,10.319999694824219,10.5600004196167,10.5600004196167,21951400
2025-10-20,10.489999771118164,10.75,10.470000267028809,10.6899995803833,10.6899995803833,16631500
2025-10-21,10.84000015258789,11.140000343322754,10.770000457763672,11.119999885559082,11.119999885559082,21514000
2025-10-22,10.800000190734863,10.9399995803833,10.720000267028809,10.800000190734863,10.800000190734863,19989500
2025-10-23,10.770000457763672,10.8100004196167,10.630000114440918,10.760000228881836,10.760000228881836,12123700
2025-10-24,10.869999885559082,11.0,10.819999694824219,10.880000114440918,10.880000114440918,13328800
2025-10-27,11.020000457763672,11.0600004196167,10.899999618530273,10.9399995803833,10.9399995803833,13183300
2025-10-28,11.020000457763672,11.3100004196167,11.010000228881836,11.3100004196167,11.3100004196167,25328000
2025-10-29,11.270000457763672,11.430000305175781,11.100000381469727,11.210000038146973,11.210000038146973,20943200
2025-10-30,10.15999984741211,10.359999656677246,9.970000267028809,10.140000343322754,10.140000343322754,25420100
2025-10-31,10.300000190734863,10.300000190734863,10.069999694824219,10.140000343322754,10.140000343322754,11774900
2025-11-03,10.199999809265137,10.239999771118164,10.09000015258789,10.220000267028809,10.220000267028809,14273400
2025-11-04,9.890000343322754,9.979999542236328,9.8100004196167,9.819999694824219,9.819999694824219,15759800
2025-11-05,10.0600004196167,10.359999656677246,10.029999732971191,10.25,10.25,17474800
2025-11-06,10.229999542236328,10.300000190734863,10.010000228881836,10.079999923706055,10.079999923706055,18248400
2025-11-07,10.100000381469727,10.270000457763672,10.050000190734863,10.239999771118164,10.239999771118164,13064000
2025-11-10,10.420000076293945,10.449999809265137,10.25,10.359999656677246,10.359999656677246,15996300
2025-11-11,10.550000190734863,10.890000343322754,10.520000457763672,10.760000228881836,10.760000228881836,22595800
2025-11-12,10.770000457763672,10.880000114440918,10.65999984741211,10.720000267028809,10.720000267028809,11809100
2025-11-13,10.75,10.859999656677246,10.600000381469727,10.619999885559082,10.619999885559082,12743100
2025-11-14,10.319999694824219,10.520000457763672,10.300000190734863,10.380000114440918,10.380000114440918,9880500
2025-11-17,10.3100004196167,10.3100004196167,9.90999984741211,9.979999542236328,9.979999542236328,15865700
2025-11-18,9.710000038146973,9.8100004196167,9.619999885559082,9.739999771118164,9.739999771118164,11149900
2025-11-19,9.770000457763672,9.84000015258789,9.65999984741211,9.6899995803833,9.6899995803833,7814900
2025-11-20,9.579999923706055,9.65999984741211,9.220000267028809,9.229999542236328,9.229999542236328,16922800
2025-11-21,9.619999885559082,9.960000038146973,9.59000015258789,9.869999885559082,9.869999885559082,20068000
2025-11-24,9.9399995803833,10.170000076293945,9.9399995803833,10.130000114440918,10.130000114440918,9029400
2025-11-25,10.199999809265137,10.569999694824219,10.180000305175781,10.539999961853027,10.539999961853027,19701000
2025-11-26,10.289999961853027,10.430000305175781,10.279999732971191,10.319999694824219,10.319999694824219,11528600
2025-11-28,10.470000267028809,10.680000305175781,10.470000267028809,10.65999984741211,10.65999984741211,6294600
2025-12-01,10.539999961853027,10.84000015258789,10.529999732971191,10.649999618530273,10.649999618530273,9176800
2025-12-02,10.649999618530273,10.970000267028809,10.5600004196167,10.949999809265137,10.949999809265137,21868400
2025-12-03,11.180000305175781,11.510000228881836,11.170000076293945,11.460000038146973,11.460000038146973,15786800
2025-12-04,11.930000305175781,11.989999771118164,11.819999694824219,11.84000015258789,11.84000015258789,13709800
2025-12-05,12.079999923706055,12.220000267028809,12.029999732971191,12.050000190734863,12.050000190734863,14051200
2025-12-08,11.949999809265137,12.029999732971191,11.899999618530273,11.9399995803833,11.9399995803833,5970800
2025-12-09,11.789999961853027,11.890000343322754,11.65999984741211,11.680000305175781,11.680000305175781,9434100
2025-12-10,11.84000015258789,12.149999618530273,11.75,12.119999885559082,12.119999885559082,11751200
2025-12-11,11.760000228881836,11.84000015258789,11.710000038146973,11.800000190734863,11.800000190734863,11625500
2025-12-12,11.890000343322754,11.9399995803833,11.75,11.779999732971191,11.779999732971191,8065300
2025-12-15,11.899999618530273,11.979999542236328,11.770000457763672,11.930000305175781,11.930000305175781,9161400
2025-12-16,11.930000305175781,12.0,11.770000457763672,11.829999923706055,11.829999923706055,10103600
2025-12-17,11.670000076293945,11.850000381469727,11.65999984741211,11.670000076293945,11.670000076293945,7697100
2025-12-18,11.739999771118164,11.779999732971191,11.619999885559082,11.649999618530273,11.649999618530273,10213000
2025-12-19,11.619999885559082,11.699999809265137,11.529999732971191,11.539999961853027,11.539999961853027,9881700
2025-12-22,11.399999618530273,11.4399995803833,11.010000228881836,11.079999923706055,11.079999923706055,19037800
2025-12-23,11.1899995803833,11.210000038146973,11.020000457763672,11.020000457763672,11.020000457763672,7996100
2025-12-24,11.010000228881836,11.0600004196167,10.920000076293945,11.029999732971191,11.029999732971191,3709400
2025-12-26,11.010000228881836,11.079999923706055,11.010000228881836,11.050000190734863,11.050000190734863,3039100
2025-12-29,11.069999694824219,11.100000381469727,11.010000228881836,11.050000190734863,11.050000190734863,6688200
2025-12-30,11.069999694824219,11.199999809265137,11.039999961853027,11.039999961853027,11.039999961853027,6540300
