date,open,high,low,close,adj_close,volume
,YUMC,YUMC,YUMC,YUMC,YUMC,YUMC
2020-01-02,48.349998474121094,49.14500045776367,48.349998474121094,49.130001068115234,46.30042266845703,1968100
2020-01-03,48.400001525878906,48.63999938964844,48.0,48.41999816894531,45.631317138671875,1434200
2020-01-06,48.029998779296875,48.11000061035156,47.20000076293945,47.869998931884766,45.11299514770508,1292400
2020-01-07,48.400001525878906,48.400001525878906,47.58000183105469,47.93000030517578,45.16953659057617,1154200
2020-01-08,48.119998931884766,48.790000915527344,47.81999969482422,48.540000915527344,45.744407653808594,1097600
2020-01-09,49.20000076293945,49.380001068115234,48.47999954223633,48.5,45.70671463012695,1270900
2020-01-10,50.33000183105469,50.7400016784668,48.68000030517578,48.79999923706055,45.989437103271484,2505700
2020-01-13,48.900001525878906,49.05500030517578,48.130001068115234,48.130001068115234,45.35801696777344,1586700
2020-01-14,48.75,49.099998474121094,48.2400016784668,48.459999084472656,45.66901397705078,2040800
2020-01-15,48.560001373291016,49.0,48.244998931884766,48.650001525878906,45.848079681396484,1578500
2020-01-16,48.88999938964844,49.72999954223633,48.7599983215332,49.630001068115234,46.771629333496094,2101800
2020-01-17,50.0,50.599998474121094,49.77000045776367,49.849998474121094,46.97895812988281,1896800
2020-01-21,47.4900016784668,47.5,45.970001220703125,46.0,43.350704193115234,4229100
2020-01-22,47.0,47.79999923706055,46.65999984741211,46.9900016784668,44.28368377685547,4259300
2020-01-23,45.04999923706055,45.20000076293945,43.81999969482422,44.68000030517578,42.106719970703125,5444400
2020-01-24,44.77000045776367,45.099998474121094,43.619998931884766,44.25,41.701480865478516,3212200
2020-01-27,41.02000045776367,42.63999938964844,40.619998931884766,41.91999816894531,39.505680084228516,7312000
2020-01-28,43.060001373291016,45.349998474121094,43.007999420166016,45.04999923706055,42.45539855957031,7404000
2020-01-29,44.939998626708984,45.84000015258789,44.540000915527344,45.0099983215332,42.4177131652832,4414600
2020-01-30,43.939998626708984,44.29999923706055,43.35300064086914,44.0,41.465877532958984,3948600
2020-01-31,43.900001525878906,43.900001525878906,42.40999984741211,43.06999969482422,40.589439392089844,3253500
2020-02-03,43.060001373291016,43.5,42.88999938964844,43.119998931884766,40.63655471801758,3592000
2020-02-04,44.040000915527344,44.91999816894531,43.92499923706055,44.310001373291016,41.758033752441406,3485500
2020-02-05,44.880001068115234,44.88999938964844,44.084999084472656,44.459999084472656,41.899391174316406,2653200
2020-02-06,43.599998474121094,44.93000030517578,43.5099983215332,43.72999954223633,41.211429595947266,3986600
2020-02-07,43.040000915527344,43.15999984741211,42.5,42.709999084472656,40.25017547607422,4549700
2020-02-10,42.20000076293945,42.64500045776367,41.599998474121094,42.40999984741211,39.967445373535156,4177200
2020-02-11,42.86000061035156,44.22999954223633,42.849998474121094,43.810001373291016,41.28683090209961,5659100
2020-02-12,44.25,45.47999954223633,44.150001525878906,45.41999816894531,42.80409622192383,3515900
2020-02-13,44.88999938964844,45.27000045776367,44.400001525878906,45.0099983215332,42.4177131652832,2966300
2020-02-14,45.130001068115234,45.209999084472656,44.34000015258789,44.849998474121094,42.266929626464844,1987900
2020-02-18,44.79999923706055,45.05500030517578,44.439998626708984,44.79999923706055,42.21980285644531,4381900
2020-02-19,45.029998779296875,46.25,44.90999984741211,46.040000915527344,43.388389587402344,3243800
2020-02-20,46.060001373291016,46.7599983215332,45.70000076293945,46.04999923706055,43.39781188964844,3487100
2020-02-21,45.83000183105469,46.15999984741211,45.4900016784668,45.869998931884766,43.228179931640625,2740400
2020-02-24,43.83000183105469,44.63999938964844,43.439998626708984,44.11000061035156,41.569541931152344,3836800
2020-02-25,44.52000045776367,45.290000915527344,43.470001220703125,43.810001373291016,41.28683090209961,4149600
2020-02-26,43.90999984741211,44.452999114990234,43.28499984741211,43.5099983215332,41.00410461425781,4135900
2020-02-27,43.0,44.96500015258789,42.369998931884766,43.75,41.23027801513672,4660800
2020-02-28,42.599998474121094,43.790000915527344,42.2599983215332,43.790000915527344,41.26797866821289,5596200
2020-03-02,43.849998474121094,44.290000915527344,43.0099983215332,44.290000915527344,41.73918151855469,3540700
2020-03-03,44.27000045776367,45.04999923706055,43.66999816894531,44.77000045776367,42.30615234375,2739100
2020-03-04,44.779998779296875,45.290000915527344,44.4900016784668,45.22999954223633,42.740848541259766,2556200
2020-03-05,44.45000076293945,45.04999923706055,43.470001220703125,44.16999816894531,41.73917770385742,2953200
2020-03-06,43.130001068115234,43.86000061035156,41.900001525878906,42.56999969482422,40.22722625732422,3561300
2020-03-09,40.790000915527344,43.040000915527344,40.41999816894531,42.93000030517578,40.56741714477539,3359500
2020-03-10,43.2599983215332,44.29999923706055,42.75,43.65999984741211,41.257240295410156,3656200
2020-03-11,42.90999984741211,43.36000061035156,40.970001220703125,41.779998779296875,39.48070526123047,3886400
2020-03-12,39.810001373291016,41.0099983215332,39.15999984741211,39.2400016784668,37.08049774169922,4883100
2020-03-13,40.83000183105469,41.959999084472656,39.939998626708984,41.72999954223633,39.43345642089844,3936900
2020-03-16,39.25,41.97999954223633,38.33000183105469,41.36000061035156,39.083824157714844,5142100
2020-03-17,41.150001525878906,44.099998474121094,39.724998474121094,43.939998626708984,41.5218391418457,5347800
2020-03-18,41.02000045776367,42.970001220703125,39.540000915527344,40.7599983215332,38.516841888427734,3515400
2020-03-19,40.5,43.11000061035156,39.540000915527344,40.0099983215332,37.8081169128418,3666600
2020-03-20,41.040000915527344,41.83000183105469,39.04999923706055,40.70000076293945,38.46014404296875,5471100
2020-03-23,41.43000030517578,43.060001373291016,39.86000061035156,41.2599983215332,38.989322662353516,4338500
2020-03-24,43.599998474121094,44.189998626708984,41.72999954223633,42.900001525878906,40.53907012939453,3388900
2020-03-25,43.470001220703125,46.25,42.54999923706055,44.459999084472656,42.01321792602539,3127200
2020-03-26,44.279998779296875,45.349998474121094,44.279998779296875,45.04999923706055,42.57074737548828,2320100
2020-03-27,44.02000045776367,44.189998626708984,41.70000076293945,42.560001373291016,40.2177848815918,3007300
2020-03-30,42.150001525878906,43.0,41.54999923706055,42.310001373291016,39.981536865234375,2288100
2020-03-31,41.880001068115234,43.755001068115234,41.33000183105469,42.630001068115234,40.2839241027832,2657700
2020-04-01,41.20000076293945,42.150001525878906,40.439998626708984,40.9900016784668,38.734188079833984,3219700
2020-04-02,40.939998626708984,42.41999816894531,40.04999923706055,42.0,39.68860626220703,3355200
2020-04-03,42.0,42.18000030517578,40.5,41.290000915527344,39.01766586303711,2830500
2020-04-06,42.0,43.84000015258789,41.81999969482422,43.66999816894531,41.26668167114258,2266200
2020-04-07,44.369998931884766,45.220001220703125,43.310001373291016,43.349998474121094,40.964298248291016,3297400
2020-04-08,43.150001525878906,44.970001220703125,43.150001525878906,44.849998474121094,42.381752014160156,2237900
2020-04-09,44.77000045776367,46.290000915527344,44.290000915527344,45.47999954223633,42.97709274291992,1916900
2020-04-13,45.29999923706055,45.81999969482422,44.470001220703125,45.75,43.23222351074219,958800
2020-04-14,46.33000183105469,47.0,45.779998779296875,45.9900016784668,43.459022521972656,1677500
2020-04-15,45.720001220703125,45.720001220703125,44.560001373291016,44.66999816894531,42.21166229248047,1567400
2020-04-16,44.849998474121094,45.0,43.52000045776367,43.56999969482422,41.172183990478516,3062000
2020-04-17,44.25,45.56999969482422,44.0099983215332,45.369998931884766,42.873146057128906,2765600
2020-04-20,45.220001220703125,45.66999816894531,44.810001373291016,45.209999084472656,42.7219352722168,4882700
2020-04-21,44.7599983215332,45.150001525878906,43.9900016784668,44.439998626708984,41.99431228637695,3098700
2020-04-22,44.9900016784668,45.970001220703125,44.869998931884766,45.65999984741211,43.147178649902344,2730400
2020-04-23,45.59000015258789,46.060001373291016,45.04999923706055,45.68000030517578,43.166080474853516,2605000
2020-04-24,45.5,46.0099983215332,43.7599983215332,43.95000076293945,41.531288146972656,2909300
2020-04-27,45.290000915527344,46.75,44.935001373291016,45.93000030517578,43.40232467651367,3196400
2020-04-28,46.709999084472656,47.380001068115234,45.529998779296875,45.900001525878906,43.37397384643555,2156900
2020-04-29,47.459999084472656,49.959999084472656,46.70000076293945,49.90999984741211,47.16328048706055,5042600
2020-04-30,49.22999954223633,50.040000915527344,48.29999923706055,48.459999084472656,45.79308319091797,3416600
2020-05-01,47.13999938964844,47.13999938964844,46.08000183105469,46.40999984741211,43.85591125488281,2683900
2020-05-04,46.06999969482422,46.20000076293945,45.13999938964844,45.630001068115234,43.11882400512695,2834700
2020-05-05,46.29999923706055,46.970001220703125,45.880001068115234,46.0,43.46846389770508,1124200
2020-05-06,46.5,47.43000030517578,46.5,47.220001220703125,44.6213264465332,2168500
2020-05-07,47.4900016784668,47.95000076293945,46.875,47.119998931884766,44.52684020996094,2098900
2020-05-08,47.560001373291016,48.599998474121094,47.470001220703125,48.54999923706055,45.878135681152344,1963400
2020-05-11,48.529998779296875,49.6349983215332,48.0099983215332,48.91999816894531,46.2277717590332,1941000
2020-05-12,49.2400016784668,49.779998779296875,48.970001220703125,48.970001220703125,46.2750129699707,2425000
2020-05-13,48.970001220703125,49.4900016784668,48.130001068115234,48.77000045776367,46.08602523803711,2207600
2020-05-14,48.02000045776367,49.15999984741211,47.5880012512207,48.810001373291016,46.12382888793945,2904200
2020-05-15,48.619998931884766,49.2140007019043,46.71500015258789,47.150001525878906,44.555179595947266,3192500
2020-05-18,48.220001220703125,48.35499954223633,46.29999923706055,46.560001373291016,43.997650146484375,2976900
2020-05-19,46.88999938964844,48.96500015258789,46.810001373291016,48.75,46.0671272277832,2553000
2020-05-20,49.380001068115234,49.89500045776367,49.18000030517578,49.47999954223633,46.7569465637207,2350200
2020-05-21,49.290000915527344,49.290000915527344,47.0,47.52000045776367,44.904815673828125,2976800
2020-05-22,46.61000061035156,46.61000061035156,43.5,43.630001068115234,41.22888946533203,4664600
2020-05-26,45.400001525878906,46.095001220703125,45.0,45.09000015258789,42.60854721069336,5022800
2020-05-27,45.83000183105469,46.189998626708984,44.59000015258789,45.09000015258789,42.60854721069336,3072400
2020-05-28,45.59000015258789,46.09000015258789,44.380001068115234,44.380001068115234,41.937625885009766,2361200
2020-05-29,44.349998474121094,46.349998474121094,44.11000061035156,46.34000015258789,43.78975296020508,4361200
2020-06-01,46.650001525878906,47.25,46.20000076293945,46.970001220703125,44.385074615478516,1801500
2020-06-02,47.20000076293945,47.540000915527344,46.66999816894531,47.529998779296875,44.91426467895508,2833300
2020-06-03,48.41999816894531,49.40999984741211,48.15999984741211,49.0,46.303375244140625,2494500
2020-06-04,48.61000061035156,49.790000915527344,48.310001373291016,49.61000061035156,46.87979507446289,2579200
2020-06-05,50.0,50.5,49.40999984741211,49.720001220703125,46.983741760253906,1849100
2020-06-08,50.0,51.52000045776367,49.880001068115234,51.4900016784668,48.656333923339844,2078500
2020-06-09,51.099998474121094,51.36000061035156,50.29999923706055,50.939998626708984,48.1365966796875,1929200
2020-06-10,50.7400016784668,50.9900016784668,49.65999984741211,50.209999084472656,47.44678497314453,1460100
2020-06-11,49.15999984741211,49.88999938964844,48.439998626708984,48.72999954223633,46.048221588134766,1924600
2020-06-12,50.02000045776367,50.63999938964844,48.82500076293945,49.25,46.539615631103516,2351400
2020-06-15,47.880001068115234,47.90299987792969,46.66999816894531,47.529998779296875,44.91426467895508,3562200
2020-06-16,48.61000061035156,48.61000061035156,46.619998931884766,47.27000045776367,44.668575286865234,3302400
2020-06-17,49.13999938964844,51.529998779296875,48.02000045776367,50.68000030517578,47.89091873168945,5286100
2020-06-18,49.810001373291016,50.720001220703125,49.709999084472656,50.38999938964844,47.61687088012695,2132700
2020-06-19,52.02000045776367,52.61000061035156,51.20500183105469,51.310001373291016,48.486244201660156,2751500
2020-06-22,51.060001373291016,51.650001525878906,50.599998474121094,50.959999084472656,48.15550994873047,1658400
2020-06-23,51.2400016784668,51.36000061035156,50.43000030517578,50.810001373291016,48.013755798339844,1585400
2020-06-24,50.29999923706055,50.630001068115234,48.665000915527344,49.70000076293945,46.96483612060547,1755400
2020-06-25,49.59000015258789,50.040000915527344,48.95000076293945,49.81999969482422,47.07823944091797,1864900
2020-06-26,49.779998779296875,50.619998931884766,48.970001220703125,49.65999984741211,46.927040100097656,6619200
2020-06-29,49.41999816894531,49.529998779296875,48.36000061035156,48.970001220703125,46.2750129699707,1445300
2020-06-30,49.0,49.0,47.529998779296875,48.06999969482422,45.42454528808594,2702600
2020-07-01,48.06999969482422,48.619998931884766,47.65999984741211,47.66999816894531,45.04656219482422,1476500
2020-07-02,48.584999084472656,49.849998474121094,48.290000915527344,49.439998626708984,46.719146728515625,2529200
2020-07-06,50.66999816894531,51.25,49.75,50.439998626708984,47.66411209106445,2697300
2020-07-07,50.11000061035156,51.43000030517578,49.69499969482422,50.58000183105469,47.796417236328125,1979600
2020-07-08,51.0,51.540000915527344,50.349998474121094,51.11000061035156,48.297237396240234,1865300
2020-07-09,51.36000061035156,51.959999084472656,50.619998931884766,51.47999954223633,48.646873474121094,1746000
2020-07-10,51.209999084472656,51.400001525878906,50.560001373291016,51.38999938964844,48.561832427978516,792600
2020-07-13,51.56999969482422,52.7400016784668,50.68000030517578,50.709999084472656,47.91925811767578,2053000
2020-07-14,50.2400016784668,50.619998931884766,49.5099983215332,50.560001373291016,47.77751159667969,1649900
2020-07-15,51.099998474121094,52.52000045776367,50.744998931884766,52.47999954223633,49.59184646606445,1559500
2020-07-16,51.209999084472656,51.9900016784668,51.1150016784668,51.77000045776367,48.92091751098633,1163800
2020-07-17,52.060001373291016,52.90999984741211,51.8380012512207,52.54999923706055,49.65799331665039,2052700
2020-07-20,52.810001373291016,53.70000076293945,52.61000061035156,53.15999984741211,50.23442459106445,1522200
2020-07-21,53.59000015258789,54.68000030517578,53.415000915527344,53.58000183105469,50.631317138671875,1332500
2020-07-22,53.66999816894531,53.91999816894531,53.150001525878906,53.33000183105469,50.395076751708984,946300
2020-07-23,53.31999969482422,53.7400016784668,52.04999923706055,52.5099983215332,49.62019348144531,961300
2020-07-24,51.5,52.7400016784668,51.21500015258789,52.63999938964844,49.74304962158203,1172400
2020-07-27,52.83000183105469,53.42499923706055,52.5,53.2400016784668,50.31002426147461,972500
2020-07-28,53.2400016784668,53.2400016784668,52.18000030517578,52.599998474121094,49.70524215698242,1640800
2020-07-29,52.209999084472656,53.86000061035156,52.209999084472656,53.75,50.79196548461914,2297300
2020-07-30,50.38999938964844,52.970001220703125,49.880001068115234,50.75,47.95705795288086,3609500
2020-07-31,50.5,52.0,50.060001373291016,51.2400016784668,48.42009735107422,2661700
2020-08-03,51.599998474121094,52.45000076293945,51.459999084472656,52.220001220703125,49.346168518066406,1359600
2020-08-04,52.43000030517578,52.96500015258789,51.880001068115234,52.63999938964844,49.74304962158203,1193700
2020-08-05,53.0,53.66999816894531,52.68000030517578,53.189998626708984,50.26277160644531,1109000
2020-08-06,53.72999954223633,54.28499984741211,53.189998626708984,54.2599983215332,51.27388000488281,1384500
2020-08-07,54.02000045776367,54.290000915527344,53.029998779296875,53.349998474121094,50.41396713256836,1548400
2020-08-10,53.38999938964844,53.77000045776367,52.75,52.90999984741211,49.9981803894043,1085400
2020-08-11,53.20000076293945,54.16999816894531,53.20000076293945,53.790000915527344,50.82976531982422,1581400
2020-08-12,54.0,54.959999084472656,53.83000183105469,54.91999816894531,51.8975715637207,1270300
2020-08-13,54.91999816894531,55.14500045776367,54.209999084472656,54.45000076293945,51.453433990478516,1469300
2020-08-14,54.40999984741211,54.70500183105469,54.119998931884766,54.5099983215332,51.510135650634766,1440500
2020-08-17,54.7599983215332,56.09000015258789,54.630001068115234,55.619998931884766,52.55904769897461,1340700
2020-08-18,55.79999923706055,55.939998626708984,54.79999923706055,55.75,52.68189239501953,1034600
2020-08-19,55.66999816894531,55.689998626708984,54.5,54.599998474121094,51.595184326171875,1241300
2020-08-20,54.529998779296875,54.529998779296875,53.7400016784668,53.95000076293945,50.98094177246094,1938000
2020-08-21,54.16999816894531,54.83399963378906,54.0099983215332,54.63999938964844,51.63298034667969,1278100
2020-08-24,55.04999923706055,55.40999984741211,54.290000915527344,54.59000015258789,51.585723876953125,846300
2020-08-25,55.0,55.2400016784668,54.814998626708984,55.06999969482422,52.039302825927734,874300
2020-08-26,55.16999816894531,55.790000915527344,54.45000076293945,55.400001525878906,52.35115051269531,865500
2020-08-27,55.619998931884766,55.7400016784668,54.95000076293945,55.20000076293945,52.16215133666992,773100
2020-08-28,56.16999816894531,56.939998626708984,55.560001373291016,56.5,53.390621185302734,2300900
2020-08-31,58.04999923706055,59.349998474121094,57.595001220703125,57.709999084472656,54.53403091430664,3621000
2020-09-01,58.61000061035156,58.61000061035156,57.58000183105469,58.290000915527344,55.08211135864258,2429600
2020-09-02,58.5,58.68000030517578,57.540000915527344,57.93000030517578,54.741920471191406,2290400
2020-09-03,57.5,57.7599983215332,55.599998474121094,55.91999816894531,52.84254455566406,2508500
2020-09-04,54.29999923706055,54.33000183105469,52.099998474121094,53.81999969482422,50.85810470581055,5310900
2020-09-08,52.939998626708984,53.154998779296875,52.20000076293945,52.31999969482422,49.44065475463867,2654800
2020-09-09,52.08000183105469,53.56999969482422,52.08000183105469,53.20000076293945,50.27222442626953,3911200
2020-09-10,51.25,51.38999938964844,50.25,50.65999984741211,47.872013092041016,10557300
2020-09-11,51.0,51.9900016784668,51.0,51.36000061035156,48.53349685668945,8553000
2020-09-14,52.25,52.75,51.939998626708984,52.16999816894531,49.29891586303711,2648000
2020-09-15,52.34000015258789,52.54999923706055,51.59000015258789,52.0,49.138267517089844,2401900
2020-09-16,52.15999984741211,52.95000076293945,51.880001068115234,51.970001220703125,49.109920501708984,1763900
2020-09-17,51.52000045776367,52.029998779296875,51.435001373291016,52.0099983215332,49.1477165222168,2194800
2020-09-18,52.130001068115234,52.279998779296875,50.7400016784668,51.29999923706055,48.47679138183594,2539300
2020-09-21,50.290000915527344,51.0099983215332,49.810001373291016,50.720001220703125,47.9287109375,1693300
2020-09-22,50.689998626708984,51.34000015258789,50.13999938964844,51.20000076293945,48.38229751586914,1663500
2020-09-23,50.869998931884766,50.959999084472656,50.150001525878906,50.36000061035156,47.588523864746094,2317600
2020-09-24,50.04999923706055,51.84000015258789,49.86000061035156,51.38999938964844,48.561832427978516,2589900
2020-09-25,51.09000015258789,51.459999084472656,50.209999084472656,51.43000030517578,48.599632263183594,1467900
2020-09-28,51.869998931884766,52.04999923706055,51.52000045776367,52.0,49.138267517089844,1387400
2020-09-29,52.04999923706055,52.04999923706055,51.46500015258789,51.560001373291016,48.72248077392578,2374500
2020-09-30,51.939998626708984,53.130001068115234,51.84000015258789,52.95000076293945,50.035980224609375,2218500
2020-10-01,53.5,53.599998474121094,52.904998779296875,53.0,50.08323669433594,1061000
2020-10-02,52.220001220703125,53.43000030517578,52.194000244140625,52.97999954223633,50.064327239990234,723200
2020-10-05,53.16999816894531,53.720001220703125,52.790000915527344,53.54999923706055,50.602962493896484,1492800
2020-10-06,53.470001220703125,54.22999954223633,53.13999938964844,53.310001373291016,50.37617492675781,2461100
2020-10-07,53.79999923706055,53.915000915527344,52.650001525878906,53.369998931884766,50.43288040161133,1468700
2020-10-08,53.380001068115234,53.900001525878906,53.0099983215332,53.720001220703125,50.763614654541016,1225000
2020-10-09,53.959999084472656,54.70000076293945,53.5,53.9900016784668,51.01874923706055,1179800
2020-10-12,54.279998779296875,54.279998779296875,53.5,53.900001525878906,50.93369674682617,1372500
2020-10-13,54.06999969482422,54.45000076293945,53.630001068115234,54.16999816894531,51.188838958740234,1460600
2020-10-14,53.939998626708984,54.16999816894531,53.25,53.40999984741211,50.470672607421875,2160100
2020-10-15,52.79999923706055,53.79999923706055,52.099998474121094,53.34000015258789,50.40453338623047,2357400
2020-10-16,53.65999984741211,54.16999816894531,53.439998626708984,53.47999954223633,50.53681945800781,2472200
2020-10-19,53.599998474121094,54.060001373291016,52.7599983215332,52.79999923706055,49.89424133300781,2133400
2020-10-20,53.119998931884766,54.09000015258789,53.119998931884766,53.72999954223633,50.77305221557617,2460500
2020-10-21,53.93000030517578,54.459999084472656,53.47999954223633,53.81999969482422,50.85810470581055,2003100
2020-10-22,54.11000061035156,54.939998626708984,53.61000061035156,54.70000076293945,51.689674377441406,2504000
2020-10-23,54.7400016784668,55.4900016784668,53.91999816894531,55.27000045776367,52.22831344604492,1630400
2020-10-26,54.72999954223633,55.220001220703125,54.04999923706055,54.630001068115234,51.6235237121582,1513400
2020-10-27,54.779998779296875,54.84000015258789,53.970001220703125,53.97999954223633,51.009300231933594,2451000
2020-10-28,53.220001220703125,53.54999923706055,52.220001220703125,52.220001220703125,49.346168518066406,2441000
2020-10-29,54.4900016784668,55.279998779296875,53.16999816894531,54.220001220703125,51.2360954284668,3938600
2020-10-30,53.88999938964844,54.060001373291016,52.95000076293945,53.22999954223633,50.30057907104492,3483200
2020-11-02,53.59000015258789,53.89500045776367,52.18000030517578,52.650001525878906,49.75249099731445,3736500
2020-11-03,52.630001068115234,53.400001525878906,52.5,53.150001525878906,50.2249870300293,3794500
2020-11-04,53.58000183105469,56.04999923706055,52.90999984741211,55.2400016784668,52.1999626159668,3502500
2020-11-05,55.66999816894531,56.15999984741211,55.040000915527344,56.02000045776367,52.93703079223633,2870700
2020-11-06,56.150001525878906,57.60499954223633,56.11000061035156,57.20000076293945,54.05208969116211,2250200
2020-11-09,58.5099983215332,58.97999954223633,57.36000061035156,57.369998931884766,54.212738037109375,3478900
2020-11-10,57.2599983215332,57.68000030517578,56.560001373291016,57.33000183105469,54.17494583129883,3261300
2020-11-11,57.619998931884766,59.04999923706055,57.48699951171875,58.84000015258789,55.601837158203125,2069400
2020-11-12,58.470001220703125,59.05500030517578,57.689998626708984,57.70000076293945,54.52458190917969,1940900
2020-11-13,58.16999816894531,58.22999954223633,57.16999816894531,57.7599983215332,54.58126449584961,1233400
2020-11-16,58.2400016784668,58.4900016784668,57.84000015258789,58.04999923706055,54.85531997680664,1678600
2020-11-17,58.22999954223633,58.630001068115234,57.66899871826172,57.79999923706055,54.61906433105469,1710600
2020-11-18,58.4900016784668,60.08000183105469,58.347999572753906,59.810001373291016,56.51845169067383,5008200
2020-11-19,60.18000030517578,60.91999816894531,60.084999084472656,60.25,56.93423843383789,2696500
2020-11-20,60.02000045776367,60.970001220703125,59.7400016784668,60.11000061035156,56.801944732666016,1736300
2020-11-23,60.54999923706055,60.54999923706055,59.470001220703125,59.84000015258789,56.546810150146484,1661800
2020-11-24,60.060001373291016,60.79999923706055,59.95000076293945,60.369998931884766,57.162269592285156,2029200
2020-11-25,59.880001068115234,59.97999954223633,58.66999816894531,58.709999084472656,55.59047317504883,1794800
2020-11-27,58.75,59.15999984741211,58.20000076293945,58.400001525878906,55.29694366455078,1116100
2020-11-30,57.810001373291016,57.82500076293945,56.31999969482422,56.380001068115234,53.38427734375,6564700
2020-12-01,57.65999984741211,58.70000076293945,57.279998779296875,58.16999816894531,55.07916259765625,2223000
2020-12-02,57.849998474121094,58.0,56.2599983215332,56.619998931884766,53.61151885986328,2597700
2020-12-03,57.2599983215332,57.79999923706055,56.599998474121094,56.810001373291016,53.79142761230469,2290500
2020-12-04,57.400001525878906,57.72999954223633,56.290000915527344,56.7599983215332,53.74408721923828,2756200
2020-12-07,57.22999954223633,57.94499969482422,56.77000045776367,57.11000061035156,54.07548904418945,2727600
2020-12-08,56.88999938964844,57.2400016784668,56.599998474121094,57.209999084472656,54.17017364501953,1380000
2020-12-09,57.130001068115234,57.21500015258789,56.400001525878906,56.7599983215332,53.74408721923828,1535500
2020-12-10,56.939998626708984,57.97999954223633,56.83000183105469,57.36000061035156,54.31220626831055,1724700
2020-12-11,56.470001220703125,57.33000183105469,56.31999969482422,56.790000915527344,53.77248764038086,1306300
2020-12-14,57.0099983215332,57.290000915527344,56.56999969482422,56.75,53.734619140625,1641800
2020-12-15,57.349998474121094,57.65999984741211,56.349998474121094,57.470001220703125,54.41636276245117,1426300
2020-12-16,57.68000030517578,58.369998931884766,57.369998931884766,57.81999969482422,54.747764587402344,1782200
2020-12-17,58.38999938964844,58.77000045776367,57.65999984741211,58.290000915527344,55.19279479980469,2593000
2020-12-18,58.400001525878906,58.77000045776367,57.68000030517578,58.2400016784668,55.145450592041016,2079400
2020-12-21,57.369998931884766,57.91999816894531,57.18000030517578,57.61000061035156,54.548919677734375,1172700
2020-12-22,57.38999938964844,57.47999954223633,56.369998931884766,57.209999084472656,54.17017364501953,1522700
2020-12-23,57.560001373291016,58.0,57.27000045776367,57.54999923706055,54.492103576660156,821900
2020-12-24,57.66999816894531,57.790000915527344,57.2599983215332,57.709999084472656,54.64360427856445,263700
2020-12-28,57.59000015258789,57.650001525878906,56.689998626708984,57.119998931884766,54.08494567871094,834000
2020-12-29,57.41999816894531,57.70000076293945,56.65999984741211,56.84000015258789,53.819828033447266,913700
2020-12-30,57.5099983215332,57.974998474121094,57.06999969482422,57.119998931884766,54.08494567871094,863100
2020-12-31,57.15999984741211,57.40999984741211,56.689998626708984,57.09000015258789,54.05655288696289,753700
2021-01-04,57.5099983215332,58.5,56.59000015258789,57.04999923706055,54.018672943115234,2235000
2021-01-05,57.45000076293945,58.36000061035156,57.43000030517578,58.209999084472656,55.117042541503906,1284200
2021-01-06,58.38999938964844,59.119998931884766,57.720001220703125,58.02000045776367,54.937137603759766,1417100
2021-01-07,57.77000045776367,58.310001373291016,56.86000061035156,58.060001373291016,54.975006103515625,2001700
2021-01-08,58.439998626708984,59.900001525878906,58.439998626708984,59.869998931884766,56.68883514404297,1657100
2021-01-11,59.83000183105469,61.18000030517578,59.470001220703125,59.779998779296875,56.603614807128906,1916300
2021-01-12,59.939998626708984,60.0099983215332,57.63999938964844,58.189998626708984,55.098106384277344,1776900
2021-01-13,57.790000915527344,58.52000045776367,57.40999984741211,58.40999984741211,55.30641555786133,1754500
2021-01-14,58.7400016784668,58.81999969482422,57.435001373291016,57.4900016784668,54.43528747558594,1257000
2021-01-15,57.369998931884766,57.540000915527344,56.7599983215332,57.15999984741211,54.12282943725586,1283600
2021-01-19,58.0,59.97999954223633,57.88999938964844,59.290000915527344,56.1396598815918,2408000
2021-01-20,59.560001373291016,59.86000061035156,58.72999954223633,59.040000915527344,55.90292739868164,2094300
2021-01-21,58.93000030517578,59.67499923706055,58.31999969482422,59.310001373291016,56.158592224121094,1194400
2021-01-22,59.11000061035156,59.11000061035156,58.11000061035156,58.720001220703125,55.599952697753906,1905700
2021-01-25,59.09000015258789,59.85499954223633,58.369998931884766,58.369998931884766,55.26853942871094,1440200
2021-01-26,58.349998474121094,59.43000030517578,57.65999984741211,59.34000015258789,56.18699264526367,1078700
2021-01-27,59.130001068115234,59.459999084472656,57.650001525878906,58.06999969482422,54.98447799682617,1479600
2021-01-28,58.0,58.0,56.36000061035156,57.02000045776367,53.99026870727539,1395200
2021-01-29,56.81999969482422,57.45000076293945,56.5099983215332,56.709999084472656,53.69673538208008,1523500
2021-02-01,57.29999923706055,58.040000915527344,57.08000183105469,57.779998779296875,54.70988845825195,1418300
2021-02-02,58.619998931884766,59.650001525878906,58.18000030517578,58.5,55.391639709472656,1591900
2021-02-03,58.5099983215332,59.9900016784668,57.119998931884766,57.279998779296875,54.236446380615234,2466300
2021-02-04,56.0,56.66999816894531,55.029998779296875,55.97999954223633,53.00551986694336,3190300
2021-02-05,56.58000183105469,57.90999984741211,56.470001220703125,57.38999938964844,54.340606689453125,2536800
2021-02-08,57.720001220703125,59.720001220703125,57.14500045776367,59.65999984741211,56.489990234375,2910600
2021-02-09,59.91999816894531,62.474998474121094,59.599998474121094,61.060001373291016,57.81560134887695,2998100
2021-02-10,61.54999923706055,62.4900016784668,60.290000915527344,60.5,57.28535461425781,2839500
2021-02-11,60.83000183105469,61.959999084472656,60.599998474121094,61.75,58.468929290771484,1423000
2021-02-12,61.63999938964844,62.790000915527344,61.505001068115234,62.59000015258789,59.26430892944336,826300
2021-02-16,62.41999816894531,64.62999725341797,62.41999816894531,64.3499984741211,60.930789947509766,2931000
2021-02-17,64.06999969482422,64.63999938964844,63.5099983215332,64.18000030517578,60.769832611083984,2818000
2021-02-18,63.150001525878906,63.90999984741211,62.470001220703125,63.29999923706055,59.936580657958984,2250100
2021-02-19,63.7400016784668,64.19000244140625,62.47999954223633,62.560001373291016,59.235904693603516,2323600
2021-02-22,62.59000015258789,62.720001220703125,60.709999084472656,61.5,58.23222732543945,3029400
2021-02-23,61.33000183105469,61.33000183105469,59.4900016784668,60.119998931884766,56.92554473876953,4036100
2021-02-24,60.0,60.720001220703125,59.29999923706055,60.33000183105469,57.12439727783203,1931100
2021-02-25,60.47999954223633,60.93000030517578,59.400001525878906,60.15999984741211,56.96342468261719,3844200
2021-02-26,59.77000045776367,60.84000015258789,59.38999938964844,59.84000015258789,56.660430908203125,3686800
2021-03-01,60.56999969482422,61.040000915527344,59.38999938964844,59.84000015258789,56.660430908203125,1845300
2021-03-02,59.470001220703125,59.880001068115234,59.150001525878906,59.310001373291016,56.27143478393555,3447900
2021-03-03,59.599998474121094,60.77000045776367,59.560001373291016,59.61000061035156,56.55606460571289,1565200
2021-03-04,59.79999923706055,61.099998474121094,58.93000030517578,59.18000030517578,56.14809036254883,3039600
2021-03-05,59.88999938964844,61.189998626708984,59.15599822998047,60.41999816894531,57.324562072753906,2356000
2021-03-08,60.41999816894531,61.5,60.22999954223633,60.970001220703125,57.84638977050781,2578500
2021-03-09,61.130001068115234,62.09000015258789,61.099998474121094,61.4900016784668,58.33974838256836,2093300
2021-03-10,61.560001373291016,61.70000076293945,60.209999084472656,60.63999938964844,57.533294677734375,2008500
2021-03-11,61.06999969482422,61.88999938964844,60.9900016784668,61.650001525878906,58.49155044555664,1522000
2021-03-12,61.369998931884766,61.435001373291016,60.599998474121094,61.18000030517578,58.045623779296875,1068000
2021-03-15,61.20000076293945,62.90999984741211,60.20000076293945,62.68000030517578,59.46878433227539,2255900
2021-03-16,62.630001068115234,63.349998474121094,61.9900016784668,62.150001525878906,58.9659309387207,1756200
2021-03-17,61.97999954223633,61.97999954223633,61.0,61.25,58.11204528808594,2382100
2021-03-18,61.06999969482422,61.33000183105469,60.04999923706055,60.54999923706055,57.447906494140625,1231500
2021-03-19,60.599998474121094,61.09000015258789,60.20000076293945,60.54999923706055,57.447906494140625,2612400
2021-03-22,60.91999816894531,61.83000183105469,60.619998931884766,61.15999984741211,58.02666091918945,1383200
2021-03-23,60.7599983215332,60.849998474121094,60.02000045776367,60.18000030517578,57.09686279296875,1305600
2021-03-24,60.04999923706055,60.66999816894531,59.5099983215332,60.290000915527344,57.201229095458984,2215200
2021-03-25,59.95000076293945,60.630001068115234,59.209999084472656,59.720001220703125,56.660430908203125,1662500
2021-03-26,59.650001525878906,60.0,58.310001373291016,59.41999816894531,56.37578582763672,1863000
2021-03-29,59.5,59.5,57.88999938964844,58.40999984741211,55.41754913330078,1881100
2021-03-30,58.040000915527344,59.16999816894531,58.0099983215332,58.630001068115234,55.62627410888672,1401400
2021-03-31,58.7599983215332,59.68000030517578,58.5,59.209999084472656,56.17655563354492,2761800
2021-04-01,59.93000030517578,59.95000076293945,59.0,59.130001068115234,56.10065460205078,1065500
2021-04-05,59.34000015258789,59.650001525878906,58.9900016784668,59.209999084472656,56.17655563354492,1189100
2021-04-06,59.439998626708984,60.27000045776367,59.25,59.869998931884766,56.802738189697266,2065000
2021-04-07,59.689998626708984,60.029998779296875,58.7599983215332,59.7599983215332,56.6983757019043,1637400
2021-04-08,60.380001068115234,61.09000015258789,59.9900016784668,60.189998626708984,57.106346130371094,1523400
2021-04-09,59.689998626708984,60.27000045776367,59.130001068115234,59.849998474121094,56.78376388549805,1408400
2021-04-12,59.68000030517578,60.13999938964844,59.58000183105469,60.029998779296875,56.95454788208008,1567300
2021-04-13,60.189998626708984,60.81999969482422,60.040000915527344,60.22999954223633,57.14430236816406,1356900
2021-04-14,59.970001220703125,60.400001525878906,59.560001373291016,59.869998931884766,56.802738189697266,930000
2021-04-15,60.029998779296875,60.2599983215332,59.56999969482422,59.79999923706055,56.73632049560547,1094300
2021-04-16,60.11000061035156,60.54999923706055,59.810001373291016,60.099998474121094,57.020957946777344,792700
2021-04-19,60.619998931884766,60.779998779296875,59.52000045776367,59.529998779296875,56.480167388916016,1163200
2021-04-20,59.08000183105469,59.35900115966797,58.220001220703125,59.0,55.97731399536133,3145300
2021-04-21,58.72999954223633,59.04999923706055,58.38999938964844,58.470001220703125,55.47446823120117,2346500
2021-04-22,58.45000076293945,59.08000183105469,57.91999816894531,58.7400016784668,55.73063278198242,3428900
2021-04-23,59.02000045776367,59.310001373291016,58.52000045776367,59.130001068115234,56.10065460205078,1536600
2021-04-26,59.54999923706055,60.380001068115234,59.130001068115234,59.93000030517578,56.859676361083984,3240900
2021-04-27,60.33000183105469,60.560001373291016,59.7599983215332,59.90999984741211,56.84069061279297,3185300
2021-04-28,61.470001220703125,63.720001220703125,61.099998474121094,63.41999816894531,60.170867919921875,3129400
2021-04-29,63.61000061035156,63.900001525878906,62.7400016784668,63.15999984741211,59.9241943359375,1780900
2021-04-30,63.029998779296875,63.7599983215332,62.689998626708984,62.91999816894531,59.69648361206055,1548900
2021-05-03,63.25,63.34000015258789,61.80500030517578,62.099998474121094,58.91849899291992,1994600
2021-05-04,62.18000030517578,62.349998474121094,61.2599983215332,61.61000061035156,58.45359420776367,2415600
2021-05-05,61.599998474121094,62.23500061035156,61.36000061035156,61.970001220703125,58.795162200927734,997800
2021-05-06,62.27000045776367,62.29999923706055,61.52000045776367,61.959999084472656,58.78566360473633,1653700
2021-05-07,61.95000076293945,62.599998474121094,61.689998626708984,62.11000061035156,58.927982330322266,2040300
2021-05-10,61.810001373291016,61.959999084472656,60.619998931884766,60.75,57.63766098022461,1553600
2021-05-11,60.34000015258789,61.9900016784668,60.2599983215332,61.81999969482422,58.652835845947266,1921700
2021-05-12,61.380001068115234,61.5,60.189998626708984,60.22999954223633,57.14430236816406,2303300
2021-05-13,60.65999984741211,61.76499938964844,60.5099983215332,61.27000045776367,58.131011962890625,2336200
2021-05-14,61.68000030517578,63.505001068115234,61.58000183105469,63.119998931884766,59.886234283447266,1915400
2021-05-17,62.650001525878906,63.83000183105469,62.650001525878906,63.459999084472656,60.20881652832031,1522900
2021-05-18,63.7400016784668,64.62000274658203,63.45000076293945,63.81999969482422,60.550376892089844,1950400
2021-05-19,63.470001220703125,65.1500015258789,63.119998931884766,65.0,61.669921875,3243400
2021-05-20,65.0,65.61000061035156,64.7300033569336,65.19000244140625,61.85019302368164,2935100
2021-05-21,65.18000030517578,65.4000015258789,64.58999633789062,65.05999755859375,61.72684097290039,1419900
2021-05-24,65.06999969482422,65.62999725341797,64.87000274658203,65.13999938964844,61.916954040527344,1218000
2021-05-25,65.58999633789062,65.8499984741211,65.04000091552734,65.19000244140625,61.96448516845703,1115000
2021-05-26,65.51000213623047,66.27999877929688,65.0,65.86000061035156,62.60133361816406,1358800
2021-05-27,66.12999725341797,67.12999725341797,65.93000030517578,67.06999969482422,63.75144958496094,4975500
2021-05-28,66.72000122070312,67.97000122070312,66.5199966430664,67.63999938964844,64.29325103759766,3122400
2021-06-01,68.20999908447266,69.41000366210938,67.88999938964844,68.69999694824219,65.30081176757812,3747000
2021-06-02,68.80000305175781,69.66999816894531,68.69999694824219,69.4000015258789,65.96617126464844,4003800
2021-06-03,69.0199966430664,69.19999694824219,67.63999938964844,67.79000091552734,64.43585205078125,1820500
2021-06-04,67.93000030517578,68.37999725341797,67.62999725341797,68.1500015258789,64.77802276611328,1111900
2021-06-07,68.1500015258789,68.80999755859375,68.0,68.80000305175781,65.39586639404297,1467600
2021-06-08,68.9800033569336,69.37999725341797,68.44999694824219,69.31999969482422,65.89012145996094,2451300
2021-06-09,69.4000015258789,69.58000183105469,68.55000305175781,68.5999984741211,65.20574951171875,2039200
2021-06-10,68.88999938964844,69.36000061035156,68.75499725341797,69.12999725341797,65.70954895019531,2664100
2021-06-11,69.12000274658203,69.43000030517578,69.02999877929688,69.33999633789062,65.9091567993164,878200
2021-06-14,69.41000366210938,69.54000091552734,68.79000091552734,69.08000183105469,65.6620101928711,1700900
2021-06-15,69.0,69.0,67.66999816894531,68.05000305175781,64.68297576904297,1359100
2021-06-16,67.94999694824219,68.01499938964844,66.86000061035156,67.0,63.68492126464844,1741500
2021-06-17,66.91000366210938,67.44000244140625,65.5999984741211,65.81999969482422,62.563316345214844,4096900
2021-06-18,66.33000183105469,66.62000274658203,65.16000366210938,65.80999755859375,62.55379867553711,3533300
2021-06-21,66.19999694824219,66.75,65.62000274658203,66.63999938964844,63.34272384643555,2434400
2021-06-22,66.38999938964844,66.91999816894531,66.38600158691406,66.5,63.209659576416016,1387000
2021-06-23,66.81999969482422,67.11000061035156,66.4000015258789,66.48999786376953,63.20014572143555,1164900
2021-06-24,66.72000122070312,67.44000244140625,66.5,66.9800033569336,63.6659049987793,1056700
2021-06-25,66.91999816894531,67.05000305175781,65.9800033569336,66.0,62.73440170288086,2353000
2021-06-28,66.18000030517578,66.375,65.23999786376953,65.72000122070312,62.46825408935547,1278300
2021-06-29,65.51000213623047,65.98999786376953,65.04000091552734,65.94000244140625,62.6773681640625,1216600
2021-06-30,65.87000274658203,66.6500015258789,65.79000091552734,66.25,62.97203063964844,2001200
2021-07-01,66.41000366210938,66.55000305175781,65.69999694824219,66.01000213623047,62.743896484375,1239100
2021-07-02,66.0999984741211,66.5199966430664,65.94999694824219,66.29000091552734,63.010040283203125,1308200
2021-07-06,65.9800033569336,66.62000274658203,65.66999816894531,66.58000183105469,63.285709381103516,1540800
2021-07-07,66.20999908447266,66.91000366210938,66.0,66.58999633789062,63.29518508911133,1581900
2021-07-08,65.55999755859375,65.98999786376953,65.12000274658203,65.38999938964844,62.15458297729492,1749000
2021-07-09,65.83000183105469,65.8499984741211,65.30000305175781,65.36000061035156,62.12607192993164,1829800
2021-07-12,65.31999969482422,65.77999877929688,65.19999694824219,65.54000091552734,62.29716491699219,1297800
2021-07-13,65.73999786376953,66.04000091552734,65.31999969482422,65.33999633789062,62.1070556640625,1237100
2021-07-14,65.5,65.80000305175781,64.7300033569336,64.97000122070312,61.75537109375,1728100
2021-07-15,64.94999694824219,65.5790023803711,64.77999877929688,65.30000305175781,62.06903839111328,1066000
2021-07-16,65.69999694824219,65.95999908447266,64.66999816894531,64.69999694824219,61.49872970581055,1237600
2021-07-19,64.0999984741211,64.48999786376953,63.279998779296875,63.779998779296875,60.62424087524414,1497100
2021-07-20,64.08999633789062,64.8550033569336,63.790000915527344,64.63999938964844,61.44169235229492,1626600
2021-07-21,64.83000183105469,65.66999816894531,64.54000091552734,65.19000244140625,61.96448516845703,1175100
2021-07-22,65.33000183105469,66.08999633789062,65.1500015258789,65.7300033569336,62.47776794433594,1145900
2021-07-23,65.36000061035156,66.26000213623047,65.13200378417969,66.16000366210938,62.886474609375,1489000
2021-07-26,65.44000244140625,65.91000366210938,64.27999877929688,64.48999786376953,61.29911804199219,2538400
2021-07-27,61.29999923706055,61.680999755859375,59.849998474121094,61.25,58.21943283081055,5637600
2021-07-28,62.439998626708984,63.439998626708984,62.0,62.369998931884766,59.284000396728516,3174900
2021-07-29,61.29999923706055,62.65999984741211,60.54999923706055,62.400001525878906,59.31252670288086,3066500
2021-07-30,61.68000030517578,62.619998931884766,61.68000030517578,62.189998626708984,59.1129150390625,2305100
2021-08-02,62.415000915527344,62.72999954223633,60.91999816894531,61.880001068115234,58.81825637817383,3812000
2021-08-03,62.220001220703125,62.220001220703125,60.83000183105469,61.439998626708984,58.400028228759766,3697700
2021-08-04,61.7599983215332,62.560001373291016,61.5099983215332,62.470001220703125,59.37906265258789,2564200
2021-08-05,62.4900016784668,62.4900016784668,61.34000015258789,61.529998779296875,58.485572814941406,1879700
2021-08-06,61.72999954223633,62.10499954223633,61.54999923706055,61.7400016784668,58.685184478759766,1570700
2021-08-09,61.7599983215332,61.95000076293945,61.15999984741211,61.349998474121094,58.31447219848633,1411700
2021-08-10,61.5099983215332,61.58000183105469,60.66999816894531,61.099998474121094,58.07684326171875,2895600
2021-08-11,61.099998474121094,61.52000045776367,60.90999984741211,61.279998779296875,58.24794006347656,1568600
2021-08-12,60.7400016784668,61.20000076293945,60.310001373291016,61.150001525878906,58.1243782043457,968700
2021-08-13,60.93000030517578,61.77000045776367,60.93000030517578,61.540000915527344,58.49509048461914,1780600
2021-08-16,61.349998474121094,61.54999923706055,60.619998931884766,60.77000045776367,57.763179779052734,1419800
2021-08-17,60.0,60.29999923706055,58.939998626708984,60.279998779296875,57.297420501708984,3633300
2021-08-18,60.52000045776367,60.900001525878906,59.029998779296875,59.130001068115234,56.204322814941406,2815500
2021-08-19,58.58000183105469,59.34000015258789,58.34000015258789,58.959999084472656,56.042728424072266,1992100
2021-08-20,58.83000183105469,59.310001373291016,58.68000030517578,59.16999816894531,56.242332458496094,1542400
2021-08-23,59.65999984741211,60.400001525878906,59.470001220703125,60.18000030517578,57.202369689941406,2313800
2021-08-24,60.439998626708984,61.310001373291016,60.400001525878906,61.0099983215332,58.1071662902832,2968700
2021-08-25,60.709999084472656,61.395999908447266,60.47999954223633,61.15999984741211,58.250038146972656,1916400
2021-08-26,61.189998626708984,61.54999923706055,60.15999984741211,60.29999923706055,57.430946350097656,2298000
2021-08-27,60.06999969482422,60.4900016784668,59.70000076293945,60.36000061035156,57.488094329833984,1283300
2021-08-30,60.45000076293945,60.91999816894531,60.18000030517578,60.54999923706055,57.66905212402344,2234100
2021-08-31,61.16999816894531,62.08000183105469,61.029998779296875,61.560001373291016,58.631004333496094,4013200
2021-09-01,61.75,62.779998779296875,61.75,62.08000183105469,59.12626266479492,2151900
2021-09-02,62.279998779296875,62.77000045776367,62.130001068115234,62.43000030517578,59.4596061706543,1612800
2021-09-03,62.790000915527344,63.34000015258789,62.36000061035156,62.5,59.526275634765625,1384400
2021-09-07,62.93000030517578,63.45000076293945,62.279998779296875,62.470001220703125,59.49769973754883,2051000
2021-09-08,62.099998474121094,62.36000061035156,60.439998626708984,61.58000183105469,58.65005111694336,2496900
2021-09-09,61.189998626708984,62.04999923706055,60.880001068115234,61.470001220703125,58.5452880859375,2286200
2021-09-10,62.02000045776367,62.470001220703125,61.2599983215332,61.310001373291016,58.39289474487305,2186700
2021-09-13,61.20000076293945,61.9900016784668,60.939998626708984,61.939998626708984,58.992919921875,1483400
2021-09-14,61.7599983215332,61.790000915527344,60.98500061035156,61.220001220703125,58.30718231201172,1169600
2021-09-15,58.099998474121094,58.869998931884766,57.0099983215332,57.599998474121094,54.859405517578125,4317300
2021-09-16,56.689998626708984,56.849998474121094,55.16999816894531,55.68000030517578,53.03076934814453,4596300
2021-09-17,55.529998779296875,55.900001525878906,54.849998474121094,54.849998474121094,52.240257263183594,4798900
2021-09-20,53.630001068115234,54.029998779296875,52.529998779296875,53.560001373291016,51.01164245605469,3567600
2021-09-21,53.900001525878906,54.88999938964844,53.79999923706055,54.150001525878906,51.57356262207031,3624500
2021-09-22,54.54999923706055,55.31999969482422,54.150001525878906,54.41999816894531,51.83072280883789,4981500
2021-09-23,54.849998474121094,56.540000915527344,54.84000015258789,56.439998626708984,53.754608154296875,6160800
2021-09-24,56.900001525878906,58.39500045776367,56.88999938964844,58.13999938964844,55.373722076416016,5070900
2021-09-27,58.0099983215332,58.849998474121094,58.0099983215332,58.68000030517578,55.88802719116211,3840900
2021-09-28,58.63999938964844,59.18000030517578,58.52199935913086,58.88999938964844,56.08803939819336,3749800
2021-09-29,58.66999816894531,58.869998931884766,58.03499984741211,58.439998626708984,55.65945053100586,2948400
2021-09-30,59.22999954223633,59.79999923706055,58.09000015258789,58.11000061035156,55.345149993896484,3249100
2021-10-01,58.34000015258789,58.66999816894531,57.369998931884766,58.43000030517578,55.649925231933594,2418700
2021-10-04,57.779998779296875,58.11000061035156,57.15999984741211,57.900001525878906,55.145145416259766,2696100
2021-10-05,57.5099983215332,58.470001220703125,57.5099983215332,58.2599983215332,55.48801040649414,2712500
2021-10-06,57.939998626708984,58.400001525878906,57.38999938964844,58.380001068115234,55.602298736572266,1770100
2021-10-07,60.0099983215332,60.130001068115234,58.89500045776367,59.40999984741211,56.58329391479492,2492100
2021-10-08,59.31999969482422,59.755001068115234,58.91999816894531,59.29999923706055,56.4785270690918,1995500
2021-10-11,59.529998779296875,59.84000015258789,58.900001525878906,59.189998626708984,56.37376403808594,1634800
2021-10-12,58.9900016784668,59.540000915527344,58.02000045776367,58.34000015258789,55.564205169677734,2437400
2021-10-13,58.619998931884766,58.95000076293945,57.88999938964844,58.939998626708984,56.135658264160156,1507500
2021-10-14,58.900001525878906,59.58000183105469,58.79999923706055,59.560001373291016,56.726158142089844,1223000
2021-10-15,59.9900016784668,61.099998474121094,59.68000030517578,60.86000061035156,57.96430206298828,2131200
2021-10-18,60.970001220703125,61.130001068115234,60.459999084472656,60.88999938964844,57.99287796020508,1952500
2021-10-19,61.130001068115234,61.290000915527344,60.45000076293945,61.060001373291016,58.15479278564453,1547400
2021-10-20,60.5099983215332,61.189998626708984,60.130001068115234,60.43000030517578,57.55476379394531,1961300
2021-10-21,60.04999923706055,60.709999084472656,59.88999938964844,60.63999938964844,57.7547721862793,1940200
2021-10-22,60.529998779296875,60.9900016784668,60.209999084472656,60.470001220703125,57.592857360839844,1386500
2021-10-25,60.31999969482422,60.36000061035156,58.93000030517578,60.2599983215332,57.39285659790039,2005300
2021-10-26,60.27000045776367,60.369998931884766,58.97999954223633,59.34000015258789,56.51662826538086,2045200
2021-10-27,59.13999938964844,59.439998626708984,58.310001373291016,58.63999938964844,55.84992980957031,2248200
2021-10-28,58.790000915527344,59.25,57.22700119018555,57.88999938964844,55.135616302490234,2742600
2021-10-29,57.0099983215332,57.36000061035156,56.189998626708984,57.08000183105469,54.364158630371094,2479100
2021-11-01,57.029998779296875,58.5,56.720001220703125,58.2400016784668,55.468971252441406,3243800
2021-11-02,58.20000076293945,58.20000076293945,55.70000076293945,56.16999816894531,53.49745178222656,4134800
2021-11-03,56.41999816894531,57.66999816894531,56.25,57.31999969482422,54.59273910522461,2662900
2021-11-04,57.560001373291016,57.70000076293945,56.11000061035156,56.31999969482422,53.64031219482422,3034900
2021-11-05,57.15999984741211,58.25,56.970001220703125,57.02000045776367,54.3070068359375,2661800
2021-11-08,56.58000183105469,57.2400016784668,55.779998779296875,56.310001373291016,53.63079071044922,1929700
2021-11-09,56.68000030517578,56.68000030517578,55.16999816894531,55.189998626708984,52.564090728759766,1566700
2021-11-10,55.0,55.779998779296875,54.810001373291016,55.11000061035156,52.487892150878906,1383200
2021-11-11,55.27000045776367,55.6349983215332,54.834999084472656,55.06999969482422,52.449798583984375,1593400
2021-11-12,55.0,55.13999938964844,54.59000015258789,54.66999816894531,52.06882095336914,1541800
2021-11-15,54.84000015258789,55.189998626708984,54.58000183105469,54.81999969482422,52.21168899536133,1473700
2021-11-16,55.04999923706055,55.36000061035156,54.63999938964844,54.97999954223633,52.364078521728516,1753100
2021-11-17,54.91999816894531,55.22999954223633,54.099998474121094,54.560001373291016,51.96406173706055,1494000
2021-11-18,54.4900016784668,54.70000076293945,53.31999969482422,53.459999084472656,50.9163932800293,2015300
2021-11-19,53.290000915527344,53.83000183105469,52.880001068115234,53.4900016784668,50.944969177246094,2234300
2021-11-22,53.65999984741211,53.97999954223633,53.23500061035156,53.349998474121094,50.811622619628906,1620700
2021-11-23,53.33000183105469,53.54999923706055,52.619998931884766,53.0,50.592079162597656,1783800
2021-11-24,52.61000061035156,53.790000915527344,52.58000183105469,53.33000183105469,50.90708923339844,1413600
2021-11-26,52.4900016784668,52.599998474121094,50.595001220703125,51.119998931884766,48.797489166259766,2120000
2021-11-29,51.474998474121094,51.474998474121094,49.95500183105469,50.470001220703125,48.17701721191406,3367200
2021-11-30,50.15999984741211,50.959999084472656,49.84600067138672,50.099998474121094,47.82382583618164,4752600
2021-12-01,50.83000183105469,51.619998931884766,49.70000076293945,49.709999084472656,47.45155334472656,2462300
2021-12-02,50.16999816894531,50.92499923706055,49.470001220703125,50.09000015258789,47.81428909301758,2652300
2021-12-03,49.77000045776367,50.20000076293945,48.19200134277344,48.650001525878906,46.4397087097168,3149400
2021-12-06,48.81999969482422,51.040000915527344,48.81999969482422,50.86000061035156,48.54930114746094,3373700
2021-12-07,51.68000030517578,52.97999954223633,51.68000030517578,52.060001373291016,49.69478988647461,2100000
2021-12-08,52.0,52.244998931884766,51.4900016784668,51.72999954223633,49.37977600097656,1611600
2021-12-09,51.310001373291016,51.88999938964844,51.09000015258789,51.34000015258789,49.00749969482422,1456200
2021-12-10,51.38999938964844,51.494998931884766,50.349998474121094,50.650001525878906,48.34884262084961,2382400
2021-12-13,50.470001220703125,50.470001220703125,48.856998443603516,49.61000061035156,47.35609817504883,3216200
2021-12-14,49.029998779296875,49.79999923706055,48.56999969482422,48.61000061035156,46.401527404785156,1867800
2021-12-15,48.060001373291016,48.060001373291016,47.150001525878906,47.810001373291016,45.637874603271484,3505100
2021-12-16,48.11000061035156,49.189998626708984,47.900001525878906,48.720001220703125,46.506526947021484,2957700
2021-12-17,48.380001068115234,49.099998474121094,47.400001525878906,48.630001068115234,46.420616149902344,3466500
2021-12-20,47.33000183105469,48.130001068115234,46.90999984741211,47.20000076293945,45.05559158325195,2253300
2021-12-21,47.61000061035156,49.06999969482422,47.31999969482422,48.5,46.29653549194336,1586600
2021-12-22,48.25,48.474998474121094,47.83000183105469,47.91999816894531,45.74287033081055,1316000
2021-12-23,48.2599983215332,48.380001068115234,47.72999954223633,48.2400016784668,46.048336029052734,1159500
2021-12-27,48.04999923706055,48.32600021362305,47.689998626708984,48.20000076293945,46.01015090942383,1870200
2021-12-28,48.060001373291016,48.44499969482422,47.75,47.900001525878906,45.723785400390625,1577300
2021-12-29,47.849998474121094,48.040000915527344,47.0099983215332,47.38999938964844,45.2369499206543,1573300
2021-12-30,47.66999816894531,49.380001068115234,47.619998931884766,49.279998779296875,47.04108810424805,2787900
2021-12-31,49.060001373291016,50.34000015258789,49.060001373291016,49.84000015258789,47.57564926147461,2484000
2022-01-03,49.84000015258789,50.38999938964844,49.069000244140625,49.540000915527344,47.289276123046875,1715100
2022-01-04,49.650001525878906,49.68000030517578,48.720001220703125,49.0,46.77381134033203,2094300
2022-01-05,48.7400016784668,49.65999984741211,48.0099983215332,48.029998779296875,45.847877502441406,1778600
2022-01-06,48.33000183105469,49.02000045776367,47.6349983215332,48.709999084472656,46.496986389160156,1829300
2022-01-07,48.540000915527344,50.40999984741211,48.540000915527344,49.689998626708984,47.43246078491211,2493600
2022-01-10,49.72999954223633,49.939998626708984,47.72100067138672,48.38999938964844,46.191524505615234,2253400
2022-01-11,48.470001220703125,49.40999984741211,48.349998474121094,48.84000015258789,46.62107467651367,1991900
2022-01-12,48.61000061035156,49.43000030517578,47.95000076293945,48.47999954223633,46.277435302734375,2232000
2022-01-13,48.77000045776367,48.849998474121094,47.779998779296875,47.95000076293945,45.771514892578125,1954100
2022-01-14,48.0,48.2400016784668,45.599998474121094,46.52000045776367,44.40647888183594,4806100
2022-01-18,45.88999938964844,46.709999084472656,45.4900016784668,45.65999984741211,43.58555221557617,2573900
2022-01-19,45.79999923706055,46.45500183105469,45.459999084472656,45.529998779296875,43.461456298828125,2468500
2022-01-20,47.150001525878906,47.540000915527344,45.59000015258789,45.68000030517578,43.60464096069336,2684100
2022-01-21,46.22999954223633,46.4900016784668,45.41999816894531,45.66999816894531,43.595088958740234,2435000
2022-01-24,44.939998626708984,46.029998779296875,43.90999984741211,45.970001220703125,43.881473541259766,2308200
2022-01-25,45.459999084472656,46.29999923706055,44.900001525878906,45.619998931884766,43.54736328125,2087700
2022-01-26,45.869998931884766,46.5,44.95000076293945,45.119998931884766,43.07008743286133,1409700
2022-01-27,45.36000061035156,45.58000183105469,44.40999984741211,44.61000061035156,42.583255767822266,1945300
2022-01-28,44.959999084472656,46.27000045776367,44.63999938964844,46.150001525878906,44.053287506103516,1868700
2022-01-31,46.630001068115234,48.25,46.38999938964844,48.16999816894531,45.98151397705078,2376300
2022-02-01,48.06999969482422,48.709999084472656,47.86000061035156,48.4900016784668,46.286983489990234,2282400
2022-02-02,48.4900016784668,48.540000915527344,47.599998474121094,47.75,45.580596923828125,1583000
2022-02-03,47.459999084472656,47.970001220703125,46.790000915527344,46.91999816894531,44.78830337524414,1381700
2022-02-04,46.459999084472656,47.790000915527344,46.09000015258789,47.5099983215332,45.35150146484375,1711600
2022-02-07,47.189998626708984,47.470001220703125,45.93000030517578,46.06999969482422,43.9769172668457,4480900
2022-02-08,45.970001220703125,46.709999084472656,45.72999954223633,46.619998931884766,44.50193405151367,2606500
2022-02-09,44.7599983215332,47.869998931884766,44.650001525878906,47.310001373291016,45.160579681396484,4801100
2022-02-10,47.5,50.4900016784668,47.279998779296875,50.15999984741211,47.88111114501953,5046500
2022-02-11,50.25,53.959999084472656,50.25,51.20000076293945,48.87385177612305,6661700
2022-02-14,50.84000015258789,51.61000061035156,50.279998779296875,50.47999954223633,48.186561584472656,3997200
2022-02-15,50.97999954223633,52.11000061035156,50.810001373291016,51.90999984741211,49.55160140991211,2172800
2022-02-16,52.16999816894531,52.7599983215332,51.875,52.400001525878906,50.01934051513672,2542000
2022-02-17,51.86000061035156,52.68000030517578,51.43000030517578,51.93000030517578,49.57069778442383,1790500
2022-02-18,51.709999084472656,52.880001068115234,51.58000183105469,52.41999816894531,50.038429260253906,1582200
2022-02-22,51.79999923706055,52.900001525878906,51.48500061035156,52.65999984741211,50.26752471923828,3586100
2022-02-23,52.900001525878906,53.029998779296875,50.22999954223633,51.2400016784668,48.912044525146484,3739400
2022-02-24,49.36000061035156,50.98500061035156,48.880001068115234,50.650001525878906,48.34884262084961,2447400
2022-02-25,50.97999954223633,52.060001373291016,50.65999984741211,52.04999923706055,49.68524169921875,1692700
2022-02-28,51.45000076293945,52.349998474121094,51.224998474121094,52.02000045776367,49.6566047668457,3647000
2022-03-01,51.810001373291016,52.619998931884766,51.375,52.04999923706055,49.68524169921875,1957600
2022-03-02,52.79999923706055,54.38999938964844,52.630001068115234,53.900001525878906,51.45119094848633,3391000
2022-03-03,54.08000183105469,54.130001068115234,51.790000915527344,52.099998474121094,49.73295593261719,2953700
2022-03-04,51.290000915527344,51.44499969482422,49.95000076293945,50.41999816894531,48.12928771972656,2727100
2022-03-07,50.0,50.0,46.560001373291016,46.720001220703125,44.703792572021484,3630100
2022-03-08,46.900001525878906,48.0099983215332,45.79999923706055,46.4900016784668,44.48371505737305,2379400
2022-03-09,47.810001373291016,50.130001068115234,47.560001373291016,49.810001373291016,47.660438537597656,2611400
2022-03-10,45.90999984741211,47.41999816894531,42.26499938964844,44.36000061035156,42.44563674926758,7230500
2022-03-11,45.189998626708984,45.70000076293945,37.40999984741211,37.47999954223633,35.8625373840332,12955500
2022-03-14,35.099998474121094,37.04999923706055,33.54999923706055,36.54999923706055,34.97268295288086,9446100
2022-03-15,37.02000045776367,40.56999969482422,36.65999984741211,39.56999969482422,37.86234664916992,7767600
2022-03-16,44.2599983215332,45.060001373291016,40.880001068115234,43.31999969482422,41.450523376464844,8337400
2022-03-17,43.099998474121094,43.86000061035156,41.0099983215332,43.33000183105469,41.460086822509766,4464900
2022-03-18,43.060001373291016,45.0,43.04999923706055,44.45000076293945,42.5317497253418,4076900
2022-03-21,43.400001525878906,44.400001525878906,41.86000061035156,42.52000045776367,40.68503952026367,1997400
2022-03-22,43.369998931884766,45.77000045776367,43.310001373291016,45.5099983215332,43.5460090637207,3679700
2022-03-23,44.540000915527344,44.970001220703125,42.72999954223633,43.220001220703125,41.354835510253906,2936900
2022-03-24,43.4900016784668,43.75,42.16999816894531,43.400001525878906,41.527069091796875,2373600
2022-03-25,42.61000061035156,42.665000915527344,40.84000015258789,41.2599983215332,39.47941970825195,2349900
2022-03-28,41.06999969482422,42.619998931884766,41.060001373291016,42.18000030517578,40.359718322753906,1515700
2022-03-29,43.08000183105469,44.4900016784668,42.9900016784668,43.560001373291016,41.68016052246094,2183000
2022-03-30,43.11000061035156,44.20000076293945,43.029998779296875,43.709999084472656,41.82368087768555,1225800
2022-03-31,43.91999816894531,44.400001525878906,41.31999969482422,41.540000915527344,39.74732971191406,2961600
2022-04-01,43.70000076293945,44.65999984741211,43.13999938964844,44.09000015258789,42.18729019165039,2247900
2022-04-04,44.04999923706055,44.42499923706055,42.900001525878906,43.970001220703125,42.07246780395508,1939500
2022-04-05,43.36000061035156,43.81999969482422,42.400001525878906,42.540000915527344,40.70417785644531,1539200
2022-04-06,41.869998931884766,42.720001220703125,40.790000915527344,42.25,40.42669677734375,1650700
2022-04-07,41.77000045776367,42.70000076293945,41.709999084472656,41.77000045776367,39.9674072265625,1688500
2022-04-08,41.529998779296875,42.81999969482422,41.16999816894531,41.720001220703125,39.91957092285156,1449700
2022-04-11,41.0,42.150001525878906,40.029998779296875,40.59000015258789,38.83833312988281,2357100
2022-04-12,41.15999984741211,41.6150016784668,39.86000061035156,40.189998626708984,38.45559310913086,2220900
2022-04-13,40.79999923706055,42.630001068115234,40.349998474121094,41.97999954223633,40.168338775634766,1914200
2022-04-14,41.7599983215332,42.084999084472656,41.20000076293945,41.84000015258789,40.03437805175781,1392600
2022-04-18,41.5,42.77000045776367,41.27000045776367,42.560001373291016,40.72331619262695,1944200
2022-04-19,41.939998626708984,43.58000183105469,41.939998626708984,43.13999938964844,41.278282165527344,1817900
2022-04-20,43.560001373291016,43.77000045776367,42.720001220703125,43.40999984741211,41.5366325378418,1589800
2022-04-21,43.5,43.90999984741211,40.9900016784668,41.08000183105469,39.30717849731445,1568100
2022-04-22,41.43000030517578,41.900001525878906,40.540000915527344,40.91999816894531,39.154090881347656,1736700
2022-04-25,40.189998626708984,41.02000045776367,39.2599983215332,40.970001220703125,39.20193099975586,1767600
2022-04-26,40.959999084472656,40.959999084472656,39.14500045776367,39.380001068115234,37.68054962158203,2050100
2022-04-27,39.689998626708984,40.72999954223633,39.33000183105469,39.93000030517578,38.20681381225586,1636600
2022-04-28,41.5,41.72999954223633,40.209999084472656,41.0,39.23063659667969,1670000
2022-04-29,41.88999938964844,42.540000915527344,41.540000915527344,41.79999923706055,39.99610900878906,3175800
2022-05-02,41.54999923706055,42.25,40.6349983215332,41.810001373291016,40.00568389892578,1869500
2022-05-03,41.560001373291016,41.88999938964844,40.75,41.02000045776367,39.24977493286133,2047800
2022-05-04,41.650001525878906,42.790000915527344,40.58000183105469,42.560001373291016,40.72331619262695,1794400
2022-05-05,41.29999923706055,42.22999954223633,40.380001068115234,40.7400016784668,38.98185729980469,1440900
2022-05-06,40.130001068115234,40.869998931884766,39.41999816894531,40.209999084472656,38.474727630615234,1736400
2022-05-09,39.09000015258789,39.52000045776367,38.06999969482422,38.209999084472656,36.561038970947266,1858000
2022-05-10,38.54999923706055,40.130001068115234,38.459999084472656,38.90999984741211,37.2308349609375,2295200
2022-05-11,38.9900016784668,39.474998474121094,37.41999816894531,37.52000045776367,35.900814056396484,2402900
2022-05-12,37.439998626708984,38.099998474121094,36.04899978637695,37.470001220703125,35.85297775268555,1981600
2022-05-13,37.97999954223633,39.470001220703125,37.91999816894531,39.29999923706055,37.60399627685547,2201300
2022-05-16,39.38999938964844,40.2599983215332,39.13999938964844,39.45000076293945,37.747528076171875,1302700
2022-05-17,40.91999816894531,41.70000076293945,40.68000030517578,41.06999969482422,39.29761505126953,1965400
2022-05-18,40.689998626708984,41.43000030517578,39.83000183105469,40.880001068115234,39.11581802368164,2433600
2022-05-19,40.47999954223633,41.77000045776367,40.33000183105469,40.7599983215332,39.00099563598633,1951600
2022-05-20,41.66999816894531,42.380001068115234,41.0099983215332,42.189998626708984,40.369285583496094,3704000
2022-05-23,42.06999969482422,42.84000015258789,41.119998931884766,42.150001525878906,40.33101272583008,2263800
2022-05-24,41.11000061035156,41.470001220703125,39.7400016784668,40.349998474121094,38.60868453979492,2275300
2022-05-25,39.97999954223633,41.20000076293945,39.709999084472656,40.70000076293945,38.94358825683594,2727700
2022-05-26,40.779998779296875,43.209999084472656,40.75,43.029998779296875,41.17302703857422,2303700
2022-05-27,43.06999969482422,43.540000915527344,42.86000061035156,43.22999954223633,41.48007583618164,1507500
2022-05-31,45.20000076293945,48.900001525878906,45.08000183105469,45.459999084472656,43.61980056762695,9472400
2022-06-01,46.630001068115234,47.68000030517578,44.630001068115234,44.79999923706055,42.98652267456055,2878300
2022-06-02,44.79999923706055,45.11000061035156,43.349998474121094,44.77000045776367,42.95774459838867,3296800
2022-06-03,44.36000061035156,44.54999923706055,43.2400016784668,43.459999084472656,41.70076370239258,1394100
2022-06-06,45.779998779296875,46.97999954223633,45.005001068115234,45.36000061035156,43.52384948730469,2384400
2022-06-07,46.189998626708984,47.0,45.369998931884766,45.939998626708984,44.08037567138672,2077900
2022-06-08,46.2400016784668,47.58000183105469,46.2400016784668,47.38999938964844,45.47168731689453,2180200
2022-06-09,43.15999984741211,43.91999816894531,41.540000915527344,43.560001373291016,41.79671859741211,7011000
2022-06-10,43.29999923706055,44.459999084472656,42.209999084472656,42.86000061035156,41.12506103515625,3226800
2022-06-13,41.2400016784668,41.314998626708984,38.470001220703125,38.66999816894531,37.10466003417969,4266800
2022-06-14,40.779998779296875,41.0,39.65999984741211,40.459999084472656,38.82220458984375,3442100
2022-06-15,40.91999816894531,41.9900016784668,40.540000915527344,41.380001068115234,39.7049674987793,2494100
2022-06-16,40.16999816894531,40.599998474121094,39.58000183105469,39.81999969482422,38.20811080932617,2329900
2022-06-17,40.97999954223633,41.310001373291016,39.84000015258789,40.45000076293945,38.8126106262207,3133300
2022-06-21,41.2599983215332,41.845001220703125,40.900001525878906,41.66999816894531,39.98322677612305,2876200
2022-06-22,41.029998779296875,41.75,40.83000183105469,41.47999954223633,39.8009147644043,2584300
2022-06-23,42.0,42.790000915527344,41.65999984741211,42.689998626708984,40.961936950683594,3427000
2022-06-24,43.81999969482422,46.41999816894531,43.36000061035156,43.84000015258789,42.06538391113281,29052000
2022-06-27,45.54999923706055,46.21500015258789,45.22999954223633,46.0,44.13795471191406,3391500
2022-06-28,48.0,49.16999816894531,47.20000076293945,48.0099983215332,46.06658172607422,4488900
2022-06-29,47.56999969482422,48.0,46.61000061035156,47.61000061035156,45.682777404785156,3893600
2022-06-30,47.02000045776367,48.56999969482422,46.7400016784668,48.5,46.53675079345703,3777700
2022-07-01,48.279998779296875,50.63999938964844,47.689998626708984,50.619998931884766,48.57093811035156,4218600
2022-07-05,49.0,49.599998474121094,45.97600173950195,47.130001068115234,45.22221755981445,4236400
2022-07-06,47.45000076293945,47.939998626708984,45.88999938964844,47.630001068115234,45.70196533203125,2776800
2022-07-07,47.83000183105469,49.08000183105469,47.7599983215332,48.15999984741211,46.21051788330078,1995400
2022-07-08,48.2599983215332,48.61000061035156,47.900001525878906,48.310001373291016,46.35444641113281,1238500
2022-07-11,46.849998474121094,46.959999084472656,44.7599983215332,45.099998474121094,43.274383544921875,2661300
2022-07-12,44.86000061035156,46.79999923706055,44.709999084472656,46.33000183105469,44.45458984375,3250500
2022-07-13,45.459999084472656,46.970001220703125,45.08000183105469,46.66999816894531,44.780826568603516,1307800
2022-07-14,46.439998626708984,46.5099983215332,45.70000076293945,45.81999969482422,43.965232849121094,1743100
2022-07-15,46.040000915527344,46.11000061035156,45.099998474121094,45.97999954223633,44.11875915527344,1412700
2022-07-18,46.529998779296875,47.38999938964844,45.93000030517578,46.0099983215332,44.14754867553711,1067100
2022-07-19,46.599998474121094,47.36000061035156,46.599998474121094,47.15999984741211,45.2509880065918,1287700
2022-07-20,47.43000030517578,47.68000030517578,46.595001220703125,46.779998779296875,44.88637924194336,1372000
2022-07-21,46.900001525878906,47.31999969482422,46.599998474121094,47.27000045776367,45.35654067993164,1201900
2022-07-22,47.41999816894531,47.88999938964844,45.959999084472656,46.099998474121094,44.23390197753906,1489100
2022-07-25,45.70000076293945,46.2400016784668,44.9900016784668,45.0,43.17843246459961,2632500
2022-07-26,45.15999984741211,45.689998626708984,45.040000915527344,45.45000076293945,43.6102180480957,2084500
2022-07-27,45.47999954223633,46.72999954223633,45.47999954223633,46.47999954223633,44.5985221862793,958800
2022-07-28,46.310001373291016,47.08000183105469,45.40999984741211,47.08000183105469,45.17423629760742,1822600
2022-07-29,48.900001525878906,50.720001220703125,47.81999969482422,48.709999084472656,46.738250732421875,3104000
2022-08-01,47.099998474121094,48.56999969482422,46.65399932861328,47.27000045776367,45.35654067993164,2172900
2022-08-02,46.45000076293945,48.27000045776367,46.099998474121094,48.0,46.05698013305664,2237700
2022-08-03,47.4900016784668,47.7400016784668,46.5099983215332,47.470001220703125,45.54844665527344,1400800
2022-08-04,48.9900016784668,49.369998931884766,48.38999938964844,49.150001525878906,47.16043472290039,1403000
2022-08-05,48.47999954223633,48.67499923706055,47.65999984741211,48.130001068115234,46.18172836303711,1125600
2022-08-08,47.33000183105469,48.9900016784668,47.119998931884766,48.04999923706055,46.10496139526367,1276600
2022-08-09,47.58000183105469,48.2400016784668,47.310001373291016,47.790000915527344,45.855491638183594,861300
2022-08-10,48.04999923706055,48.52000045776367,47.375,48.380001068115234,46.42161178588867,824700
2022-08-11,49.0,49.439998626708984,48.220001220703125,48.27000045776367,46.31605529785156,1032500
2022-08-12,48.11000061035156,48.40999984741211,47.849998474121094,48.06999969482422,46.124149322509766,1147900
2022-08-15,47.52000045776367,48.529998779296875,47.47999954223633,48.150001525878906,46.20092010498047,1601700
2022-08-16,47.849998474121094,48.34000015258789,47.709999084472656,48.0,46.05698013305664,1448900
2022-08-17,47.970001220703125,48.80500030517578,47.86000061035156,48.130001068115234,46.18172836303711,1392300
2022-08-18,47.45000076293945,48.04999923706055,46.400001525878906,46.900001525878906,45.001522064208984,6319600
2022-08-19,46.900001525878906,47.77000045776367,46.47999954223633,47.15999984741211,45.2509880065918,1884800
2022-08-22,47.7400016784668,48.290000915527344,46.79999923706055,48.060001373291016,46.114566802978516,3712100
2022-08-23,48.5099983215332,49.470001220703125,48.29999923706055,48.83000183105469,46.8533935546875,2286900
2022-08-24,48.099998474121094,48.224998474121094,46.77000045776367,48.09000015258789,46.25702667236328,2899300
2022-08-25,48.68000030517578,50.290000915527344,48.57500076293945,50.0099983215332,48.103843688964844,2316000
2022-08-26,52.0,52.0,49.369998931884766,49.45000076293945,47.565185546875,2036700
2022-08-29,49.54999923706055,51.04999923706055,49.54999923706055,50.02000045776367,48.11346435546875,2022100
2022-08-30,50.58000183105469,50.630001068115234,48.4900016784668,48.869998931884766,47.007293701171875,2756100
2022-08-31,49.18000030517578,50.599998474121094,48.90999984741211,50.11000061035156,48.20003128051758,4245000
2022-09-01,49.380001068115234,49.470001220703125,48.18000030517578,48.63999938964844,46.78605651855469,2074600
2022-09-02,48.20000076293945,49.0099983215332,47.52000045776367,47.79999923706055,45.97807693481445,1816900
2022-09-06,48.54999923706055,48.790000915527344,47.68000030517578,47.93000030517578,46.103118896484375,2180700
2022-09-07,48.029998779296875,48.970001220703125,47.68000030517578,48.880001068115234,47.01692199707031,2166700
2022-09-08,48.599998474121094,49.560001373291016,48.25,49.5099983215332,47.62289810180664,1089700
2022-09-09,50.09000015258789,50.16999816894531,49.43000030517578,49.599998474121094,47.70947265625,1035600
2022-09-12,49.599998474121094,49.720001220703125,48.7400016784668,49.5,47.613285064697266,1830100
2022-09-13,49.29999923706055,50.93000030517578,49.25,49.75,47.85375213623047,2362900
2022-09-14,50.0,50.20000076293945,49.2400016784668,49.810001373291016,47.911468505859375,2984500
2022-09-15,50.869998931884766,52.36000061035156,50.27000045776367,50.47999954223633,48.55592727661133,5619100
2022-09-16,49.5,50.130001068115234,48.974998474121094,49.779998779296875,47.88261032104492,7892400
2022-09-19,49.04999923706055,50.099998474121094,49.04999923706055,49.95000076293945,48.04612350463867,1698000
2022-09-20,49.470001220703125,50.959999084472656,49.470001220703125,49.88999938964844,47.9884147644043,1968300
2022-09-21,49.5099983215332,49.7400016784668,48.75,49.040000915527344,47.17081832885742,2314100
2022-09-22,48.70000076293945,49.369998931884766,47.52000045776367,47.599998474121094,45.785701751708984,2340800
2022-09-23,47.04999923706055,48.0099983215332,46.119998931884766,46.599998474121094,44.82381820678711,1461200
2022-09-26,46.439998626708984,47.18000030517578,46.20000076293945,46.27000045776367,44.50639724731445,1168600
2022-09-27,47.130001068115234,48.54999923706055,46.90999984741211,48.0,46.17046356201172,1998700
2022-09-28,47.38999938964844,49.57500076293945,46.970001220703125,49.34000015258789,47.45938491821289,2023100
2022-09-29,48.16999816894531,48.72999954223633,46.775001525878906,47.849998474121094,46.02617645263672,2685200
2022-09-30,47.59000015258789,49.08000183105469,47.130001068115234,47.33000183105469,45.52599334716797,2378800
2022-10-03,47.34000015258789,47.97999954223633,47.20000076293945,47.38999938964844,45.58370590209961,1764200
2022-10-04,48.060001373291016,50.10499954223633,47.7599983215332,49.939998626708984,48.0365104675293,1600800
2022-10-05,50.119998931884766,50.744998931884766,49.869998931884766,50.56999969482422,48.642494201660156,1482800
2022-10-06,50.0099983215332,50.619998931884766,49.65999984741211,49.900001525878906,47.99803161621094,1086900
2022-10-07,49.22999954223633,49.52000045776367,48.71099853515625,48.75,46.891868591308594,1009300
2022-10-10,48.529998779296875,48.79999923706055,47.439998626708984,47.779998779296875,45.95883560180664,1694200
2022-10-11,47.130001068115234,47.66999816894531,44.06999969482422,44.2400016784668,42.55377197265625,2916200
2022-10-12,44.16999816894531,44.810001373291016,43.55500030517578,44.77000045776367,43.06356430053711,2158100
2022-10-13,43.41999816894531,45.15999984741211,43.05500030517578,44.75,43.04432678222656,1563600
2022-10-14,45.540000915527344,46.66999816894531,44.79499816894531,44.83000183105469,43.121280670166016,1942700
2022-10-17,45.86000061035156,47.154998779296875,45.65999984741211,47.0099983215332,45.21818923950195,1924800
2022-10-18,47.619998931884766,47.86000061035156,46.2599983215332,46.79999923706055,45.01618957519531,1143400
2022-10-19,45.63999938964844,46.58000183105469,44.970001220703125,45.099998474121094,43.38098907470703,1396600
2022-10-20,45.20000076293945,45.61000061035156,44.939998626708984,45.31999969482422,43.59260940551758,2503200
2022-10-21,44.95000076293945,45.31999969482422,44.5099983215332,45.13999938964844,43.41946029663086,2202300
2022-10-24,40.06999969482422,40.83000183105469,38.584999084472656,38.84000015258789,37.359596252441406,5777400
2022-10-25,39.689998626708984,40.95000076293945,39.41999816894531,40.90999984741211,39.35069274902344,4132800
2022-10-26,40.95000076293945,43.51499938964844,40.95000076293945,42.18000030517578,40.57228469848633,2031700
2022-10-27,42.0,42.099998474121094,41.34000015258789,41.40999984741211,39.831634521484375,1861900
2022-10-28,40.400001525878906,41.65999984741211,40.0,41.47999954223633,39.898963928222656,2178300
2022-10-31,40.81999969482422,41.86000061035156,40.43000030517578,41.349998474121094,39.7739143371582,2132200
2022-11-01,43.060001373291016,43.91999816894531,42.47999954223633,43.060001373291016,41.41874694824219,2305700
2022-11-02,47.36000061035156,47.959999084472656,45.599998474121094,46.31999969482422,44.55448913574219,4525500
2022-11-03,45.20000076293945,47.525001525878906,44.709999084472656,47.279998779296875,45.4778938293457,4977700
2022-11-04,50.630001068115234,51.29999923706055,48.81999969482422,49.939998626708984,48.0365104675293,4778200
2022-11-07,50.189998626708984,50.529998779296875,49.310001373291016,49.31999969482422,47.44014358520508,2920500
2022-11-08,49.310001373291016,50.439998626708984,49.220001220703125,50.29999923706055,48.382789611816406,1947200
2022-11-09,50.029998779296875,51.099998474121094,49.70500183105469,49.869998931884766,47.969181060791016,3187500
2022-11-10,51.29999923706055,51.84000015258789,50.290000915527344,51.0,49.05610656738281,1785000
2022-11-11,52.400001525878906,54.599998474121094,52.27000045776367,54.08000183105469,52.018714904785156,3213000
2022-11-14,53.88999938964844,54.41999816894531,52.42499923706055,52.779998779296875,50.76825714111328,2127600
2022-11-15,54.22999954223633,55.18000030517578,52.981998443603516,53.02000045776367,50.99911880493164,2815100
2022-11-16,51.790000915527344,54.14500045776367,51.40999984741211,53.61000061035156,51.56663131713867,3224800
2022-11-17,51.97999954223633,54.939998626708984,51.40999984741211,54.900001525878906,52.80746078491211,2601900
2022-11-18,54.31999969482422,54.61000061035156,52.34000015258789,52.810001373291016,50.797119140625,1523700
2022-11-21,52.06999969482422,53.07500076293945,51.599998474121094,52.31999969482422,50.32579040527344,3090100
2022-11-22,51.86000061035156,52.52000045776367,51.13999938964844,52.220001220703125,50.2296028137207,1648700
2022-11-23,52.970001220703125,53.27000045776367,51.65999984741211,52.25,50.25846862792969,1460100
2022-11-25,51.599998474121094,51.875,50.279998779296875,50.56999969482422,48.642494201660156,1230800
2022-11-28,51.27000045776367,52.02000045776367,50.58000183105469,51.779998779296875,49.924842834472656,3252400
2022-11-29,53.869998931884766,54.02000045776367,52.810001373291016,53.43000030517578,51.51572799682617,3019900
2022-11-30,54.7599983215332,55.16999816894531,54.040000915527344,55.119998931884766,53.14518737792969,5799400
2022-12-01,54.4900016784668,55.505001068115234,53.709999084472656,54.779998779296875,52.81736373901367,1512500
2022-12-02,54.68000030517578,55.66999816894531,54.2400016784668,55.4900016784668,53.501930236816406,2012000
2022-12-05,56.66999816894531,57.11000061035156,55.18000030517578,55.470001220703125,53.482643127441406,2556400
2022-12-06,55.810001373291016,57.67900085449219,55.40999984741211,57.02000045776367,54.97711181640625,3661300
2022-12-07,55.599998474121094,57.119998931884766,55.459999084472656,55.599998474121094,53.60797882080078,2641000
2022-12-08,57.439998626708984,58.20000076293945,56.68000030517578,58.040000915527344,55.9605712890625,2501000
2022-12-09,57.7400016784668,57.7400016784668,56.07500076293945,56.529998779296875,54.504661560058594,1789000
2022-12-12,56.130001068115234,57.560001373291016,55.439998626708984,57.08000183105469,55.03495788574219,1793700
2022-12-13,58.0,58.189998626708984,56.56999969482422,57.11000061035156,55.06388473510742,1581400
2022-12-14,56.56999969482422,57.70000076293945,56.130001068115234,57.04999923706055,55.00603103637695,2184400
2022-12-15,57.0,57.5,55.52000045776367,55.779998779296875,53.78153610229492,1989500
2022-12-16,56.0099983215332,56.959999084472656,55.7599983215332,56.0,53.993648529052734,2335200
2022-12-19,55.45000076293945,55.900001525878906,55.11000061035156,55.84000015258789,53.839385986328125,968900
2022-12-20,55.119998931884766,55.935001373291016,55.0099983215332,55.40999984741211,53.42478942871094,1774300
2022-12-21,55.369998931884766,56.72999954223633,55.32500076293945,55.9900016784668,53.9840087890625,1899700
2022-12-22,57.189998626708984,57.61000061035156,55.599998474121094,56.22999954223633,54.215415954589844,1648900
2022-12-23,56.599998474121094,56.880001068115234,54.58000183105469,55.59000015258789,53.59834671020508,1182200
2022-12-27,56.40999984741211,57.13999938964844,56.20000076293945,56.77000045776367,54.73606491088867,836400
2022-12-28,56.720001220703125,57.08000183105469,55.67499923706055,55.779998779296875,53.78153610229492,1173300
2022-12-29,55.880001068115234,56.8650016784668,55.5099983215332,55.900001525878906,53.89723587036133,1831000
2022-12-30,55.0099983215332,55.54999923706055,54.349998474121094,54.650001525878906,52.69202423095703,1977900
2023-01-03,55.59000015258789,56.970001220703125,55.29999923706055,56.41999816894531,54.39860916137695,1388600
2023-01-04,57.45000076293945,58.66999816894531,56.779998779296875,58.650001525878906,56.5487060546875,2205100
2023-01-05,57.5099983215332,59.47999954223633,57.380001068115234,58.040000915527344,55.9605712890625,1599900
2023-01-06,56.15999984741211,58.099998474121094,55.78099822998047,58.02000045776367,55.941280364990234,2204800
2023-01-09,58.5,59.65999984741211,58.040000915527344,58.95000076293945,56.83796310424805,1915500
2023-01-10,59.27000045776367,60.2400016784668,58.72999954223633,59.16999816894531,57.05008316040039,1527200
2023-01-11,59.290000915527344,60.724998474121094,59.18000030517578,59.959999084472656,57.811771392822266,1972700
2023-01-12,58.970001220703125,60.43000030517578,58.880001068115234,60.08000183105469,57.92748260498047,1676900
2023-01-13,60.029998779296875,60.3650016784668,59.5,60.209999084472656,58.052818298339844,1691300
2023-01-17,59.0099983215332,59.79999923706055,57.0,57.09000015258789,55.04459762573242,3024300
2023-01-18,58.20000076293945,58.599998474121094,56.65999984741211,56.7599983215332,54.72642517089844,2449200
2023-01-19,57.09000015258789,58.56999969482422,56.900001525878906,58.20000076293945,56.11483383178711,1789500
2023-01-20,59.310001373291016,59.599998474121094,58.11000061035156,59.099998474121094,56.98259353637695,2133600
2023-01-23,59.13999938964844,61.130001068115234,59.13999938964844,60.88999938964844,58.70845413208008,1654500
2023-01-24,60.91999816894531,61.959999084472656,60.060001373291016,61.81999969482422,59.60513687133789,1568700
2023-01-25,61.970001220703125,62.04999923706055,60.25,61.16999816894531,58.97842025756836,1344500
2023-01-26,62.040000915527344,62.314998626708984,61.02000045776367,62.2400016784668,60.01008605957031,1487200
2023-01-27,62.61000061035156,62.63999938964844,61.540000915527344,62.220001220703125,59.990806579589844,1187600
2023-01-30,60.4900016784668,62.10499954223633,60.16999816894531,61.5099983215332,59.306243896484375,1986700
2023-01-31,61.0,61.900001525878906,60.43000030517578,61.61000061035156,59.40266418457031,1957700
2023-02-01,62.59000015258789,63.060001373291016,61.08000183105469,62.22999954223633,60.00044631958008,2247000
2023-02-02,61.79999923706055,61.91999816894531,59.77000045776367,60.060001373291016,57.90818786621094,2587600
2023-02-03,59.650001525878906,59.68000030517578,58.04999923706055,58.779998779296875,56.67404556274414,2620500
2023-02-06,57.79999923706055,58.70000076293945,56.81999969482422,58.459999084472656,56.365516662597656,3071200
2023-02-07,60.150001525878906,61.25,59.810001373291016,60.38999938964844,58.22637176513672,2321500
2023-02-08,58.689998626708984,60.525001525878906,58.08000183105469,60.0099983215332,57.859981536865234,2605400
2023-02-09,61.540000915527344,62.33000183105469,61.31999969482422,62.13999938964844,59.913673400878906,2416700
2023-02-10,61.41999816894531,62.02000045776367,60.2400016784668,61.16999816894531,58.97842025756836,2603100
2023-02-13,62.20000076293945,62.439998626708984,61.13999938964844,61.20000076293945,59.007347106933594,1374800
2023-02-14,60.54999923706055,61.040000915527344,59.75,60.47999954223633,58.31314468383789,1369800
2023-02-15,59.59000015258789,60.5,59.09000015258789,59.13999938964844,57.021156311035156,2241000
2023-02-16,59.31999969482422,60.70000076293945,59.279998779296875,60.380001068115234,58.21672058105469,2286400
2023-02-17,60.06999969482422,60.65999984741211,59.84000015258789,60.61000061035156,58.43848419189453,1357800
2023-02-21,60.540000915527344,61.36000061035156,60.400001525878906,60.650001525878906,58.477054595947266,1457100
2023-02-22,61.0,62.06999969482422,60.650001525878906,61.58000183105469,59.37373352050781,2038800
2023-02-23,62.38999938964844,62.4900016784668,59.970001220703125,60.25,58.09138488769531,2018500
2023-02-24,59.150001525878906,59.689998626708984,57.630001068115234,58.400001525878906,56.30767059326172,1876800
2023-02-27,58.88999938964844,59.06999969482422,58.0099983215332,59.04999923706055,56.93437194824219,1173800
2023-02-28,58.75,59.27000045776367,58.34000015258789,58.72999954223633,56.62583923339844,3326200
2023-03-01,60.709999084472656,61.30500030517578,60.33000183105469,60.540000915527344,58.371002197265625,1780300
2023-03-02,60.06999969482422,61.875,60.06999969482422,61.70000076293945,59.489437103271484,1684600
2023-03-03,61.619998931884766,62.099998474121094,61.31999969482422,62.09000015258789,59.86545944213867,1469500
2023-03-06,62.0,62.689998626708984,60.959999084472656,61.33000183105469,59.25675582885742,1762000
2023-03-07,61.150001525878906,62.04499816894531,60.29999923706055,60.70000076293945,58.64805603027344,1783200
2023-03-08,60.22999954223633,60.43000030517578,59.06999969482422,59.70000076293945,57.681861877441406,1140800
2023-03-09,59.66999816894531,60.0,57.54499816894531,57.63999938964844,55.69150161743164,1754600
2023-03-10,57.95000076293945,59.2400016784668,57.95000076293945,58.7599983215332,56.77363586425781,1393800
2023-03-13,58.439998626708984,60.29999923706055,58.439998626708984,59.13999938964844,57.14078903198242,1259400
2023-03-14,59.4900016784668,61.349998474121094,59.27000045776367,60.68000030517578,58.628726959228516,1572400
2023-03-15,60.20000076293945,60.72999954223633,59.13999938964844,60.439998626708984,58.396846771240234,1646000
2023-03-16,60.290000915527344,61.4900016784668,59.91999816894531,60.97999954223633,58.91859436035156,1470000
2023-03-17,62.41999816894531,62.97999954223633,59.84000015258789,60.720001220703125,58.66738510131836,3093500
2023-03-20,60.43000030517578,61.959999084472656,60.29499816894531,60.95000076293945,58.88960647583008,1865000
2023-03-21,61.900001525878906,62.04499816894531,61.09000015258789,61.16999816894531,59.1021614074707,856200
2023-03-22,61.54999923706055,63.04499816894531,61.150001525878906,62.52000045776367,60.40653610229492,2071700
2023-03-23,63.439998626708984,64.5719985961914,62.540000915527344,63.83000183105469,61.67224884033203,2496500
2023-03-24,62.900001525878906,63.209999084472656,61.16999816894531,61.68000030517578,59.59492492675781,1622500
2023-03-27,61.25,61.90999984741211,60.9900016784668,61.59000015258789,59.507972717285156,1131100
2023-03-28,62.75,63.209999084472656,61.915000915527344,62.15999984741211,60.05870056152344,918700
2023-03-29,62.150001525878906,62.42499923706055,61.625,62.380001068115234,60.271263122558594,936200
2023-03-30,62.209999084472656,63.36000061035156,61.7400016784668,62.9900016784668,60.86064529418945,1022200
2023-03-31,63.0,63.54999923706055,62.61000061035156,63.38999938964844,61.24711990356445,1268400
2023-04-03,63.2400016784668,64.18000030517578,62.59000015258789,64.0199966430664,61.8558235168457,1313800
2023-04-04,63.540000915527344,63.849998474121094,62.939998626708984,62.97999954223633,60.850982666015625,1401200
2023-04-05,62.849998474121094,63.22999954223633,62.400001525878906,62.54999923706055,60.435516357421875,737300
2023-04-06,62.779998779296875,62.95000076293945,62.11000061035156,62.56999969482422,60.45484161376953,2009500
2023-04-10,62.439998626708984,64.1050033569336,62.439998626708984,63.970001220703125,61.80752182006836,1129900
2023-04-11,64.37000274658203,64.52999877929688,63.900001525878906,64.36000061035156,62.184329986572266,929000
2023-04-12,64.52999877929688,64.69999694824219,63.12300109863281,63.43000030517578,61.28577423095703,1047500
2023-04-13,64.19000244140625,64.6500015258789,63.43000030517578,63.68000030517578,61.52732467651367,2051900
2023-04-14,64.08999633789062,64.45999908447266,62.5,62.97999954223633,60.850982666015625,1185500
2023-04-17,63.63999938964844,64.0,63.33000183105469,63.63999938964844,61.488670349121094,778400
2023-04-18,63.70000076293945,64.36000061035156,63.36000061035156,63.52000045776367,61.37272262573242,1201100
2023-04-19,62.970001220703125,63.529998779296875,62.970001220703125,63.33000183105469,61.18915557861328,1178800
2023-04-20,63.560001373291016,64.42500305175781,62.90999984741211,63.09000015258789,60.95726776123047,911600
2023-04-21,62.7400016784668,62.95000076293945,61.130001068115234,62.209999084472656,60.10700988769531,1733600
2023-04-24,62.20000076293945,62.220001220703125,61.43000030517578,61.54999923706055,59.46931838989258,991700
2023-04-25,60.599998474121094,60.75,59.709999084472656,60.119998931884766,58.08766174316406,1635000
2023-04-26,60.25,60.7599983215332,59.757999420166016,59.93000030517578,57.904083251953125,1740600
2023-04-27,60.16999816894531,60.880001068115234,60.0099983215332,60.58000183105469,58.53211212158203,1435300
2023-04-28,60.310001373291016,61.459999084472656,60.220001220703125,61.18000030517578,59.11183166503906,2287400
2023-05-01,60.875,62.47999954223633,60.875,62.06999969482422,59.971744537353516,1521300
2023-05-02,61.709999084472656,61.83000183105469,60.7599983215332,61.75,59.66256332397461,1913000
2023-05-03,64.01000213623047,64.2699966430664,61.029998779296875,62.56999969482422,60.45484161376953,2797400
2023-05-04,63.625,64.5,60.9900016784668,61.79999923706055,59.71086883544922,2571800
2023-05-05,61.650001525878906,63.09000015258789,60.43000030517578,62.58000183105469,60.464508056640625,1979900
2023-05-08,62.209999084472656,62.439998626708984,61.65999984741211,61.83000183105469,59.739864349365234,1354300
2023-05-09,60.65999984741211,61.88999938964844,60.59000015258789,61.88999938964844,59.797828674316406,1897700
2023-05-10,61.65999984741211,62.02000045776367,60.810001373291016,61.18000030517578,59.11183166503906,1541000
2023-05-11,61.11000061035156,62.040000915527344,60.88999938964844,61.90999984741211,59.8171501159668,1537500
2023-05-12,61.25,61.29499816894531,60.349998474121094,60.72999954223633,58.67704391479492,1641400
2023-05-15,61.04999923706055,62.189998626708984,60.540000915527344,61.90999984741211,59.8171501159668,1250200
2023-05-16,61.630001068115234,62.18000030517578,61.07500076293945,61.36000061035156,59.28575134277344,1065900
2023-05-17,61.0099983215332,61.310001373291016,60.18000030517578,61.20000076293945,59.13115692138672,2289300
2023-05-18,61.150001525878906,61.2400016784668,60.349998474121094,61.09000015258789,59.02487564086914,1742600
2023-05-19,61.13999938964844,61.41999816894531,60.459999084472656,61.150001525878906,59.08284378051758,1111500
2023-05-22,61.83000183105469,62.560001373291016,61.43000030517578,61.439998626708984,59.36304473876953,915200
2023-05-23,60.290000915527344,60.29999923706055,57.91999816894531,57.93000030517578,55.97169494628906,2613400
2023-05-24,57.5099983215332,57.79499816894531,56.86000061035156,57.150001525878906,55.21805953979492,2163100
2023-05-25,56.9900016784668,57.2400016784668,56.060001373291016,56.630001068115234,54.715641021728516,1578900
2023-05-26,57.119998931884766,57.849998474121094,56.83000183105469,57.4900016784668,55.67437744140625,1356500
2023-05-30,57.2400016784668,57.720001220703125,55.70000076293945,56.29999923706055,54.521949768066406,1763200
2023-05-31,56.0,56.54999923706055,54.900001525878906,56.459999084472656,54.676902770996094,4445300
2023-06-01,56.20000076293945,57.564998626708984,55.880001068115234,57.130001068115234,55.32574462890625,1410700
2023-06-02,57.70000076293945,58.65999984741211,57.64500045776367,58.56999969482422,56.720272064208984,1727100
2023-06-05,58.349998474121094,58.97999954223633,57.68000030517578,57.70000076293945,55.87774658203125,1195400
2023-06-06,57.45000076293945,59.0,57.400001525878906,59.0,57.13669204711914,2096700
2023-06-07,59.04999923706055,60.44499969482422,58.70000076293945,59.5099983215332,57.63058090209961,2187600
2023-06-08,59.72999954223633,60.16999816894531,59.584999084472656,59.66999816894531,57.7855224609375,1214900
2023-06-09,59.720001220703125,60.36000061035156,59.375,59.720001220703125,57.833946228027344,1035400
2023-06-12,59.630001068115234,59.849998474121094,59.05500030517578,59.529998779296875,57.64994812011719,1163300
2023-06-13,60.0,60.25,59.125,59.400001525878906,57.52405548095703,1594600
2023-06-14,59.20000076293945,59.61000061035156,58.900001525878906,59.18000030517578,57.31100082397461,2953000
2023-06-15,59.275001525878906,59.275001525878906,58.86000061035156,59.13999938964844,57.27227020263672,2338200
2023-06-16,60.0,60.5,58.790000915527344,59.400001525878906,57.52405548095703,2503300
2023-06-20,57.83000183105469,58.529998779296875,57.07500076293945,58.06999969482422,56.236061096191406,1679800
2023-06-21,57.61000061035156,58.3849983215332,57.38999938964844,57.790000915527344,55.96490478515625,1277000
2023-06-22,57.529998779296875,57.630001068115234,56.630001068115234,57.369998931884766,55.55816650390625,1150200
2023-06-23,57.34000015258789,57.34000015258789,56.2400016784668,56.279998779296875,54.502593994140625,1741300
2023-06-26,56.59000015258789,57.689998626708984,56.56999969482422,56.939998626708984,55.141746520996094,1356200
2023-06-27,57.529998779296875,57.709999084472656,56.95500183105469,57.380001068115234,55.567848205566406,1306400
2023-06-28,57.470001220703125,57.52000045776367,56.15999984741211,56.41999816894531,54.63816833496094,1353400
2023-06-29,56.0,56.790000915527344,55.779998779296875,56.38999938964844,54.60911560058594,1178300
2023-06-30,56.470001220703125,57.099998474121094,56.279998779296875,56.5,54.715641021728516,1541400
2023-07-03,57.060001373291016,58.0,57.060001373291016,57.470001220703125,55.65501022338867,968300
2023-07-05,56.900001525878906,57.21500015258789,55.63999938964844,56.2599983215332,54.483219146728516,1681700
2023-07-06,55.470001220703125,55.720001220703125,54.68000030517578,54.790000915527344,53.05964660644531,1615700
2023-07-07,55.040000915527344,56.06999969482422,55.040000915527344,55.59000015258789,53.834381103515625,1197100
2023-07-10,55.470001220703125,56.810001373291016,55.064998626708984,56.36000061035156,54.58007049560547,1353200
2023-07-11,56.689998626708984,57.2400016784668,56.470001220703125,56.91999816894531,55.12237548828125,965200
2023-07-12,58.099998474121094,59.7599983215332,57.86000061035156,59.18000030517578,57.31100082397461,1821100
2023-07-13,59.189998626708984,60.72999954223633,59.189998626708984,60.61000061035156,58.695838928222656,1577700
2023-07-14,60.380001068115234,60.41999816894531,59.56999969482422,60.0099983215332,58.114784240722656,1251200
2023-07-17,59.7400016784668,60.35499954223633,59.2400016784668,60.25,58.34720993041992,982500
2023-07-18,60.0,60.66999816894531,58.279998779296875,58.439998626708984,56.5943717956543,1632000
2023-07-19,59.209999084472656,59.349998474121094,58.52000045776367,58.849998474121094,56.991424560546875,1707400
2023-07-20,58.5,58.9900016784668,58.22999954223633,58.529998779296875,56.6815299987793,946800
2023-07-21,59.02000045776367,59.130001068115234,58.13999938964844,58.2599983215332,56.4200553894043,743300
2023-07-24,58.404998779296875,58.43000030517578,57.7400016784668,58.16999816894531,56.33290100097656,2077700
2023-07-25,58.70000076293945,59.029998779296875,58.310001373291016,58.560001373291016,56.7105827331543,2052400
2023-07-26,58.529998779296875,60.13999938964844,58.529998779296875,60.0099983215332,58.114784240722656,1129700
2023-07-27,60.459999084472656,60.599998474121094,59.13999938964844,59.13999938964844,57.27227020263672,951300
2023-07-28,59.779998779296875,60.084999084472656,59.130001068115234,59.7599983215332,57.87268829345703,1448500
2023-07-31,60.71500015258789,61.9900016784668,60.540000915527344,61.02000045776367,59.09288787841797,2936200
2023-08-01,59.7599983215332,60.314998626708984,57.220001220703125,57.369998931884766,55.55816650390625,3364100
2023-08-02,56.52000045776367,57.04999923706055,55.27000045776367,55.43000030517578,53.67943572998047,2715100
2023-08-03,56.09000015258789,58.1349983215332,56.09000015258789,56.779998779296875,54.98679733276367,2853600
2023-08-04,56.209999084472656,56.83000183105469,55.93000030517578,56.0099983215332,54.241119384765625,1555100
2023-08-07,56.47999954223633,56.95000076293945,56.08599853515625,56.650001525878906,54.860904693603516,1181600
2023-08-08,55.72999954223633,56.79999923706055,55.65999984741211,56.650001525878906,54.860904693603516,1419100
2023-08-09,56.810001373291016,57.47999954223633,56.459999084472656,56.560001373291016,54.773746490478516,1983700
2023-08-10,57.15999984741211,58.16999816894531,56.209999084472656,56.439998626708984,54.65754318237305,1926400
2023-08-11,55.93000030517578,56.0,54.97999954223633,55.5,53.747222900390625,1642600
2023-08-14,54.97999954223633,55.3849983215332,54.630001068115234,55.119998931884766,53.37922286987305,1480300
2023-08-15,54.84000015258789,55.310001373291016,54.43000030517578,54.45000076293945,52.730384826660156,1319000
2023-08-16,53.439998626708984,54.06999969482422,53.040000915527344,53.869998931884766,52.168701171875,2100100
2023-08-17,54.4900016784668,54.81999969482422,53.81999969482422,54.349998474121094,52.633544921875,1470500
2023-08-18,51.790000915527344,53.13999938964844,51.099998474121094,52.7599983215332,51.093753814697266,2859600
2023-08-21,52.029998779296875,53.275001525878906,51.91999816894531,53.040000915527344,51.36491012573242,2101300
2023-08-22,53.029998779296875,53.040000915527344,52.29999923706055,52.47999954223633,50.822601318359375,1242900
2023-08-23,52.630001068115234,53.470001220703125,52.47999954223633,53.029998779296875,51.355228424072266,1550100
2023-08-24,53.150001525878906,54.06999969482422,53.09000015258789,53.54999923706055,51.85881042480469,1256400
2023-08-25,53.25,53.52000045776367,52.849998474121094,53.04999923706055,51.4996223449707,977700
2023-08-28,53.400001525878906,53.7599983215332,53.084999084472656,53.34000015258789,51.78114318847656,1193000
2023-08-29,53.79999923706055,54.369998931884766,53.56999969482422,53.630001068115234,52.06266784667969,1825000
2023-08-30,53.040000915527344,53.98500061035156,53.040000915527344,53.84000015258789,52.26653289794922,2512500
2023-08-31,53.5,53.91999816894531,53.34000015258789,53.689998626708984,52.12091827392578,3056400
2023-09-01,54.040000915527344,54.70000076293945,53.310001373291016,54.52000045776367,52.926658630371094,1558800
2023-09-05,53.88999938964844,54.369998931884766,53.02000045776367,53.75,52.17916488647461,2287400
2023-09-06,53.70000076293945,54.0099983215332,52.09000015258789,52.43000030517578,50.89773941040039,1688300
2023-09-07,51.79999923706055,52.08000183105469,51.375,52.02000045776367,50.499725341796875,1767600
2023-09-08,52.130001068115234,52.41999816894531,51.45000076293945,51.79999923706055,50.28615188598633,1176400
2023-09-11,52.41999816894531,52.41999816894531,51.54999923706055,52.16999816894531,50.64533615112305,1285500
2023-09-12,52.09000015258789,53.21500015258789,52.09000015258789,53.18000030517578,51.62582778930664,1574300
2023-09-13,53.02000045776367,53.630001068115234,52.90999984741211,53.18000030517578,51.62582778930664,1273300
2023-09-14,55.125,56.79999923706055,55.0099983215332,56.08000183105469,54.441070556640625,3479600
2023-09-15,57.0,58.189998626708984,57.0,57.95000076293945,56.25642395019531,4294600
2023-09-18,57.70000076293945,58.04999923706055,57.05500030517578,57.20000076293945,55.52833938598633,2433400
2023-09-19,57.5,57.88999938964844,56.52000045776367,56.70000076293945,55.04294967651367,1599800
2023-09-20,57.0,57.34000015258789,56.029998779296875,56.099998474121094,54.460479736328125,1686500
2023-09-21,55.95000076293945,56.130001068115234,54.93000030517578,55.119998931884766,53.509124755859375,3341900
2023-09-22,56.81999969482422,58.209999084472656,56.81999969482422,57.439998626708984,55.76132583618164,2183200
2023-09-25,56.540000915527344,57.060001373291016,56.13999938964844,56.5,54.848793029785156,1339900
2023-09-26,56.36000061035156,56.540000915527344,55.8849983215332,55.91999816894531,54.285743713378906,988500
2023-09-27,55.90999984741211,56.29999923706055,55.06999969482422,55.810001373291016,54.1789665222168,1344000
2023-09-28,55.709999084472656,55.83000183105469,54.78900146484375,55.41999816894531,53.800357818603516,1222200
2023-09-29,56.290000915527344,56.63999938964844,55.68000030517578,55.720001220703125,54.09159469604492,1435200
2023-10-02,55.40999984741211,55.70000076293945,55.029998779296875,55.34000015258789,53.722694396972656,768400
2023-10-03,54.5,55.220001220703125,54.15999984741211,54.29999923706055,52.71308898925781,945800
2023-10-04,54.18000030517578,54.34000015258789,52.66999816894531,53.380001068115234,51.819976806640625,1718800
2023-10-05,53.130001068115234,53.529998779296875,52.83000183105469,53.040000915527344,51.48991012573242,1172200
2023-10-06,52.869998931884766,54.34000015258789,52.650001525878906,53.63999938964844,52.0723762512207,1478900
2023-10-09,53.58000183105469,53.91999816894531,52.970001220703125,53.66999816894531,52.101497650146484,1607800
2023-10-10,54.349998474121094,55.279998779296875,54.25,54.779998779296875,53.17906188964844,1410400
2023-10-11,55.279998779296875,56.150001525878906,54.935001373291016,55.0,53.39262771606445,1590600
2023-10-12,55.16999816894531,55.310001373291016,53.63999938964844,53.810001373291016,52.2374153137207,1840100
2023-10-13,53.63999938964844,54.16999816894531,53.5,53.7400016784668,52.16945266723633,1380800
2023-10-16,53.650001525878906,53.880001068115234,53.11000061035156,53.150001525878906,51.59669876098633,1186400
2023-10-17,52.65999984741211,53.189998626708984,52.599998474121094,52.900001525878906,51.35400390625,1048500
2023-10-18,52.400001525878906,53.150001525878906,52.08000183105469,53.130001068115234,51.5772819519043,2866400
2023-10-19,52.900001525878906,53.290000915527344,51.935001373291016,52.119998931884766,50.5968017578125,1541000
2023-10-20,51.88999938964844,52.130001068115234,51.33000183105469,51.47999954223633,49.975502014160156,1508800
2023-10-23,51.25,52.2400016784668,50.849998474121094,51.560001373291016,50.053165435791016,1355300
2023-10-24,51.90999984741211,53.83000183105469,51.61000061035156,53.599998474121094,52.033546447753906,1836500
2023-10-25,52.869998931884766,53.5,52.6349983215332,52.79999923706055,51.25693130493164,1002000
2023-10-26,52.63999938964844,53.029998779296875,51.88999938964844,52.099998474121094,50.577388763427734,1198600
2023-10-27,52.7599983215332,52.91999816894531,52.38999938964844,52.5099983215332,50.97540283203125,1262300
2023-10-30,52.5,53.41999816894531,52.459999084472656,53.119998931884766,51.56757354736328,1731900
2023-10-31,52.90999984741211,52.90999984741211,51.91999816894531,52.560001373291016,51.02394104003906,1633900
2023-11-01,44.0,45.63999938964844,41.47999954223633,44.560001373291016,43.25774002075195,12839300
2023-11-02,45.0,46.130001068115234,44.709999084472656,45.779998779296875,44.442081451416016,6865900
2023-11-03,46.75,47.4900016784668,45.23500061035156,45.380001068115234,44.05377197265625,4548700
2023-11-06,45.7400016784668,46.0,44.85499954223633,44.970001220703125,43.655757904052734,3313200
2023-11-07,44.630001068115234,45.349998474121094,44.43000030517578,44.5,43.19949722290039,3784500
2023-11-08,44.5099983215332,45.02000045776367,43.4900016784668,43.65999984741211,42.38404846191406,3237700
2023-11-09,43.88999938964844,44.650001525878906,43.099998474121094,43.13999938964844,41.879241943359375,3218400
2023-11-10,43.0,44.54999923706055,42.91999816894531,44.36000061035156,43.06358337402344,2044300
2023-11-13,44.5099983215332,44.849998474121094,43.97999954223633,44.5,43.19949722290039,2161600
2023-11-14,44.810001373291016,45.88999938964844,44.5,45.40999984741211,44.0828971862793,2381300
2023-11-15,45.47999954223633,46.470001220703125,45.47999954223633,45.84000015258789,44.50033187866211,2000500
2023-11-16,45.4900016784668,46.70000076293945,45.29999923706055,45.84000015258789,44.50033187866211,2148300
2023-11-17,46.11000061035156,46.40999984741211,45.849998474121094,45.88999938964844,44.54887008666992,1733400
2023-11-20,46.18000030517578,46.45899963378906,45.88999938964844,46.27000045776367,44.917762756347656,1379800
2023-11-21,45.72999954223633,47.2599983215332,45.5,45.90999984741211,44.56829071044922,1716300
2023-11-22,45.970001220703125,46.005001068115234,45.130001068115234,45.18000030517578,43.859619140625,1962100
2023-11-24,44.93000030517578,45.25,44.650001525878906,44.66999816894531,43.36452102661133,2444500
2023-11-27,44.59000015258789,44.95500183105469,44.345001220703125,44.459999084472656,43.28663635253906,2774600
2023-11-28,44.630001068115234,44.779998779296875,44.099998474121094,44.25,43.08218002319336,1846100
2023-11-29,43.75,44.02000045776367,42.724998474121094,43.0,41.865169525146484,4456100
2023-11-30,42.65999984741211,43.18000030517578,41.209999084472656,43.18000030517578,42.0404167175293,5042000
2023-12-01,42.79999923706055,43.72999954223633,42.540000915527344,43.72999954223633,42.575904846191406,2928800
2023-12-04,43.0,43.029998779296875,41.68000030517578,42.06999969482422,40.959716796875,3350400
2023-12-05,41.40999984741211,41.5,40.310001373291016,40.869998931884766,39.7913818359375,4034700
2023-12-06,41.2400016784668,41.25,39.90999984741211,40.5099983215332,39.440879821777344,4212900
2023-12-07,40.599998474121094,40.77000045776367,39.26499938964844,39.95000076293945,38.89566421508789,4335300
2023-12-08,40.0,40.52000045776367,39.900001525878906,39.90999984741211,38.856719970703125,1542700
2023-12-11,39.7400016784668,40.09000015258789,39.349998474121094,39.91999816894531,38.866455078125,2555600
2023-12-12,40.0,40.34000015258789,39.11000061035156,40.31999969482422,39.25589370727539,3166900
2023-12-13,40.20000076293945,40.38999938964844,38.9900016784668,39.75,38.70094299316406,3868200
2023-12-14,40.2400016784668,40.77000045776367,39.97999954223633,40.15999984741211,39.100120544433594,3294500
2023-12-15,40.25,40.41999816894531,39.66999816894531,40.029998779296875,38.973548889160156,3875600
2023-12-18,39.83000183105469,40.369998931884766,39.61000061035156,40.08000183105469,39.02223587036133,2565000
2023-12-19,40.619998931884766,41.349998474121094,40.595001220703125,41.33000183105469,40.23924255371094,2467800
2023-12-20,41.150001525878906,41.31999969482422,40.400001525878906,40.43000030517578,39.36299514770508,3281500
2023-12-21,41.369998931884766,41.7400016784668,40.939998626708984,41.529998779296875,40.433963775634766,2506200
2023-12-22,41.060001373291016,41.77000045776367,41.060001373291016,41.59000015258789,40.49237823486328,2236400
2023-12-26,41.810001373291016,42.220001220703125,41.33000183105469,41.47999954223633,40.385284423828125,1550200
2023-12-27,41.68000030517578,42.130001068115234,41.59000015258789,41.709999084472656,40.60921859741211,1110500
2023-12-28,42.290000915527344,42.619998931884766,42.0099983215332,42.279998779296875,41.16416549682617,1684900
2023-12-29,42.119998931884766,42.59000015258789,42.08000183105469,42.43000030517578,41.31021499633789,2057200
2024-01-02,41.849998474121094,42.650001525878906,41.619998931884766,42.439998626708984,41.3199462890625,2507900
2024-01-03,42.310001373291016,43.310001373291016,42.279998779296875,42.95000076293945,41.816490173339844,2414900
2024-01-04,41.970001220703125,42.959999084472656,41.790000915527344,42.11000061035156,40.998661041259766,3059800
2024-01-05,41.0,41.0099983215332,39.63999938964844,40.93000030517578,39.84980010986328,9222000
2024-01-08,40.45000076293945,40.72999954223633,39.40999984741211,40.400001525878906,39.33378982543945,4737100
2024-01-09,39.79999923706055,39.83000183105469,38.97999954223633,39.15999984741211,38.12651443481445,3995200
2024-01-10,38.9900016784668,38.9900016784668,37.959999084472656,38.38999938964844,37.3768310546875,6904900
2024-01-11,38.709999084472656,38.77000045776367,37.41999816894531,38.11000061035156,37.10422897338867,3458900
2024-01-12,38.0,38.36000061035156,37.220001220703125,37.47999954223633,36.490848541259766,3313700
2024-01-16,36.720001220703125,36.790000915527344,35.810001373291016,36.130001068115234,35.17647933959961,5881700
2024-01-17,34.790000915527344,35.29999923706055,34.70500183105469,34.93000030517578,34.00815200805664,4683700
2024-01-18,35.599998474121094,36.130001068115234,35.310001373291016,35.65999984741211,34.7188835144043,3344700
2024-01-19,35.36000061035156,35.36000061035156,34.77000045776367,35.25,34.3197021484375,3421600
2024-01-22,33.86000061035156,35.0,33.54999923706055,34.45000076293945,33.54082107543945,3309000
2024-01-23,35.709999084472656,36.26499938964844,35.31999969482422,35.959999084472656,35.01096725463867,4892000
2024-01-24,37.02000045776367,38.36000061035156,36.959999084472656,37.09000015258789,36.111141204833984,5037600
2024-01-25,37.099998474121094,37.20000076293945,35.43000030517578,35.63999938964844,34.69940948486328,3055300
2024-01-26,35.5099983215332,35.849998474121094,35.130001068115234,35.5,34.5631103515625,3019000
2024-01-29,35.709999084472656,36.18000030517578,35.154998779296875,36.119998931884766,35.166744232177734,2829700
2024-01-30,35.400001525878906,35.709999084472656,34.95000076293945,35.119998931884766,34.1931266784668,2783200
2024-01-31,34.630001068115234,35.279998779296875,33.880001068115234,34.59000015258789,33.677120208740234,4398500
2024-02-01,35.25,35.810001373291016,35.16999816894531,35.470001220703125,34.53390121459961,3040800
2024-02-02,35.0,35.380001068115234,34.7400016784668,35.2400016784668,34.30997085571289,4041400
2024-02-05,35.099998474121094,35.9900016784668,34.810001373291016,35.93000030517578,34.98175811767578,4752000
2024-02-06,36.7599983215332,38.0,36.68000030517578,37.439998626708984,36.451904296875,5479200
2024-02-07,42.29999923706055,42.400001525878906,39.619998931884766,40.38999938964844,39.32405090332031,8714000
2024-02-08,40.040000915527344,40.119998931884766,39.5,39.650001525878906,38.603580474853516,3748200
2024-02-09,39.45000076293945,40.404998779296875,39.45000076293945,40.310001373291016,39.24616622924805,2496500
2024-02-12,40.25,41.59000015258789,40.20000076293945,41.099998474121094,40.01530838012695,3108700
2024-02-13,40.43000030517578,41.150001525878906,39.4900016784668,39.709999084472656,38.6619987487793,2533200
2024-02-14,40.0,40.68000030517578,40.0,40.380001068115234,39.31431198120117,2536200
2024-02-15,40.290000915527344,41.400001525878906,40.20000076293945,40.849998474121094,39.771907806396484,3244900
2024-02-16,41.54999923706055,41.900001525878906,41.2400016784668,41.34000015258789,40.24897384643555,4469300
2024-02-20,41.08000183105469,41.529998779296875,40.88999938964844,41.0099983215332,39.92768096923828,3214900
2024-02-21,41.5,41.790000915527344,41.119998931884766,41.599998474121094,40.50211715698242,4119000
2024-02-22,41.900001525878906,42.290000915527344,41.06100082397461,41.7599983215332,40.657894134521484,2947300
2024-02-23,41.900001525878906,42.25,41.7400016784668,42.15999984741211,41.04733657836914,3651300
2024-02-26,42.099998474121094,42.439998626708984,41.77000045776367,42.0,40.891563415527344,3199600
2024-02-27,42.630001068115234,43.400001525878906,42.5099983215332,42.52000045776367,41.3978385925293,3609500
2024-02-28,42.5,43.939998626708984,42.29999923706055,43.75,42.59537124633789,6379400
2024-02-29,44.0,44.2400016784668,42.810001373291016,42.88999938964844,41.75807189941406,5247800
2024-03-01,43.310001373291016,44.0099983215332,42.7400016784668,42.95000076293945,41.816490173339844,2569500
2024-03-04,42.34000015258789,42.638999938964844,41.5,41.849998474121094,40.89788055419922,2977300
2024-03-05,41.400001525878906,41.79999923706055,41.040000915527344,41.11000061035156,40.17470932006836,2944200
2024-03-06,42.060001373291016,42.790000915527344,41.584999084472656,41.720001220703125,40.770835876464844,4908200
2024-03-07,41.20000076293945,41.75,40.775001525878906,41.099998474121094,40.16493606567383,3559800
2024-03-08,41.16999816894531,41.720001220703125,41.1150016784668,41.25,40.311527252197266,2155100
2024-03-11,41.31999969482422,42.025001525878906,41.310001373291016,41.81999969482422,40.86855697631836,2866000
2024-03-12,42.439998626708984,43.84000015258789,42.439998626708984,43.09000015258789,42.10966491699219,5226100
2024-03-13,43.209999084472656,43.77000045776367,42.66999816894531,42.68000030517578,41.70899200439453,3628500
2024-03-14,42.77000045776367,42.959999084472656,41.900001525878906,42.220001220703125,41.259456634521484,3697200
2024-03-15,42.59000015258789,43.45000076293945,41.810001373291016,41.95000076293945,40.995601654052734,4329300
2024-03-18,42.22999954223633,42.4900016784668,40.96200180053711,41.20000076293945,40.262664794921875,2134700
2024-03-19,40.0,40.380001068115234,37.43000030517578,38.099998474121094,37.23318862915039,6518700
2024-03-20,38.400001525878906,39.66999816894531,38.400001525878906,39.63999938964844,38.738155364990234,3852100
2024-03-21,39.83000183105469,39.9900016784668,38.58000183105469,39.0,38.11272048950195,3369600
2024-03-22,38.459999084472656,38.459999084472656,37.650001525878906,37.880001068115234,37.0181999206543,1940200
2024-03-25,38.5099983215332,38.81999969482422,37.939998626708984,38.58000183105469,37.7022705078125,2555700
2024-03-26,38.7599983215332,39.16999816894531,38.2599983215332,39.040000915527344,38.15180587768555,1914900
2024-03-27,39.16999816894531,39.369998931884766,38.58000183105469,38.959999084472656,38.07362747192383,2275200
2024-03-28,39.27000045776367,40.099998474121094,39.02000045776367,39.790000915527344,38.88475036621094,2292900
2024-04-01,40.13999938964844,40.52000045776367,39.96500015258789,40.189998626708984,39.27564239501953,1449000
2024-04-02,40.08000183105469,40.79499816894531,39.4900016784668,39.88999938964844,38.98246765136719,2111300
2024-04-03,39.5,39.61000061035156,39.209999084472656,39.45000076293945,38.55247497558594,2214100
2024-04-04,39.900001525878906,39.95000076293945,39.31999969482422,39.439998626708984,38.54270553588867,1471200
2024-04-05,39.25,39.25,38.43000030517578,38.66999816894531,37.790225982666016,2421500
2024-04-08,38.7400016784668,38.970001220703125,37.9900016784668,38.369998931884766,37.49705123901367,2338900
2024-04-09,38.7400016784668,39.18000030517578,38.654998779296875,39.13999938964844,38.24953079223633,1497600
2024-04-10,38.95000076293945,39.310001373291016,38.3849983215332,38.61000061035156,37.731590270996094,2091700
2024-04-11,39.02000045776367,39.28200149536133,38.380001068115234,38.599998474121094,37.7218132019043,1305800
2024-04-12,38.150001525878906,38.31999969482422,37.34000015258789,37.34000015258789,36.490482330322266,2000800
2024-04-15,37.79999923706055,38.04999923706055,37.3849983215332,37.72999954223633,36.871604919433594,2604300
2024-04-16,37.099998474121094,37.459999084472656,36.52000045776367,36.95000076293945,36.10935592651367,2567400
2024-04-17,37.11000061035156,37.31999969482422,36.71500015258789,36.880001068115234,36.04094696044922,2208800
2024-04-18,37.25,37.25,36.58000183105469,37.220001220703125,36.37321472167969,2828100
2024-04-19,37.029998779296875,37.36000061035156,36.64500045776367,37.099998474121094,36.25593948364258,3051800
2024-04-22,37.400001525878906,37.4900016784668,36.790000915527344,37.22999954223633,36.38298416137695,2404800
2024-04-23,37.41999816894531,38.540000915527344,37.41999816894531,38.36000061035156,37.487274169921875,2712600
2024-04-24,38.4900016784668,38.849998474121094,38.209999084472656,38.79999923706055,37.91726303100586,4016500
2024-04-25,38.58000183105469,39.13999938964844,38.380001068115234,39.040000915527344,38.15180587768555,2372000
2024-04-26,39.63999938964844,40.415000915527344,39.63999938964844,39.650001525878906,38.747928619384766,3040500
2024-04-29,39.810001373291016,40.310001373291016,39.709999084472656,40.040000915527344,39.129058837890625,3748800
2024-04-30,37.439998626708984,37.779998779296875,36.08000183105469,36.5099983215332,35.67936706542969,6119500
2024-05-01,36.810001373291016,37.375,35.91999816894531,35.91999816894531,35.102787017822266,4808100
2024-05-02,36.880001068115234,37.810001373291016,36.40999984741211,37.36000061035156,36.510032653808594,5252400
2024-05-03,38.02000045776367,38.560001373291016,37.95000076293945,38.40999984741211,37.53614044189453,2641900
2024-05-06,38.209999084472656,38.358001708984375,37.31999969482422,37.689998626708984,36.83251953125,2035900
2024-05-07,37.41999816894531,37.720001220703125,37.060001373291016,37.29999923706055,36.45139694213867,2087000
2024-05-08,36.900001525878906,37.51499938964844,36.83000183105469,37.279998779296875,36.43185043334961,1528400
2024-05-09,37.709999084472656,38.099998474121094,37.43000030517578,38.09000015258789,37.223419189453125,1759100
2024-05-10,38.13999938964844,38.279998779296875,37.564998626708984,37.84000015258789,36.97910690307617,2258200
2024-05-13,38.27000045776367,39.08000183105469,37.9900016784668,38.88999938964844,38.005218505859375,3583200
2024-05-14,38.630001068115234,39.29999923706055,38.47999954223633,39.25,38.35702896118164,2366900
2024-05-15,39.529998779296875,39.59000015258789,38.79499816894531,38.83000183105469,37.94658660888672,2465700
2024-05-16,39.130001068115234,39.5099983215332,39.0,39.13999938964844,38.24953079223633,1824700
2024-05-17,39.16999816894531,39.44900131225586,38.869998931884766,39.20000076293945,38.308170318603516,2008400
2024-05-20,39.0,39.279998779296875,38.70000076293945,38.81999969482422,37.93680953979492,2805000
2024-05-21,38.13999938964844,38.959999084472656,38.130001068115234,38.29999923706055,37.42864227294922,2723100
2024-05-22,37.849998474121094,37.939998626708984,37.13999938964844,37.13999938964844,36.2950325012207,2935700
2024-05-23,36.40999984741211,36.6150016784668,35.150001525878906,35.38999938964844,34.58484649658203,5381100
2024-05-24,35.4900016784668,36.189998626708984,35.470001220703125,35.7400016784668,35.08551025390625,2821400
2024-05-28,35.70000076293945,35.83000183105469,35.15999984741211,35.779998779296875,35.12477493286133,2565600
2024-05-29,35.22999954223633,35.34000015258789,34.689998626708984,34.849998474121094,34.21180725097656,2229900
2024-05-30,35.0,35.4900016784668,34.93000030517578,35.470001220703125,34.820457458496094,2056100
2024-05-31,35.119998931884766,35.79999923706055,34.97999954223633,35.7599983215332,35.10514450073242,7581000
2024-06-03,36.33000183105469,36.33000183105469,35.35499954223633,35.630001068115234,34.97752380371094,1981900
2024-06-04,35.650001525878906,35.90999984741211,35.14500045776367,35.599998474121094,34.94807052612305,2777800
2024-06-05,36.099998474121094,36.369998931884766,35.77000045776367,36.060001373291016,35.39965057373047,2017300
2024-06-06,35.560001373291016,35.7599983215332,35.06999969482422,35.599998474121094,34.94807052612305,1945700
2024-06-07,35.099998474121094,35.79999923706055,35.040000915527344,35.18000030517578,34.535762786865234,1730800
2024-06-10,35.15999984741211,35.26499938964844,34.58000183105469,34.70000076293945,34.06455612182617,1476900
2024-06-11,34.27000045776367,34.35499954223633,34.04499816894531,34.29999923706055,33.671878814697266,2265200
2024-06-12,34.38999938964844,34.39500045776367,33.65999984741211,34.0,33.37737274169922,2636200
2024-06-13,34.27000045776367,34.814998626708984,34.18000030517578,34.72999954223633,34.09400177001953,1991500
2024-06-14,34.400001525878906,34.400001525878906,33.75,33.90999984741211,33.28902053833008,2274600
2024-06-17,33.959999084472656,34.06999969482422,33.189998626708984,33.70000076293945,33.08286666870117,1754500
2024-06-18,33.45000076293945,33.52000045776367,32.27000045776367,33.0,32.39568328857422,4006300
2024-06-20,32.56999969482422,32.56999969482422,32.0099983215332,32.31999969482422,31.728137969970703,4184600
2024-06-21,32.209999084472656,32.349998474121094,31.950000762939453,32.25,31.6594181060791,3080400
2024-06-24,32.290000915527344,32.779998779296875,32.125,32.15999984741211,31.571067810058594,2627700
2024-06-25,32.02000045776367,32.130001068115234,31.510000228881836,31.649999618530273,31.070405960083008,2683600
2024-06-26,31.5,31.649999618530273,31.1200008392334,31.5,30.923152923583984,2528800
2024-06-27,31.31999969482422,31.360000610351562,30.950000762939453,31.31999969482422,30.746448516845703,1931000
2024-06-28,31.3799991607666,31.3799991607666,30.760000228881836,30.84000015258789,30.275239944458008,1890100
2024-07-01,31.299999237060547,31.610000610351562,30.454999923706055,30.540000915527344,29.98073387145996,2324300
2024-07-02,30.639999389648438,30.959999084472656,30.31999969482422,30.43000030517578,29.87274742126465,1577400
2024-07-03,30.56999969482422,31.434999465942383,30.559999465942383,31.329999923706055,30.75626564025879,1420100
2024-07-05,31.079999923706055,31.408000946044922,30.899999618530273,31.049999237060547,30.48139190673828,1687300
2024-07-08,31.1200008392334,31.139999389648438,30.399999618530273,30.450000762939453,29.89238166809082,2178700
2024-07-09,30.280000686645508,30.600000381469727,30.273000717163086,30.43000030517578,29.87274742126465,1803000
2024-07-10,30.399999618530273,31.059999465942383,30.309999465942383,30.479999542236328,29.921831130981445,2628900
2024-07-11,31.5,32.400001525878906,31.5,31.75,31.168577194213867,3032000
2024-07-12,32.25,32.47999954223633,32.02000045776367,32.119998931884766,31.531797409057617,1713600
2024-07-15,31.700000762939453,32.36000061035156,31.360000610351562,31.459999084472656,30.88388442993164,2211600
2024-07-16,31.25,31.670000076293945,31.040000915527344,31.450000762939453,30.874069213867188,4226700
2024-07-17,31.31999969482422,31.690000534057617,30.875,31.229999542236328,30.658096313476562,2909500
2024-07-18,30.81999969482422,31.139999389648438,30.59000015258789,30.6200008392334,30.05927085876465,2014200
2024-07-19,30.149999618530273,30.5,29.968000411987305,30.31999969482422,29.764760971069336,2608800
2024-07-22,30.739999771118164,31.06999969482422,30.31999969482422,30.709999084472656,30.147619247436523,2460700
2024-07-23,30.18000030517578,30.584999084472656,29.850000381469727,29.8799991607666,29.332820892333984,2405200
2024-07-24,29.860000610351562,29.8700008392334,29.024999618530273,29.350000381469727,28.81252670288086,3015100
2024-07-25,29.3700008392334,29.700000762939453,29.219999313354492,29.239999771118164,28.704540252685547,3015400
2024-07-26,29.469999313354492,30.190000534057617,29.420000076293945,30.010000228881836,29.460439682006836,2161200
2024-07-29,29.8799991607666,30.25,29.850000381469727,30.110000610351562,29.558609008789062,1940900
2024-07-30,29.889999389648438,30.055999755859375,29.719999313354492,30.030000686645508,29.480073928833008,2518700
2024-07-31,30.700000762939453,30.8700008392334,30.190000534057617,30.239999771118164,29.686227798461914,1564800
2024-08-01,30.270000457763672,30.350000381469727,29.68000030517578,30.049999237060547,29.499706268310547,2506600
2024-08-02,29.829999923706055,30.0,29.260000228881836,29.530000686645508,28.989229202270508,2937700
2024-08-05,28.649999618530273,29.920000076293945,28.5,29.799999237060547,29.254281997680664,3893700
2024-08-06,32.41999816894531,33.75,32.0,33.369998931884766,32.7589111328125,9137500
2024-08-07,33.56999969482422,34.619998931884766,33.41999816894531,33.86000061035156,33.23993682861328,5848600
2024-08-08,34.16999816894531,34.349998474121094,33.5,34.130001068115234,33.5049934387207,2178600
2024-08-09,33.97999954223633,34.04999923706055,33.220001220703125,33.65999984741211,33.04359817504883,1916800
2024-08-12,33.7400016784668,33.974998474121094,32.90999984741211,32.9900016784668,32.38587188720703,1905800
2024-08-13,32.75,33.599998474121094,32.66999816894531,33.310001373291016,32.700008392333984,4058100
2024-08-14,33.900001525878906,34.02000045776367,32.93000030517578,33.20000076293945,32.59202194213867,1704500
2024-08-15,33.65999984741211,34.334999084472656,33.64500045776367,34.279998779296875,33.652244567871094,2648100
2024-08-16,34.38999938964844,34.59000015258789,33.310001373291016,33.54999923706055,32.935611724853516,4005800
2024-08-19,33.54999923706055,34.65999984741211,33.54999923706055,33.81999969482422,33.20066833496094,2961900
2024-08-20,33.56999969482422,33.970001220703125,33.11000061035156,33.13999938964844,32.53312301635742,2789200
2024-08-21,33.33000183105469,34.1879997253418,32.97999954223633,33.88999938964844,33.269386291503906,1981100
2024-08-22,34.0,34.31999969482422,33.720001220703125,33.77000045776367,33.15158462524414,1476500
2024-08-23,33.90999984741211,34.13999938964844,33.290000915527344,33.369998931884766,32.7589111328125,1607000
2024-08-26,33.619998931884766,34.29999923706055,33.5,33.56999969482422,32.95524978637695,1999600
2024-08-27,34.220001220703125,34.54999923706055,33.400001525878906,33.4900016784668,33.03416061401367,2553100
2024-08-28,33.20000076293945,33.54999923706055,32.849998474121094,33.16999816894531,32.718509674072266,1999800
2024-08-29,33.619998931884766,33.9900016784668,33.45500183105469,33.470001220703125,33.01443099975586,2148300
2024-08-30,34.099998474121094,34.41999816894531,33.720001220703125,33.810001373291016,33.34980392456055,3181200
2024-09-03,34.0,34.540000915527344,33.65999984741211,33.849998474121094,33.389259338378906,1880100
2024-09-04,33.849998474121094,34.14500045776367,33.33000183105469,33.65999984741211,33.20184326171875,2074300
2024-09-05,33.939998626708984,34.638999938964844,33.939998626708984,34.209999084472656,33.74435806274414,2811000
2024-09-06,33.970001220703125,34.06999969482422,33.5,33.779998779296875,33.32020950317383,1712600
2024-09-09,34.310001373291016,34.709999084472656,33.97999954223633,34.060001373291016,33.59640121459961,2855600
2024-09-10,34.09000015258789,34.375,33.849998474121094,33.9900016784668,33.5273551940918,1894100
2024-09-11,34.189998626708984,34.40999984741211,33.7400016784668,34.040000915527344,33.5766716003418,3237400
2024-09-12,34.0,34.5,33.61000061035156,34.380001068115234,33.912044525146484,5831700
2024-09-13,34.54999923706055,34.90999984741211,34.36000061035156,34.900001525878906,34.424964904785156,2709800
2024-09-16,34.97999954223633,35.25,34.13999938964844,34.529998779296875,34.060001373291016,3721700
2024-09-17,34.959999084472656,35.099998474121094,34.45000076293945,34.900001525878906,34.424964904785156,3102100
2024-09-18,35.150001525878906,35.18000030517578,34.70000076293945,34.81999969482422,34.34605026245117,1583100
2024-09-19,35.630001068115234,36.09000015258789,35.33000183105469,35.43000030517578,34.94775390625,2667000
2024-09-20,35.36000061035156,35.650001525878906,35.150001525878906,35.529998779296875,35.04638671875,4251800
2024-09-23,35.9900016784668,36.494998931884766,35.900001525878906,36.349998474121094,35.855224609375,2097000
2024-09-24,38.279998779296875,39.20000076293945,38.16999816894531,38.970001220703125,38.43956756591797,6565300
2024-09-25,38.279998779296875,38.84700012207031,38.08000183105469,38.189998626708984,37.67018127441406,3237400
2024-09-26,43.34000015258789,46.0,43.0,43.86000061035156,43.26301193237305,12289700
2024-09-27,44.27000045776367,45.5,43.91999816894531,45.349998474121094,44.732723236083984,7535500
2024-09-30,47.15999984741211,47.970001220703125,45.0099983215332,45.02000045776367,44.40721893310547,10086600
2024-10-01,45.0099983215332,47.5099983215332,44.7599983215332,47.349998474121094,46.705501556396484,4452000
2024-10-02,48.61000061035156,51.189998626708984,48.61000061035156,51.0099983215332,50.31568908691406,9345300
2024-10-03,49.38999938964844,50.540000915527344,48.869998931884766,49.2400016784668,48.56977844238281,7424800
2024-10-04,49.599998474121094,50.5,49.5,50.40999984741211,49.72385787963867,4884300
2024-10-07,51.279998779296875,51.680999755859375,49.04999923706055,50.08000183105469,49.39834976196289,4244200
2024-10-08,46.720001220703125,47.59000015258789,46.400001525878906,47.09000015258789,46.44904327392578,5451600
2024-10-09,45.880001068115234,46.880001068115234,45.310001373291016,46.540000915527344,45.906532287597656,2937300
2024-10-10,47.150001525878906,48.09000015258789,46.9900016784668,47.29999923706055,46.656185150146484,2934400
2024-10-11,46.41999816894531,47.849998474121094,46.36000061035156,47.4900016784668,46.843597412109375,1543800
2024-10-14,46.38999938964844,47.54999923706055,46.189998626708984,46.83000183105469,46.19258499145508,1950600
2024-10-15,45.61000061035156,45.720001220703125,43.86000061035156,44.189998626708984,43.58851623535156,4872000
2024-10-16,44.45000076293945,44.61000061035156,43.834999084472656,44.06999969482422,43.470149993896484,4444100
2024-10-17,43.45000076293945,43.90999984741211,43.060001373291016,43.369998931884766,42.7796745300293,3567100
2024-10-18,44.70000076293945,44.9900016784668,43.584999084472656,43.83000183105469,43.233421325683594,3132000
2024-10-21,43.70000076293945,43.84000015258789,43.310001373291016,43.54999923706055,42.95722579956055,2372700
2024-10-22,43.720001220703125,44.154998779296875,43.619998931884766,43.619998931884766,43.02627182006836,1929900
2024-10-23,43.650001525878906,44.05500030517578,43.402000427246094,43.88999938964844,43.292598724365234,3062700
2024-10-24,43.88999938964844,44.15999984741211,43.310001373291016,43.5099983215332,42.91776657104492,1089600
2024-10-25,43.81999969482422,44.44499969482422,43.599998474121094,43.630001068115234,43.03614044189453,3246100
2024-10-28,44.4900016784668,45.130001068115234,44.18000030517578,44.70000076293945,44.091575622558594,4894700
2024-10-29,44.7400016784668,45.150001525878906,44.47999954223633,44.4900016784668,43.88443374633789,2467400
2024-10-30,44.0,44.900001525878906,44.0,44.70000076293945,44.091575622558594,2308000
2024-10-31,44.88999938964844,45.22999954223633,44.11000061035156,44.11000061035156,43.50960159301758,3372200
2024-11-01,44.54999923706055,45.400001525878906,44.51499938964844,45.06999969482422,44.45653533935547,2833700
2024-11-04,49.810001373291016,50.099998474121094,48.29999923706055,48.29999923706055,47.642574310302734,4790400
2024-11-05,48.77000045776367,49.220001220703125,47.70000076293945,48.34000015258789,47.682029724121094,2995200
2024-11-06,48.560001373291016,50.029998779296875,48.22200012207031,49.83000183105469,49.15175247192383,3999300
2024-11-07,50.95000076293945,52.0,50.880001068115234,51.459999084472656,50.759559631347656,5019100
2024-11-08,50.189998626708984,50.43000030517578,49.290000915527344,49.310001373291016,48.63882827758789,2433100
2024-11-11,50.0,50.02000045776367,49.05500030517578,49.22999954223633,48.55991744995117,2734100
2024-11-12,48.25,48.400001525878906,47.560001373291016,47.88999938964844,47.238155364990234,2846400
2024-11-13,48.09000015258789,48.150001525878906,46.93000030517578,47.5099983215332,46.86332702636719,1924000
2024-11-14,46.7599983215332,47.470001220703125,46.72999954223633,47.22999954223633,46.58713912963867,1991600
2024-11-15,47.540000915527344,48.22999954223633,47.09000015258789,47.209999084472656,46.56740951538086,2767700
2024-11-18,47.470001220703125,47.83000183105469,47.279998779296875,47.65999984741211,47.01128387451172,1254300
2024-11-19,47.18000030517578,47.52000045776367,46.81999969482422,47.41999816894531,46.77455139160156,1404900
2024-11-20,47.529998779296875,47.6150016784668,47.040000915527344,47.380001068115234,46.7350959777832,1240900
2024-11-21,47.02000045776367,47.31999969482422,46.58000183105469,47.09000015258789,46.44904327392578,2139200
2024-11-22,46.4900016784668,47.310001373291016,46.47999954223633,47.06999969482422,46.429317474365234,1987200
2024-11-25,47.279998779296875,47.720001220703125,47.220001220703125,47.58000183105469,46.932376861572266,3830300
2024-11-26,47.720001220703125,47.75,45.34000015258789,45.47999954223633,45.012325286865234,2448400
2024-11-27,46.560001373291016,47.25,46.29499816894531,46.779998779296875,46.298954010009766,1648600
2024-11-29,46.18000030517578,46.63999938964844,46.06999969482422,46.54999923706055,46.071319580078125,1306700
2024-12-02,46.22999954223633,46.650001525878906,46.060001373291016,46.61000061035156,46.130706787109375,1495700
2024-12-03,47.0099983215332,47.33000183105469,46.77000045776367,47.130001068115234,46.64535903930664,3744500
2024-12-04,47.130001068115234,47.400001525878906,46.66400146484375,47.11000061035156,46.62556457519531,1199300
2024-12-05,47.36000061035156,48.130001068115234,47.297000885009766,48.0,47.50640869140625,2898800
2024-12-06,48.709999084472656,49.41999816894531,48.525001525878906,48.529998779296875,48.03096008300781,2727900
2024-12-09,50.91999816894531,51.439998626708984,50.56999969482422,51.0,50.47555923461914,3949700
2024-12-10,49.5099983215332,50.02000045776367,48.7599983215332,49.06999969482422,48.565406799316406,1947300
2024-12-11,48.959999084472656,49.599998474121094,48.720001220703125,49.45000076293945,48.941497802734375,1947100
2024-12-12,49.560001373291016,50.88999938964844,49.54999923706055,49.97999954223633,49.46604919433594,1597300
2024-12-13,49.5,49.68000030517578,49.209999084472656,49.560001373291016,49.05036926269531,2495000
2024-12-16,48.72999954223633,49.20000076293945,48.709999084472656,48.83000183105469,48.327880859375,2473200
2024-12-17,48.72999954223633,49.779998779296875,48.27000045776367,49.68000030517578,49.16913604736328,2294900
2024-12-18,49.5099983215332,49.67499923706055,48.51499938964844,48.709999084472656,48.209110260009766,2345900
2024-12-19,48.93000030517578,49.20500183105469,48.65999984741211,48.970001220703125,48.46643829345703,2303600
2024-12-20,48.650001525878906,48.68000030517578,47.869998931884766,48.58000183105469,48.080448150634766,2855600
2024-12-23,48.400001525878906,48.65999984741211,47.790000915527344,48.65999984741211,48.15962600708008,2569700
2024-12-24,48.72999954223633,50.5,48.599998474121094,50.41999816894531,49.90152359008789,1691100
2024-12-26,50.43000030517578,50.45000076293945,49.59000015258789,49.790000915527344,49.27800750732422,1749400
2024-12-27,49.290000915527344,49.560001373291016,48.970001220703125,49.099998474121094,48.59510040283203,992300
2024-12-30,48.380001068115234,48.439998626708984,47.93000030517578,47.9900016784668,47.496517181396484,1200900
2024-12-31,48.08000183105469,48.64500045776367,47.95000076293945,48.16999816894531,47.674659729003906,808200
2025-01-02,47.779998779296875,47.95000076293945,46.380001068115234,46.59000015258789,46.11091232299805,1886700
2025-01-03,45.0099983215332,45.34000015258789,44.25,44.61000061035156,44.15127182006836,2918500
2025-01-06,44.83000183105469,45.18000030517578,44.470001220703125,44.95000076293945,44.48777389526367,3266800
2025-01-07,45.31999969482422,45.619998931884766,44.599998474121094,44.810001373291016,44.34921646118164,1783800
2025-01-08,43.81999969482422,44.150001525878906,43.400001525878906,43.58000183105469,43.13186264038086,2763700
2025-01-10,42.529998779296875,42.75,41.779998779296875,42.29999923706055,41.86502456665039,2636800
2025-01-13,42.29999923706055,43.47999954223633,42.22999954223633,43.130001068115234,42.68648910522461,1974900
2025-01-14,43.939998626708984,44.4900016784668,43.38999938964844,43.45000076293945,43.00320053100586,1558000
2025-01-15,44.08000183105469,44.31999969482422,43.40999984741211,43.439998626708984,42.99330139160156,1213700
2025-01-16,43.459999084472656,43.584999084472656,42.75,43.209999084472656,42.76566696166992,1488700
2025-01-17,43.16999816894531,44.72999954223633,43.16999816894531,44.650001525878906,44.19086456298828,2342000
2025-01-21,45.040000915527344,45.20000076293945,44.349998474121094,44.9900016784668,44.527366638183594,2091400
2025-01-22,44.849998474121094,45.255001068115234,44.25,44.900001525878906,44.438289642333984,2116400
2025-01-23,44.65999984741211,44.97999954223633,44.209999084472656,44.65999984741211,44.20075607299805,1803800
2025-01-24,44.95000076293945,46.279998779296875,44.68000030517578,45.970001220703125,45.49728775024414,2681700
2025-01-27,45.7400016784668,45.939998626708984,44.97999954223633,45.2400016784668,44.77479553222656,2052600
2025-01-28,45.2400016784668,45.65999984741211,44.78499984741211,45.65999984741211,45.19047164916992,2600100
2025-01-29,46.09000015258789,46.11000061035156,45.4900016784668,45.4900016784668,45.022220611572266,1198800
2025-01-30,45.849998474121094,47.60499954223633,45.64500045776367,47.59000015258789,47.10062789916992,1503800
2025-01-31,47.06999969482422,47.38999938964844,46.119998931884766,46.25,45.77440643310547,1778600
2025-02-03,44.880001068115234,46.03499984741211,44.04999923706055,44.9900016784668,44.527366638183594,2750900
2025-02-04,45.88999938964844,46.34000015258789,45.45500183105469,45.7599983215332,45.2894401550293,2438000
2025-02-05,45.02000045776367,45.900001525878906,44.709999084472656,45.52000045776367,45.05191421508789,2682900
2025-02-06,48.9900016784668,50.04999923706055,48.15999984741211,49.650001525878906,49.139442443847656,3285700
2025-02-07,49.290000915527344,49.54999923706055,47.84000015258789,48.439998626708984,47.9418830871582,4241600
2025-02-10,48.5,49.08000183105469,47.709999084472656,48.06999969482422,47.57569122314453,3615200
2025-02-11,47.7400016784668,48.45000076293945,47.380001068115234,47.470001220703125,46.98186111450195,3030100
2025-02-12,47.779998779296875,48.5099983215332,47.630001068115234,48.369998931884766,47.87260437011719,1975200
2025-02-13,47.88999938964844,48.31999969482422,47.0,48.31999969482422,47.8231201171875,2890500
2025-02-14,48.31999969482422,49.7599983215332,48.20000076293945,49.15999984741211,48.65447998046875,3397300
2025-02-18,49.68000030517578,49.869998931884766,48.959999084472656,49.29999923706055,48.79304504394531,2258300
2025-02-19,48.599998474121094,48.599998474121094,47.21500015258789,47.290000915527344,46.8037109375,3609300
2025-02-20,47.630001068115234,48.18000030517578,46.43000030517578,47.279998779296875,46.79381561279297,2894900
2025-02-21,47.70000076293945,48.11000061035156,46.349998474121094,46.689998626708984,46.20988082885742,2665800
2025-02-24,46.08000183105469,47.0,45.75,46.810001373291016,46.328651428222656,3295300
2025-02-25,47.060001373291016,48.08000183105469,47.005001068115234,47.779998779296875,47.28866958618164,3381500
2025-02-26,48.91999816894531,49.25,48.084999084472656,48.9900016784668,48.48623275756836,3165800
2025-02-27,48.90999984741211,50.619998931884766,48.58000183105469,50.20000076293945,49.68378829956055,4468200
2025-02-28,49.119998931884766,49.625,48.16999816894531,49.40999984741211,48.901912689208984,4559000
2025-03-03,49.130001068115234,49.86000061035156,48.650001525878906,49.02000045776367,48.51592254638672,3608200
2025-03-04,49.0,49.290000915527344,48.2599983215332,48.79999923706055,48.29818344116211,3201900
2025-03-05,49.5,50.56999969482422,49.310001373291016,50.43000030517578,49.91142654418945,2531300
2025-03-06,50.18000030517578,50.279998779296875,48.92499923706055,49.29999923706055,49.026363372802734,2840900
2025-03-07,49.29999923706055,50.0,49.2400016784668,49.70000076293945,49.42414474487305,2355300
2025-03-10,49.0099983215332,49.47999954223633,48.849998474121094,49.36000061035156,49.086029052734375,2532800
2025-03-11,49.5,49.81999969482422,48.29999923706055,49.11000061035156,48.83741760253906,2157300
2025-03-12,49.36000061035156,49.97999954223633,48.52000045776367,49.33000183105469,49.05619812011719,2479100
2025-03-13,48.939998626708984,49.84000015258789,48.470001220703125,49.09000015258789,48.817527770996094,1666300
2025-03-14,50.189998626708984,51.97999954223633,50.03499984741211,51.29999923706055,51.015262603759766,3498000
2025-03-17,51.66999816894531,53.689998626708984,51.61000061035156,53.310001373291016,53.01410675048828,2872000
2025-03-18,53.380001068115234,53.83000183105469,52.59000015258789,53.689998626708984,53.39199447631836,2770400
2025-03-19,53.65999984741211,53.9900016784668,52.900001525878906,53.630001068115234,53.332332611083984,1912700
2025-03-20,51.970001220703125,52.724998474121094,51.709999084472656,52.529998779296875,52.238433837890625,1619500
2025-03-21,51.40999984741211,52.345001220703125,50.731998443603516,52.2599983215332,51.969932556152344,2088900
2025-03-24,52.06999969482422,52.1349983215332,51.5099983215332,51.810001373291016,51.52243423461914,2006700
2025-03-25,51.22999954223633,51.77000045776367,50.72999954223633,51.25,50.965538024902344,3851200
2025-03-26,52.08000183105469,52.7400016784668,51.70000076293945,52.29999923706055,52.00971221923828,1617400
2025-03-27,52.5099983215332,53.52000045776367,52.5,53.16999816894531,52.874881744384766,1935900
2025-03-28,52.43000030517578,53.130001068115234,51.83000183105469,51.869998931884766,51.582096099853516,1755800
2025-03-31,51.529998779296875,52.185001373291016,50.849998474121094,52.060001373291016,51.77104568481445,2035900
2025-04-01,52.459999084472656,53.0099983215332,52.189998626708984,52.95000076293945,52.656105041503906,2354300
2025-04-02,52.25,53.400001525878906,52.20000076293945,53.279998779296875,52.98427200317383,2606600
2025-04-03,52.650001525878906,53.2400016784668,51.29999923706055,52.630001068115234,52.33788299560547,4415700
2025-04-04,48.58000183105469,48.880001068115234,45.935001373291016,47.91999816894531,47.654022216796875,8778700
2025-04-07,46.459999084472656,48.34000015258789,44.4900016784668,45.34000015258789,45.08834457397461,5701500
2025-04-08,46.77000045776367,47.09000015258789,43.29499816894531,44.0099983215332,43.765724182128906,3931000
2025-04-09,45.04999923706055,46.93000030517578,43.45000076293945,46.15999984741211,45.90378952026367,7045300
2025-04-10,46.29999923706055,46.58000183105469,44.040000915527344,44.81999969482422,44.57122802734375,4671200
2025-04-11,45.060001373291016,45.439998626708984,43.650001525878906,44.38999938964844,44.14361572265625,5686500
2025-04-14,45.70000076293945,46.209999084472656,44.72999954223633,45.150001525878906,44.89939880371094,5970100
2025-04-15,45.27000045776367,45.540000915527344,44.310001373291016,44.560001373291016,44.31267547607422,3986900
2025-04-16,44.209999084472656,44.560001373291016,43.70000076293945,43.939998626708984,43.69611358642578,4206700
2025-04-17,43.54999923706055,44.060001373291016,41.0,41.369998931884766,41.140377044677734,6305100
2025-04-21,41.22999954223633,41.75,41.0099983215332,41.70000076293945,41.46854782104492,3729000
2025-04-22,42.56999969482422,44.83000183105469,42.5099983215332,44.779998779296875,44.53144836425781,4999900
2025-04-23,46.75,48.130001068115234,46.5,46.810001373291016,46.55018615722656,4261900
2025-04-24,46.130001068115234,46.86000061035156,46.06999969482422,46.40999984741211,46.15240478515625,2537600
2025-04-25,45.900001525878906,46.369998931884766,45.38999938964844,45.560001373291016,45.30712127685547,1477900
2025-04-28,45.56999969482422,46.91899871826172,45.56999969482422,46.72999954223633,46.47062683105469,2000600
2025-04-29,46.5099983215332,47.04999923706055,46.415000915527344,46.68000030517578,46.42090606689453,2536100
2025-04-30,45.279998779296875,45.439998626708984,42.70000076293945,43.310001373291016,43.069610595703125,4921100
2025-05-01,43.369998931884766,43.709999084472656,43.18000030517578,43.33000183105469,43.089500427246094,1686600
2025-05-02,44.0,44.34000015258789,43.54499816894531,44.040000915527344,43.79555892944336,3063400
2025-05-05,43.70000076293945,43.849998474121094,43.099998474121094,43.4900016784668,43.24861145019531,1478700
2025-05-06,43.54999923706055,44.2599983215332,43.30500030517578,43.72999954223633,43.48727798461914,2474000
2025-05-07,43.36000061035156,43.630001068115234,43.040000915527344,43.45000076293945,43.20883560180664,1626900
2025-05-08,43.86000061035156,44.404998779296875,43.40999984741211,43.97999954223633,43.73588943481445,1717300
2025-05-09,44.560001373291016,44.630001068115234,43.7599983215332,44.16999816894531,43.924835205078125,1747800
2025-05-12,45.63999938964844,46.470001220703125,45.529998779296875,46.11000061035156,45.854068756103516,2510600
2025-05-13,45.869998931884766,46.45000076293945,45.84000015258789,46.09000015258789,45.83417892456055,2206300
2025-05-14,46.45000076293945,47.0,46.30500030517578,46.90999984741211,46.649627685546875,2555200
2025-05-15,46.5099983215332,46.685001373291016,44.39500045776367,44.54999923706055,44.30272674560547,4661500
2025-05-16,44.720001220703125,45.0,44.040000915527344,44.209999084472656,43.96461486816406,3019600
2025-05-19,44.040000915527344,44.66999816894531,43.810001373291016,44.65999984741211,44.41211700439453,3054600
2025-05-20,44.619998931884766,44.93000030517578,43.720001220703125,44.0,43.75577926635742,2853800
2025-05-21,43.630001068115234,43.900001525878906,42.45000076293945,42.779998779296875,42.54254913330078,2712200
2025-05-22,42.5099983215332,43.060001373291016,42.4900016784668,42.52000045776367,42.28399658203125,1774600
2025-05-23,42.150001525878906,42.970001220703125,41.915000915527344,42.619998931884766,42.38343811035156,2771800
2025-05-27,42.77000045776367,43.55500030517578,42.630001068115234,43.2400016784668,43.0,3047600
2025-05-28,43.470001220703125,43.59000015258789,43.11000061035156,43.47999954223633,43.47999954223633,1810400
2025-05-29,44.779998779296875,45.0099983215332,44.209999084472656,44.77000045776367,44.77000045776367,2965100
2025-05-30,43.619998931884766,43.77000045776367,42.21500015258789,43.650001525878906,43.650001525878906,4283400
2025-06-02,43.5,44.0,43.29499816894531,43.97999954223633,43.97999954223633,2342400
2025-06-03,43.849998474121094,43.900001525878906,42.880001068115234,43.38999938964844,43.38999938964844,2716600
2025-06-04,43.529998779296875,43.672000885009766,42.779998779296875,42.869998931884766,42.869998931884766,1897600
2025-06-05,43.0,43.189998626708984,42.6609992980957,43.0,43.0,2021000
2025-06-06,42.7599983215332,43.099998474121094,42.72999954223633,43.08000183105469,43.08000183105469,2403600
2025-06-09,44.09000015258789,44.52000045776367,43.81999969482422,44.2400016784668,44.2400016784668,3403200
2025-06-10,44.900001525878906,45.400001525878906,44.529998779296875,44.77000045776367,44.77000045776367,2115800
2025-06-11,45.20000076293945,45.59000015258789,44.900001525878906,44.90999984741211,44.90999984741211,2162100
2025-06-12,44.58000183105469,45.099998474121094,44.54999923706055,44.650001525878906,44.650001525878906,1408300
2025-06-13,43.83000183105469,44.20000076293945,43.41999816894531,43.56999969482422,43.56999969482422,1582100
2025-06-16,44.08000183105469,44.63999938964844,43.75,43.81999969482422,43.81999969482422,1723900
2025-06-17,43.52000045776367,43.72999954223633,42.86000061035156,42.93000030517578,42.93000030517578,1463400
2025-06-18,42.95000076293945,43.35499954223633,42.68000030517578,42.7599983215332,42.7599983215332,1382800
2025-06-20,43.06999969482422,43.36000061035156,42.709999084472656,42.83000183105469,42.83000183105469,1770500
2025-06-23,43.279998779296875,43.9900016784668,43.06999969482422,43.959999084472656,43.959999084472656,1906600
2025-06-24,44.400001525878906,44.650001525878906,44.13100051879883,44.400001525878906,44.400001525878906,2118700
2025-06-25,45.08000183105469,45.119998931884766,44.15999984741211,44.470001220703125,44.470001220703125,2274800
2025-06-26,44.33000183105469,44.650001525878906,44.224998474121094,44.61000061035156,44.61000061035156,1806900
2025-06-27,43.939998626708984,44.709999084472656,43.689998626708984,44.66999816894531,44.66999816894531,1588900
2025-06-30,44.56999969482422,44.7400016784668,44.029998779296875,44.709999084472656,44.709999084472656,2001500
2025-07-01,44.849998474121094,46.13999938964844,44.849998474121094,45.68000030517578,45.68000030517578,1542400
2025-07-02,46.060001373291016,46.369998931884766,45.630001068115234,45.95000076293945,45.95000076293945,1853200
2025-07-03,45.7599983215332,46.09000015258789,45.35499954223633,45.7599983215332,45.7599983215332,1115600
2025-07-07,46.599998474121094,48.17499923706055,46.369998931884766,47.58000183105469,47.58000183105469,4405100
2025-07-08,47.83000183105469,47.93000030517578,47.119998931884766,47.470001220703125,47.470001220703125,2380700
2025-07-09,46.86000061035156,47.220001220703125,46.58000183105469,47.20000076293945,47.20000076293945,1581400
2025-07-10,47.939998626708984,48.36000061035156,47.59000015258789,47.880001068115234,47.880001068115234,1709000
2025-07-11,48.0099983215332,48.14500045776367,47.20000076293945,47.599998474121094,47.599998474121094,1400500
2025-07-14,47.5099983215332,47.9900016784668,47.209999084472656,47.459999084472656,47.459999084472656,1355000
2025-07-15,47.630001068115234,47.83000183105469,46.75,46.97999954223633,46.97999954223633,1553600
2025-07-16,46.45000076293945,47.08000183105469,46.25,47.0,47.0,1077800
2025-07-17,46.88999938964844,47.56999969482422,46.5099983215332,47.560001373291016,47.560001373291016,1495400
2025-07-18,47.45000076293945,47.689998626708984,46.375,46.83000183105469,46.83000183105469,1958500
2025-07-21,47.2599983215332,47.900001525878906,47.23500061035156,47.68000030517578,47.68000030517578,1845300
2025-07-22,48.0,48.65999984741211,47.91999816894531,48.65999984741211,48.65999984741211,1691900
2025-07-23,48.709999084472656,49.369998931884766,48.709999084472656,49.08000183105469,49.08000183105469,1818200
2025-07-24,49.25,49.349998474121094,48.5,48.720001220703125,48.720001220703125,2027400
2025-07-25,48.11000061035156,48.540000915527344,47.5,47.849998474121094,47.849998474121094,1553500
2025-07-28,47.7400016784668,47.88999938964844,46.81999969482422,46.939998626708984,46.939998626708984,891400
2025-07-29,47.060001373291016,47.22999954223633,46.43000030517578,46.4900016784668,46.4900016784668,2051000
2025-07-30,46.4900016784668,46.880001068115234,46.220001220703125,46.65999984741211,46.65999984741211,881500
2025-07-31,46.29999923706055,46.86000061035156,46.0,46.68000030517578,46.68000030517578,1699600
2025-08-01,46.540000915527344,46.790000915527344,46.08000183105469,46.689998626708984,46.689998626708984,1586600
2025-08-04,46.91999816894531,47.5099983215332,46.47999954223633,46.47999954223633,46.47999954223633,1812900
2025-08-05,47.0099983215332,47.25,43.52000045776367,43.63999938964844,43.63999938964844,3119000
2025-08-06,44.31999969482422,45.459999084472656,44.310001373291016,44.79999923706055,44.79999923706055,2642500
2025-08-07,45.150001525878906,46.099998474121094,45.07500076293945,45.849998474121094,45.849998474121094,2751000
2025-08-08,45.599998474121094,45.790000915527344,44.16999816894531,44.560001373291016,44.560001373291016,2647600
2025-08-11,44.61000061035156,45.0,44.369998931884766,44.400001525878906,44.400001525878906,1202100
2025-08-12,44.65999984741211,45.02000045776367,44.505001068115234,44.779998779296875,44.779998779296875,1235400
2025-08-13,44.72999954223633,45.61000061035156,44.6150016784668,45.61000061035156,45.61000061035156,2228400
2025-08-14,45.119998931884766,45.665000915527344,44.599998474121094,44.81999969482422,44.81999969482422,1616900
2025-08-15,44.68000030517578,44.82500076293945,44.17100143432617,44.75,44.75,2158900
2025-08-18,44.619998931884766,44.97999954223633,44.189998626708984,44.5099983215332,44.5099983215332,1825100
2025-08-19,44.939998626708984,44.970001220703125,44.16999816894531,44.5099983215332,44.5099983215332,1967900
2025-08-20,44.75,44.845001220703125,44.349998474121094,44.61000061035156,44.61000061035156,1599500
2025-08-21,44.720001220703125,45.15999984741211,44.6150016784668,45.09000015258789,45.09000015258789,1675700
2025-08-22,45.68000030517578,46.224998474121094,45.2400016784668,45.900001525878906,45.900001525878906,1212200
2025-08-25,46.2599983215332,47.04999923706055,46.06999969482422,47.029998779296875,47.029998779296875,1682100
2025-08-26,46.56999969482422,46.775001525878906,46.189998626708984,46.47999954223633,46.47999954223633,7018400
2025-08-27,45.41999816894531,45.619998931884766,44.5099983215332,44.599998474121094,44.599998474121094,1551600
2025-08-28,44.619998931884766,44.880001068115234,44.31999969482422,44.58000183105469,44.58000183105469,1562700
2025-08-29,44.6150016784668,44.849998474121094,44.43000030517578,44.720001220703125,44.720001220703125,1398500
2025-09-02,44.02000045776367,44.34000015258789,43.63999938964844,43.650001525878906,43.650001525878906,2331000
2025-09-03,43.61000061035156,44.70000076293945,43.61000061035156,44.400001525878906,44.400001525878906,3745100
2025-09-04,44.400001525878906,44.709999084472656,43.95000076293945,44.70000076293945,44.70000076293945,2350300
2025-09-05,44.970001220703125,45.46500015258789,44.650001525878906,44.93000030517578,44.93000030517578,1316900
2025-09-08,44.81999969482422,44.81999969482422,44.13999938964844,44.40999984741211,44.40999984741211,2779500
2025-09-09,44.529998779296875,45.20000076293945,44.130001068115234,44.150001525878906,44.150001525878906,1839400
2025-09-10,44.380001068115234,44.70000076293945,44.08000183105469,44.36000061035156,44.36000061035156,1533200
2025-09-11,45.060001373291016,45.459999084472656,44.91999816894531,45.119998931884766,45.119998931884766,1486900
2025-09-12,44.47999954223633,44.630001068115234,43.59000015258789,43.970001220703125,43.970001220703125,2276600
2025-09-15,44.130001068115234,44.150001525878906,43.540000915527344,43.560001373291016,43.560001373291016,1137400
2025-09-16,44.84000015258789,45.439998626708984,44.529998779296875,44.529998779296875,44.529998779296875,2152400
2025-09-17,45.0099983215332,45.29999923706055,44.36000061035156,44.689998626708984,44.689998626708984,2704100
2025-09-18,44.060001373291016,44.064998626708984,43.16999816894531,43.83000183105469,43.83000183105469,2162200
2025-09-19,43.83000183105469,43.90999984741211,43.540000915527344,43.7599983215332,43.7599983215332,1268900
2025-09-22,43.4900016784668,43.845001220703125,42.88999938964844,43.099998474121094,43.099998474121094,1408200
2025-09-23,42.970001220703125,43.2599983215332,42.525001525878906,42.560001373291016,42.560001373291016,1548100
2025-09-24,43.0,43.38999938964844,42.90999984741211,43.09000015258789,43.09000015258789,1222000
2025-09-25,43.150001525878906,43.47999954223633,42.73500061035156,42.880001068115234,42.880001068115234,1728300
2025-09-26,42.880001068115234,43.61000061035156,42.78499984741211,43.25,43.25,1071800
2025-09-29,43.720001220703125,44.34000015258789,43.5,43.61000061035156,43.61000061035156,1076000
2025-09-30,43.279998779296875,43.58000183105469,42.70500183105469,42.91999816894531,42.91999816894531,2145400
2025-10-01,42.88999938964844,43.43000030517578,42.8650016784668,43.119998931884766,43.119998931884766,1510300
2025-10-02,42.75,43.12799835205078,42.59000015258789,42.79999923706055,42.79999923706055,1115200
2025-10-03,42.599998474121094,42.79999923706055,42.279998779296875,42.310001373291016,42.310001373291016,977200
2025-10-06,42.5,43.33000183105469,42.4900016784668,43.189998626708984,43.189998626708984,1361800
2025-10-07,43.189998626708984,43.529998779296875,42.43000030517578,42.56999969482422,42.56999969482422,1046400
2025-10-08,42.2599983215332,42.70000076293945,41.689998626708984,42.38999938964844,42.38999938964844,1148700
2025-10-09,42.5,42.88999938964844,42.3849983215332,42.43000030517578,42.43000030517578,864100
2025-10-10,43.65999984741211,44.650001525878906,42.540000915527344,42.63999938964844,42.63999938964844,2092000
2025-10-13,43.04999923706055,43.369998931884766,42.75,43.16999816894531,43.16999816894531,1578700
2025-10-14,42.5,43.42499923706055,42.11000061035156,43.06999969482422,43.06999969482422,1142100
2025-10-15,43.4900016784668,44.06999969482422,43.31999969482422,44.040000915527344,44.040000915527344,1189000
2025-10-16,43.560001373291016,43.970001220703125,43.09000015258789,43.29999923706055,43.29999923706055,1312100
2025-10-17,43.13999938964844,44.02000045776367,42.91999816894531,43.81999969482422,43.81999969482422,1140800
2025-10-20,44.2599983215332,44.900001525878906,44.17499923706055,44.86000061035156,44.86000061035156,1220400
2025-10-21,44.599998474121094,45.25,44.52000045776367,45.0099983215332,45.0099983215332,1284300
2025-10-22,44.75,45.314998626708984,44.75,45.0,45.0,949200
2025-10-23,45.34000015258789,45.79999923706055,45.21500015258789,45.5099983215332,45.5099983215332,973900
2025-10-24,45.52000045776367,45.85499954223633,44.744998931884766,44.79999923706055,44.79999923706055,1056300
2025-10-27,45.0,45.279998779296875,44.2400016784668,44.43000030517578,44.43000030517578,1216100
2025-10-28,44.130001068115234,44.33000183105469,43.52000045776367,43.619998931884766,43.619998931884766,1129100
2025-10-29,43.56999969482422,43.94499969482422,43.5099983215332,43.84000015258789,43.84000015258789,955900
2025-10-30,43.099998474121094,44.040000915527344,43.099998474121094,43.70000076293945,43.70000076293945,1094800
2025-10-31,42.95000076293945,43.84000015258789,42.95000076293945,43.2599983215332,43.2599983215332,1973200
2025-11-03,43.310001373291016,44.27000045776367,43.27000045776367,43.97999954223633,43.97999954223633,1486300
2025-11-04,43.75,46.08000183105469,43.75,44.81999969482422,44.81999969482422,1623600
2025-11-05,44.380001068115234,44.380001068115234,43.06999969482422,43.869998931884766,43.869998931884766,2759400
2025-11-06,44.29999923706055,44.29999923706055,43.01499938964844,43.08000183105469,43.08000183105469,973700
2025-11-07,43.2599983215332,43.630001068115234,43.189998626708984,43.59000015258789,43.59000015258789,880200
2025-11-10,44.66999816894531,45.52000045776367,44.66999816894531,44.790000915527344,44.790000915527344,1657000
2025-11-11,45.849998474121094,46.16999816894531,45.84000015258789,46.029998779296875,46.029998779296875,1460200
2025-11-12,46.0099983215332,46.45000076293945,45.96500015258789,46.2599983215332,46.2599983215332,1224300
2025-11-13,45.97999954223633,46.38999938964844,45.83000183105469,46.369998931884766,46.369998931884766,1159000
2025-11-14,45.9900016784668,46.560001373291016,45.9900016784668,46.16999816894531,46.16999816894531,1078000
2025-11-17,46.130001068115234,46.72999954223633,46.07500076293945,46.380001068115234,46.380001068115234,1258300
2025-11-18,46.720001220703125,47.92499923706055,46.51499938964844,47.529998779296875,47.529998779296875,1780500
2025-11-19,47.529998779296875,48.13999938964844,47.310001373291016,47.709999084472656,47.709999084472656,1415700
2025-11-20,48.0,48.630001068115234,47.30500030517578,47.369998931884766,47.369998931884766,1599700
2025-11-21,47.0,48.470001220703125,46.34700012207031,48.02000045776367,48.02000045776367,1423000
2025-11-24,48.099998474121094,48.5,47.52000045776367,47.54999923706055,47.54999923706055,1900300
2025-11-25,47.400001525878906,48.650001525878906,47.400001525878906,48.040000915527344,48.040000915527344,1932400
2025-11-26,48.15999984741211,48.93000030517578,47.779998779296875,48.279998779296875,48.279998779296875,1194600
2025-11-28,48.470001220703125,48.790000915527344,47.9900016784668,48.13999938964844,48.13999938964844,894900
2025-12-01,48.150001525878906,49.290000915527344,48.13999938964844,48.29999923706055,48.29999923706055,1535900
2025-12-02,48.4900016784668,48.880001068115234,48.290000915527344,48.33000183105469,48.33000183105469,1107400
2025-12-03,48.08000183105469,48.529998779296875,47.13999938964844,47.2400016784668,47.2400016784668,4550100
2025-12-04,47.470001220703125,47.70000076293945,46.4900016784668,46.599998474121094,46.599998474121094,1386600
2025-12-05,46.540000915527344,46.790000915527344,45.994998931884766,46.22999954223633,46.22999954223633,2296200
2025-12-08,46.720001220703125,47.060001373291016,46.0,46.0099983215332,46.0099983215332,1160900
2025-12-09,45.59000015258789,46.189998626708984,45.52000045776367,46.0099983215332,46.0099983215332,1044700
2025-12-10,46.34000015258789,47.31999969482422,46.34000015258789,46.939998626708984,46.939998626708984,1463000
2025-12-11,47.0,47.939998626708984,47.0,47.619998931884766,47.619998931884766,1172600
2025-12-12,48.45000076293945,48.97999954223633,48.04499816894531,48.540000915527344,48.540000915527344,1201700
2025-12-15,48.439998626708984,48.470001220703125,47.88999938964844,48.02000045776367,48.02000045776367,1618700
2025-12-16,47.529998779296875,47.8650016784668,47.26499938964844,47.380001068115234,47.380001068115234,1207900
2025-12-17,47.45000076293945,47.994998931884766,47.36000061035156,47.77000045776367,47.77000045776367,1054200
2025-12-18,47.77000045776367,48.56999969482422,47.57500076293945,48.290000915527344,48.290000915527344,1097400
2025-12-19,47.9900016784668,48.7400016784668,47.9900016784668,48.40999984741211,48.40999984741211,1980700
2025-12-22,48.209999084472656,48.529998779296875,48.18000030517578,48.529998779296875,48.529998779296875,716900
2025-12-23,48.47999954223633,48.720001220703125,48.34000015258789,48.5099983215332,48.5099983215332,531300
2025-12-24,48.41999816894531,49.22999954223633,48.400001525878906,49.029998779296875,49.029998779296875,676100
2025-12-26,49.06999969482422,49.43000030517578,48.9900016784668,49.13999938964844,49.13999938964844,678400
2025-12-29,48.470001220703125,48.77000045776367,48.029998779296875,48.52000045776367,48.52000045776367,891000
2025-12-30,48.220001220703125,48.34000015258789,47.560001373291016,47.810001373291016,47.810001373291016,976500
