date,open,high,low,close,adj_close,volume
,CC,CC,CC,CC,CC,CC
2020-01-02,18.43000030517578,18.43000030517578,17.579999923706055,18.110000610351562,14.268360137939453,2301000
2020-01-03,17.719999313354492,17.729999542236328,16.704999923706055,16.899999618530273,13.315034866333008,3319300
2020-01-06,16.780000686645508,17.489999771118164,16.579999923706055,17.200000762939453,13.551397323608398,1850500
2020-01-07,17.010000228881836,17.3799991607666,16.89900016784668,17.079999923706055,13.456849098205566,1824300
2020-01-08,17.280000686645508,17.450000762939453,16.84000015258789,17.190000534057617,13.54351806640625,2045300
2020-01-09,17.149999618530273,17.17300033569336,16.530000686645508,16.739999771118164,13.188976287841797,2669000
2020-01-10,16.739999771118164,16.959999084472656,16.34000015258789,16.43000030517578,12.944738388061523,3312900
2020-01-13,16.489999771118164,17.329999923706055,16.3799991607666,16.889999389648438,13.30715560913086,2500100
2020-01-14,16.920000076293945,18.209999084472656,16.799999237060547,18.200000762939453,14.339268684387207,5113600
2020-01-15,18.020000457763672,18.319000244140625,17.600000381469727,17.75,13.984725952148438,1772100
2020-01-16,17.81999969482422,18.229999542236328,17.809999465942383,18.049999237060547,14.221086502075195,1858800
2020-01-17,18.110000610351562,18.329999923706055,17.389999389648438,17.459999084472656,13.756243705749512,2803800
2020-01-21,17.40999984741211,17.440000534057617,16.530000686645508,16.65999984741211,13.125945091247559,2320300
2020-01-22,16.709999084472656,16.729999542236328,16.040000915527344,16.239999771118164,12.795039176940918,1939100
2020-01-23,16.09000015258789,16.360000610351562,15.34000015258789,16.18000030517578,12.747766494750977,2884900
2020-01-24,16.34000015258789,16.3700008392334,15.380000114440918,15.59000015258789,12.282920837402344,2771000
2020-01-27,15.0,15.09000015258789,14.375,14.5600004196167,11.471414566040039,4152300
2020-01-28,14.699999809265137,14.880000114440918,14.234999656677246,14.470000267028809,11.400506019592285,2715000
2020-01-29,14.5600004196167,14.789999961853027,14.25,14.539999961853027,11.455656051635742,2608600
2020-01-30,14.289999961853027,14.550000190734863,13.880000114440918,14.470000267028809,11.400506019592285,2312000
2020-01-31,14.15999984741211,14.3100004196167,13.529999732971191,13.869999885559082,10.92778205871582,3283000
2020-02-03,13.920000076293945,14.427000045776367,13.84000015258789,14.34000015258789,11.298083305358887,2935200
2020-02-04,14.6899995803833,14.880000114440918,14.25,14.289999961853027,11.258689880371094,3345100
2020-02-05,14.75,15.1899995803833,14.399999618530273,14.829999923706055,11.684139251708984,3437300
2020-02-06,14.979999542236328,15.100000381469727,14.399999618530273,14.65999984741211,11.550201416015625,2152500
2020-02-07,14.40999984741211,14.545000076293945,13.864999771118164,14.039999961853027,11.061720848083496,2175100
2020-02-10,14.039999961853027,14.420000076293945,13.899999618530273,14.100000381469727,11.108993530273438,1992800
2020-02-11,14.279999732971191,15.130000114440918,14.109999656677246,14.9399995803833,11.770805358886719,1879900
2020-02-12,15.390000343322754,16.049999237060547,15.25,15.59000015258789,12.282920837402344,3353100
2020-02-13,15.470000267028809,15.90999984741211,15.029999732971191,15.680000305175781,12.35383129119873,3687300
2020-02-14,16.729999542236328,19.405000686645508,16.65999984741211,19.3700008392334,15.261078834533691,12649400
2020-02-18,19.260000228881836,19.8700008392334,18.020000457763672,18.559999465942383,14.62290096282959,4507200
2020-02-19,18.68000030517578,19.299999237060547,18.549999237060547,19.059999465942383,15.016839981079102,3665900
2020-02-20,19.149999618530273,20.19499969482422,19.049999237060547,19.700000762939453,15.521076202392578,4260300
2020-02-21,19.309999465942383,19.690000534057617,19.06999969482422,19.440000534057617,15.316228866577148,3040000
2020-02-24,18.209999084472656,18.700000762939453,17.90999984741211,18.6299991607666,14.678054809570312,3231800
2020-02-25,18.760000228881836,18.829999923706055,16.40999984741211,16.459999084472656,12.968368530273438,4430200
2020-02-26,16.190000534057617,16.510000228881836,15.399999618530273,15.550000190734863,12.440353393554688,3826400
2020-02-27,15.0,15.3100004196167,14.109999656677246,14.130000114440918,11.3043212890625,4842900
2020-02-28,13.5600004196167,14.989999771118164,13.420000076293945,14.859999656677246,11.888339042663574,4241800
2020-03-02,14.949999809265137,15.0,13.569999694824219,14.430000305175781,11.544329643249512,5094300
2020-03-03,14.529999732971191,15.550000190734863,14.210000038146973,14.59000015258789,11.672334671020508,5444400
2020-03-04,14.960000038146973,15.170000076293945,14.09000015258789,15.050000190734863,12.040345191955566,3323900
2020-03-05,14.930000305175781,15.350000381469727,14.460000038146973,14.970000267028809,11.976344108581543,2801900
2020-03-06,14.350000381469727,14.670000076293945,13.390000343322754,13.470000267028809,10.77630615234375,4323500
2020-03-09,11.720000267028809,12.25,10.390000343322754,10.399999618530273,8.320237159729004,6164500
2020-03-10,11.079999923706055,11.760000228881836,10.140000343322754,11.539999961853027,9.232267379760742,4140800
2020-03-11,11.0600004196167,11.09000015258789,10.300000190734863,10.65999984741211,8.528243064880371,5019600
2020-03-12,9.850000381469727,9.850000381469727,8.899999618530273,9.289999961853027,7.432213306427002,4756700
2020-03-13,10.149999618530273,10.300000190734863,8.680000305175781,10.300000190734863,8.240236282348633,4333000
2020-03-16,8.399999618530273,9.9399995803833,8.010000228881836,9.140000343322754,7.312208652496338,3904400
2020-03-17,9.390000343322754,10.899999618530273,8.819999694824219,10.789999961853027,8.632247924804688,4662600
2020-03-18,9.930000305175781,11.15999984741211,8.800000190734863,9.670000076293945,7.736221790313721,3606600
2020-03-19,9.3100004196167,10.84000015258789,8.899999618530273,10.180000305175781,8.144234657287598,2487200
2020-03-20,10.5,10.609999656677246,9.130000114440918,9.130000114440918,7.3042097091674805,3739100
2020-03-23,9.0,9.399999618530273,8.145000457763672,8.210000038146973,6.5681891441345215,3119500
2020-03-24,9.029999732971191,9.765000343322754,8.300000190734863,9.5600004196167,7.648218154907227,4088900
2020-03-25,9.75,11.510000228881836,9.170000076293945,10.890000343322754,8.712249755859375,6769000
2020-03-26,10.960000038146973,11.649999618530273,10.359999656677246,10.819999694824219,8.656248092651367,4819600
2020-03-27,10.380000114440918,10.390000343322754,9.1899995803833,9.510000228881836,7.608218669891357,4277300
2020-03-30,9.539999961853027,10.5,9.1899995803833,9.6899995803833,7.752221584320068,3475400
2020-03-31,9.59000015258789,9.779999732971191,8.614999771118164,8.869999885559082,7.096202373504639,6229100
2020-04-01,8.359999656677246,8.48799991607666,7.369999885559082,7.539999961853027,6.032172679901123,4079100
2020-04-02,7.559999942779541,8.149999618530273,7.400000095367432,7.510000228881836,6.008172512054443,2594200
2020-04-03,7.639999866485596,7.940000057220459,7.019999980926514,7.260000228881836,5.808165550231934,4317500
2020-04-06,7.960000038146973,8.4399995803833,7.670000076293945,8.350000381469727,6.680191993713379,4835400
2020-04-07,9.079999923706055,9.449999809265137,8.46500015258789,8.630000114440918,6.904197692871094,4451700
2020-04-08,8.680000305175781,9.640000343322754,8.550000190734863,9.520000457763672,7.616218090057373,3141100
2020-04-09,9.9399995803833,11.300000190734863,9.8100004196167,10.989999771118164,8.792250633239746,4180700
2020-04-13,11.15999984741211,11.210000038146973,9.899999618530273,10.539999961853027,8.432242393493652,3355600
2020-04-14,11.0,11.3100004196167,10.239999771118164,10.680000305175781,8.544244766235352,3006800
2020-04-15,10.010000228881836,10.15999984741211,9.52299976348877,9.600000381469727,7.680219650268555,2618300
2020-04-16,9.5600004196167,9.614999771118164,8.833000183105469,9.3100004196167,7.448214054107666,2653600
2020-04-17,10.029999732971191,10.795000076293945,9.9399995803833,10.600000381469727,8.480243682861328,4607700
2020-04-20,10.100000381469727,10.824999809265137,9.800000190734863,10.40999984741211,8.328238487243652,2354800
2020-04-21,9.989999771118164,10.3100004196167,9.760000228881836,10.180000305175781,8.144234657287598,2373500
2020-04-22,10.510000228881836,10.760000228881836,10.015000343322754,10.170000076293945,8.136234283447266,1544100
2020-04-23,10.34000015258789,10.84000015258789,10.279999732971191,10.470000267028809,8.376240730285645,1579400
2020-04-24,10.739999771118164,10.800000190734863,10.3100004196167,10.739999771118164,8.592247009277344,1250200
2020-04-27,10.819999694824219,11.4399995803833,10.760000228881836,11.149999618530273,8.920256614685059,1848000
2020-04-28,11.5,11.699999809265137,11.079999923706055,11.3100004196167,9.048258781433105,2020700
2020-04-29,11.979999542236328,12.649999618530273,11.829999923706055,12.460000038146973,9.96828556060791,2871800
2020-04-30,12.039999961853027,12.09000015258789,11.460000038146973,11.729999542236328,9.384268760681152,3023300
2020-05-01,11.390000343322754,11.5,10.6899995803833,10.930000305175781,8.744250297546387,2597900
2020-05-04,10.59000015258789,10.944999694824219,10.289999961853027,10.90999984741211,8.728252410888672,2438600
2020-05-05,11.479999542236328,12.494999885559082,11.369999885559082,12.180000305175781,9.744278907775879,4062200
2020-05-06,12.920000076293945,13.850000381469727,12.274999618530273,12.319999694824219,9.856281280517578,4044800
2020-05-07,12.65999984741211,12.8100004196167,11.5,11.609999656677246,9.288265228271484,2871800
2020-05-08,12.119999885559082,12.984999656677246,11.920000076293945,12.90999984741211,10.328295707702637,3029200
2020-05-11,12.890000343322754,12.890000343322754,12.130000114440918,12.609999656677246,10.088289260864258,2452700
2020-05-12,12.630000114440918,12.859999656677246,11.949999809265137,11.960000038146973,9.56827449798584,1589900
2020-05-13,11.800000190734863,11.890000343322754,11.109999656677246,11.5,9.200263023376465,2230600
2020-05-14,10.850000381469727,11.84000015258789,10.619999885559082,11.550000190734863,9.44560432434082,2413400
2020-05-15,11.220000267028809,11.741000175476074,11.010000228881836,11.09000015258789,9.069416046142578,1767200
2020-05-18,12.100000381469727,12.835000038146973,11.979999542236328,12.670000076293945,10.361541748046875,2859700
2020-05-19,12.479999542236328,12.84000015258789,12.170000076293945,12.300000190734863,10.058955192565918,2017000
2020-05-20,12.75,13.010000228881836,12.710000038146973,12.84000015258789,10.500566482543945,1464200
2020-05-21,12.739999771118164,12.880000114440918,12.395000457763672,12.510000228881836,10.230693817138672,1565100
2020-05-22,12.430000305175781,12.505000114440918,12.109999656677246,12.449999809265137,10.181623458862305,1457200
2020-05-26,13.279999732971191,13.65999984741211,13.0,13.369999885559082,10.934001922607422,2031100
2020-05-27,13.84000015258789,14.225000381469727,13.609999656677246,14.130000114440918,11.55552864074707,2344300
2020-05-28,14.300000190734863,14.319999694824219,13.520000457763672,13.600000381469727,11.122096061706543,1600300
2020-05-29,13.260000228881836,13.670000076293945,13.109999656677246,13.109999656677246,10.7213716506958,2138200
2020-06-01,13.199999809265137,13.770000457763672,13.020000457763672,13.569999694824219,11.097561836242676,1224800
2020-06-02,13.8100004196167,14.375,13.800000190734863,14.229999542236328,11.637311935424805,1607000
2020-06-03,14.670000076293945,15.0600004196167,14.470000267028809,14.800000190734863,12.1034574508667,2275800
2020-06-04,14.619999885559082,15.760000228881836,14.5600004196167,15.75,12.880369186401367,2551800
2020-06-05,17.079999923706055,17.44499969482422,16.420000076293945,16.520000457763672,13.510077476501465,2442000
2020-06-08,17.0,17.729999542236328,17.0,17.649999618530273,14.43419075012207,2243300
2020-06-09,17.149999618530273,17.354999542236328,16.579999923706055,16.729999542236328,13.681817054748535,2096600
2020-06-10,16.610000610351562,16.649999618530273,15.885000228881836,16.049999237060547,13.125706672668457,1816200
2020-06-11,14.699999809265137,14.960000038146973,13.399999618530273,13.600000381469727,11.122096061706543,2483500
2020-06-12,14.9399995803833,15.239999771118164,14.449999809265137,15.0,12.267017364501953,1664200
2020-06-15,14.029999732971191,15.529999732971191,13.8100004196167,15.369999885559082,12.569604873657227,1833300
2020-06-16,16.43000030517578,16.649999618530273,15.5600004196167,16.389999389648438,13.403762817382812,2188600
2020-06-17,16.40999984741211,16.6200008392334,15.9350004196167,15.989999771118164,13.076642036437988,1624400
2020-06-18,15.609999656677246,16.389999389648438,15.40999984741211,15.680000305175781,12.823123931884766,1626800
2020-06-19,16.010000228881836,16.25,15.460000038146973,15.829999923706055,12.945791244506836,2436900
2020-06-22,15.649999618530273,15.920000076293945,15.260000228881836,15.789999961853027,12.913078308105469,1317600
2020-06-23,16.190000534057617,16.290000915527344,15.375,15.550000190734863,12.716806411743164,1484600
2020-06-24,15.300000190734863,15.350000381469727,14.760000228881836,15.050000190734863,12.30790901184082,1675300
2020-06-25,14.859999656677246,15.75,14.699999809265137,15.739999771118164,12.87218952178955,1489900
2020-06-26,15.5,15.649999618530273,14.800000190734863,14.829999923706055,12.12799072265625,2400400
2020-06-29,15.199999809265137,15.600000381469727,14.920000076293945,15.3100004196167,12.520535469055176,3198600
2020-06-30,15.069999694824219,15.40999984741211,14.869999885559082,15.350000381469727,12.55324649810791,2452800
2020-07-01,15.479999542236328,15.539999961853027,14.319999694824219,14.399999618530273,11.776335716247559,2286300
2020-07-02,14.850000381469727,15.9350004196167,14.850000381469727,15.670000076293945,12.81494426727295,2662100
2020-07-06,16.170000076293945,16.350000381469727,15.718999862670898,16.260000228881836,13.297449111938477,2411800
2020-07-07,16.049999237060547,16.239999771118164,15.729999542236328,15.8100004196167,12.929437637329102,1268300
2020-07-08,15.770000457763672,15.979999542236328,15.385000228881836,15.640000343322754,12.790410041809082,1263700
2020-07-09,15.550000190734863,15.65999984741211,14.9399995803833,15.260000228881836,12.479647636413574,1448200
2020-07-10,15.34000015258789,15.970000267028809,15.204000473022461,15.8100004196167,12.929437637329102,1484700
2020-07-13,16.010000228881836,16.100000381469727,15.425000190734863,15.579999923706055,12.741340637207031,1864400
2020-07-14,15.539999961853027,16.329999923706055,15.380000114440918,16.260000228881836,13.297449111938477,1793500
2020-07-15,16.6299991607666,16.8799991607666,16.239999771118164,16.579999923706055,13.559144020080566,1533900
2020-07-16,16.40999984741211,16.69499969482422,16.049999237060547,16.549999237060547,13.534610748291016,1272700
2020-07-17,16.649999618530273,16.860000610351562,16.40999984741211,16.420000076293945,13.42829704284668,1590400
2020-07-20,16.270000457763672,16.700000762939453,16.0049991607666,16.049999237060547,13.125706672668457,1076200
2020-07-21,16.25,17.065000534057617,16.229999542236328,16.68000030517578,13.640924453735352,1370300
2020-07-22,16.600000381469727,16.8799991607666,16.479999542236328,16.84000015258789,13.771772384643555,951100
2020-07-23,16.739999771118164,17.1200008392334,16.719999313354492,17.040000915527344,13.935332298278809,1330400
2020-07-24,17.06999969482422,17.315000534057617,16.950000762939453,17.100000381469727,13.98440170288086,1043600
2020-07-27,16.969999313354492,18.469999313354492,16.850000381469727,18.399999618530273,15.047536849975586,2068900
2020-07-28,18.25,18.399999618530273,17.69499969482422,18.09000015258789,14.794025421142578,2010200
2020-07-29,18.229999542236328,18.68000030517578,18.114999771118164,18.59000015258789,15.202924728393555,1530300
2020-07-30,18.139999389648438,18.260000228881836,17.65999984741211,18.0,14.720418930053711,2053000
2020-07-31,18.139999389648438,19.100000381469727,17.940000534057617,18.530000686645508,15.15385627746582,2800300
2020-08-03,18.829999923706055,19.732999801635742,18.639999389648438,19.25,15.742674827575684,1930800
2020-08-04,19.15999984741211,19.770000457763672,19.139999389648438,19.690000534057617,16.102502822875977,1903900
2020-08-05,19.920000076293945,21.290000915527344,19.90999984741211,20.790000915527344,17.00208854675293,2865000
2020-08-06,20.75,20.799999237060547,19.760000228881836,20.290000915527344,16.593183517456055,1997400
2020-08-07,20.020000457763672,20.094999313354492,19.6299991607666,19.8799991607666,16.257883071899414,1583600
2020-08-10,20.0,20.665000915527344,19.90999984741211,20.579999923706055,16.830347061157227,1690600
2020-08-11,20.940000534057617,21.545000076293945,20.700000762939453,20.889999389648438,17.083864212036133,2260700
2020-08-12,21.329999923706055,21.84000015258789,20.959999084472656,21.549999237060547,17.623615264892578,1850300
2020-08-13,21.469999313354492,21.56999969482422,21.18000030517578,21.34000015258789,17.451879501342773,1048400
2020-08-14,20.860000610351562,21.420000076293945,20.790000915527344,20.969999313354492,17.352577209472656,1320800
2020-08-17,21.139999389648438,21.34000015258789,20.670000076293945,20.850000381469727,17.253278732299805,1263300
2020-08-18,20.75,21.06999969482422,20.700000762939453,20.739999771118164,17.16225242614746,1067200
2020-08-19,20.690000534057617,21.059999465942383,20.600000381469727,20.760000228881836,17.17880630493164,758500
2020-08-20,20.40999984741211,20.80500030517578,20.329999923706055,20.6299991607666,17.07122802734375,682300
2020-08-21,20.399999618530273,20.559999465942383,19.6299991607666,19.770000457763672,16.35958480834961,1275200
2020-08-24,20.110000610351562,20.594999313354492,19.889999389648438,20.559999465942383,17.013303756713867,875200
2020-08-25,20.700000762939453,21.06999969482422,20.299999237060547,20.579999923706055,17.02985382080078,1095900
2020-08-26,20.610000610351562,21.290000915527344,20.610000610351562,20.90999984741211,17.302928924560547,891200
2020-08-27,20.989999771118164,21.079999923706055,20.190000534057617,20.489999771118164,16.95538330078125,958800
2020-08-28,20.700000762939453,21.0,20.510000228881836,20.969999313354492,17.352577209472656,823500
2020-08-31,21.0,21.0,20.6299991607666,20.65999984741211,17.096052169799805,1178300
2020-09-01,20.600000381469727,21.780000686645508,20.309999465942383,21.729999542236328,17.981473922729492,1341000
2020-09-02,21.770000457763672,21.84000015258789,21.329999923706055,21.770000457763672,18.01457977294922,1907100
2020-09-03,21.700000762939453,21.790000915527344,19.06999969482422,20.229999542236328,16.740230560302734,1984500
2020-09-04,20.600000381469727,21.184999465942383,19.8700008392334,20.889999389648438,17.286378860473633,1056300
2020-09-08,20.440000534057617,20.90999984741211,20.100000381469727,20.399999618530273,16.88090705871582,1138800
2020-09-09,20.690000534057617,20.8799991607666,20.260000228881836,20.729999542236328,17.15397834777832,885400
2020-09-10,21.0,21.1299991607666,20.510000228881836,20.520000457763672,16.980205535888672,1027600
2020-09-11,20.8700008392334,21.434999465942383,20.68000030517578,21.239999771118164,17.576000213623047,1070900
2020-09-14,21.5,21.709999084472656,21.149999618530273,21.649999618530273,17.9152774810791,898300
2020-09-15,21.850000381469727,21.895000457763672,21.239999771118164,21.299999237060547,17.625654220581055,1083800
2020-09-16,21.3799991607666,21.81999969482422,21.170000076293945,21.209999084472656,17.55117416381836,1315400
2020-09-17,20.889999389648438,22.59000015258789,20.68000030517578,22.329999923706055,18.47797203063965,2293000
2020-09-18,22.309999465942383,22.3700008392334,21.209999084472656,21.670000076293945,17.931827545166016,2367200
2020-09-21,20.90999984741211,21.06999969482422,19.440000534057617,20.59000015258789,17.03812599182129,1770500
2020-09-22,20.600000381469727,20.829999923706055,20.06999969482422,20.209999084472656,16.72368049621582,912300
2020-09-23,20.040000915527344,20.549999237060547,19.670000076293945,19.709999084472656,16.309934616088867,954800
2020-09-24,19.540000915527344,20.329999923706055,19.360000610351562,19.8799991607666,16.450603485107422,967600
2020-09-25,19.6299991607666,20.229999542236328,19.520000457763672,19.600000381469727,16.218910217285156,1185700
2020-09-28,19.979999542236328,20.549999237060547,19.860000610351562,20.43000030517578,16.90573501586914,1173900
2020-09-29,20.600000381469727,20.829999923706055,20.049999237060547,20.299999237060547,16.798152923583984,724100
2020-09-30,20.329999923706055,21.51799964904785,20.329999923706055,20.90999984741211,17.302928924560547,2602300
2020-10-01,21.270000457763672,21.270000457763672,20.299999237060547,20.540000915527344,16.99675750732422,867100
2020-10-02,19.889999389648438,21.510000228881836,19.809999465942383,21.40999984741211,17.716676712036133,1414800
2020-10-05,21.690000534057617,22.760000228881836,21.690000534057617,22.280000686645508,18.436595916748047,1403400
2020-10-06,22.360000610351562,23.030000686645508,22.06999969482422,22.15999984741211,18.337297439575195,1163300
2020-10-07,22.760000228881836,23.0,22.464000701904297,22.8799991607666,18.933094024658203,1002900
2020-10-08,23.100000381469727,23.690000534057617,23.010000228881836,23.579999923706055,19.512338638305664,930600
2020-10-09,23.790000915527344,23.920000076293945,22.979999542236328,22.989999771118164,19.02412223815918,766000
2020-10-12,23.270000457763672,23.540000915527344,23.020000457763672,23.299999237060547,19.280637741088867,714700
2020-10-13,23.059999465942383,23.420000076293945,22.690000534057617,22.8700008392334,18.924823760986328,512500
2020-10-14,22.84000015258789,23.200000762939453,22.399999618530273,22.959999084472656,18.999290466308594,576900
2020-10-15,22.31999969482422,23.040000915527344,22.1200008392334,22.950000762939453,18.99102210998535,600700
2020-10-16,23.190000534057617,23.559999465942383,23.0,23.059999465942383,19.082048416137695,712700
2020-10-19,23.15999984741211,23.639999389648438,22.6200008392334,22.690000534057617,18.775869369506836,936800
2020-10-20,22.979999542236328,23.329999923706055,22.489999771118164,22.59000015258789,18.693117141723633,796700
2020-10-21,22.510000228881836,22.68000030517578,21.389999389648438,21.399999618530273,17.708398818969727,1512600
2020-10-22,21.579999923706055,21.8700008392334,21.010000228881836,21.690000534057617,17.94837760925293,959100
2020-10-23,21.719999313354492,22.139999389648438,21.579999923706055,21.8799991607666,18.105594635009766,556500
2020-10-26,21.299999237060547,21.554000854492188,20.329999923706055,20.739999771118164,17.16225242614746,854400
2020-10-27,20.600000381469727,20.760000228881836,20.375,20.420000076293945,16.897457122802734,717400
2020-10-28,19.799999237060547,20.200000762939453,19.530000686645508,19.809999465942383,16.392681121826172,1189400
2020-10-29,19.56999969482422,20.940000534057617,19.549999237060547,20.639999389648438,17.079504013061523,724300
2020-10-30,20.59000015258789,20.700000762939453,19.809999465942383,20.139999389648438,16.665754318237305,739400
2020-11-02,20.559999465942383,21.18000030517578,20.290000915527344,20.8799991607666,17.278106689453125,1130400
2020-11-03,21.3700008392334,21.940000534057617,21.079999923706055,21.760000228881836,18.006305694580078,1198200
2020-11-04,21.59000015258789,22.209999084472656,20.25,21.329999923706055,17.650476455688477,1396900
2020-11-05,22.010000228881836,23.6299991607666,21.729999542236328,23.350000381469727,19.322011947631836,1087700
2020-11-06,23.489999771118164,23.600000381469727,22.600000381469727,22.610000610351562,18.709667205810547,694000
2020-11-09,24.079999923706055,24.700000762939453,21.920000076293945,22.1299991607666,18.312471389770508,1697400
2020-11-10,22.40999984741211,22.969999313354492,22.1299991607666,22.43000030517578,18.56072235107422,1040600
2020-11-11,22.56999969482422,22.8700008392334,22.1200008392334,22.469999313354492,18.59382438659668,1082500
2020-11-12,22.31999969482422,22.559999465942383,21.459999084472656,21.68000030517578,17.940099716186523,1045600
2020-11-13,21.770000457763672,22.3799991607666,21.700000762939453,22.290000915527344,18.66004753112793,742000
2020-11-16,22.8700008392334,23.709999084472656,22.40999984741211,23.149999618530273,19.37999725341797,1482800
2020-11-17,22.760000228881836,23.739999771118164,22.510000228881836,23.729999542236328,19.865541458129883,1137900
2020-11-18,23.969999313354492,24.43199920654297,23.420000076293945,23.43000030517578,19.614397048950195,1152400
2020-11-19,23.299999237060547,23.93000030517578,23.1200008392334,23.8799991607666,19.991113662719727,695300
2020-11-20,23.68000030517578,23.75,22.604999542236328,22.799999237060547,19.086990356445312,857100
2020-11-23,23.079999923706055,23.959999084472656,23.05500030517578,23.670000076293945,19.81531524658203,765700
2020-11-24,24.31999969482422,26.06999969482422,24.290000915527344,25.600000381469727,21.431007385253906,1860100
2020-11-25,25.389999389648438,25.489999771118164,24.649999618530273,25.0,20.92872428894043,668900
2020-11-27,25.049999237060547,25.48200035095215,24.649999618530273,24.780000686645508,20.744548797607422,377300
2020-11-30,24.829999923706055,25.190000534057617,24.299999237060547,24.329999923706055,20.367826461791992,1499800
2020-12-01,25.100000381469727,25.920000076293945,24.899999618530273,25.309999465942383,21.188236236572266,1295600
2020-12-02,25.040000915527344,25.690000534057617,24.90999984741211,25.5,21.3472957611084,897100
2020-12-03,25.280000686645508,26.100000381469727,25.149999618530273,25.690000534057617,21.50635528564453,795200
2020-12-04,24.920000076293945,26.329999923706055,24.899999618530273,26.030000686645508,21.790985107421875,1038900
2020-12-07,26.030000686645508,26.700000762939453,25.790000915527344,26.329999923706055,22.042131423950195,759600
2020-12-08,26.190000534057617,26.940000534057617,26.1200008392334,26.6299991607666,22.29327392578125,856300
2020-12-09,26.809999465942383,27.610000610351562,26.3700008392334,26.719999313354492,22.368619918823242,1018200
2020-12-10,26.530000686645508,27.200000762939453,26.1299991607666,26.610000610351562,22.276533126831055,1115300
2020-12-11,26.399999618530273,26.764999389648438,26.040000915527344,26.600000381469727,22.268159866333008,673000
2020-12-14,27.0,27.100000381469727,25.899999618530273,25.90999984741211,21.690526962280273,835500
2020-12-15,26.290000915527344,27.290000915527344,25.950000762939453,26.989999771118164,22.594654083251953,1558200
2020-12-16,27.139999389648438,27.540000915527344,26.799999237060547,27.06999969482422,22.661617279052734,1194200
2020-12-17,27.309999465942383,27.8700008392334,27.06999969482422,27.770000457763672,23.247621536254883,1136700
2020-12-18,27.799999237060547,27.8700008392334,26.770000457763672,27.0,22.603015899658203,4254700
2020-12-21,26.440000534057617,27.479999542236328,26.20400047302246,27.3799991607666,22.92113494873047,1129800
2020-12-22,27.469999313354492,27.579999923706055,26.649999618530273,26.68000030517578,22.33513069152832,616400
2020-12-23,27.0,27.110000610351562,26.459999084472656,26.6200008392334,22.284902572631836,565700
2020-12-24,26.709999084472656,26.93000030517578,26.399999618530273,26.920000076293945,22.536046981811523,275000
2020-12-28,27.190000534057617,27.399999618530273,25.790000915527344,25.81999969482422,21.615184783935547,647200
2020-12-29,25.899999618530273,26.0,24.280000686645508,24.790000915527344,20.752918243408203,1216000
2020-12-30,24.84000015258789,25.690000534057617,24.790000915527344,25.309999465942383,21.188236236572266,915700
2020-12-31,25.190000534057617,25.469999313354492,24.549999237060547,24.790000915527344,20.752918243408203,822200
2021-01-04,25.1200008392334,25.780000686645508,24.719999313354492,24.81999969482422,20.778034210205078,987900
2021-01-05,24.8700008392334,26.579999923706055,24.8700008392334,26.3700008392334,22.07560920715332,1388200
2021-01-06,26.170000076293945,28.90999984741211,25.8799991607666,28.059999465942383,23.490400314331055,2201800
2021-01-07,28.420000076293945,28.809999465942383,27.290000915527344,27.889999389648438,23.348079681396484,1187100
2021-01-08,29.200000762939453,29.200000762939453,27.1299991607666,27.530000686645508,23.04670524597168,1546900
2021-01-11,26.93000030517578,27.649999618530273,26.510000228881836,27.329999923706055,22.879276275634766,964900
2021-01-12,27.329999923706055,27.600000381469727,26.850000381469727,27.200000762939453,22.770448684692383,1212600
2021-01-13,27.299999237060547,27.459999084472656,26.420000076293945,27.020000457763672,22.619760513305664,1438100
2021-01-14,27.399999618530273,27.899999618530273,27.149999618530273,27.25,22.81230354309082,1125300
2021-01-15,27.18000030517578,27.530000686645508,26.670000076293945,27.079999923706055,22.669992446899414,1152300
2021-01-19,27.489999771118164,28.75,27.395000457763672,28.700000762939453,24.026172637939453,1157600
2021-01-20,29.0,29.3700008392334,28.31999969482422,28.350000381469727,23.733171463012695,981200
2021-01-21,28.350000381469727,28.674999237060547,26.969999313354492,26.979999542236328,22.586273193359375,1132600
2021-01-22,26.559999465942383,27.549999237060547,25.989999771118164,27.350000381469727,22.896024703979492,1420700
2021-01-25,27.270000457763672,27.479999542236328,25.709999084472656,27.030000686645508,22.628131866455078,1321500
2021-01-26,27.149999618530273,27.299999237060547,26.510000228881836,26.790000915527344,22.427217483520508,986100
2021-01-27,26.18000030517578,27.75,25.649999618530273,27.280000686645508,22.837421417236328,1372600
2021-01-28,27.479999542236328,28.3700008392334,27.191999435424805,27.510000228881836,23.029964447021484,1156700
2021-01-29,27.649999618530273,27.649999618530273,25.649999618530273,26.34000015258789,22.050504684448242,1836900
2021-02-01,26.760000228881836,27.079999923706055,26.280000686645508,26.760000228881836,22.402097702026367,1071000
2021-02-02,27.139999389648438,27.280000686645508,26.049999237060547,26.469999313354492,22.15932846069336,991600
2021-02-03,26.219999313354492,26.719999313354492,26.06999969482422,26.479999542236328,22.167705535888672,827200
2021-02-04,26.3700008392334,27.143999099731445,26.100000381469727,26.799999237060547,22.435588836669922,789500
2021-02-05,27.1200008392334,27.700000762939453,26.860000610351562,27.459999084472656,22.988107681274414,866800
2021-02-08,27.8700008392334,28.149999618530273,27.329999923706055,27.530000686645508,23.04670524597168,930900
2021-02-09,27.3799991607666,27.6299991607666,26.829999923706055,27.290000915527344,22.845794677734375,591400
2021-02-10,27.649999618530273,27.670000076293945,26.716999053955078,26.829999923706055,22.460702896118164,741200
2021-02-11,26.950000762939453,27.610000610351562,26.350000381469727,27.489999771118164,23.01322364807129,1704300
2021-02-12,28.420000076293945,28.420000076293945,25.510000228881836,26.139999389648438,21.88306999206543,2662000
2021-02-16,26.200000762939453,26.889999389648438,26.110000610351562,26.34000015258789,22.050504684448242,2228100
2021-02-17,26.3700008392334,26.950000762939453,25.90999984741211,25.940000534057617,21.71564292907715,1411900
2021-02-18,25.719999313354492,26.170000076293945,24.825000762939453,24.850000381469727,20.803146362304688,1813700
2021-02-19,25.049999237060547,26.219999313354492,25.049999237060547,25.950000762939453,21.72401237487793,2115500
2021-02-22,25.93000030517578,26.1299991607666,25.25,25.43000030517578,21.288694381713867,2222300
2021-02-23,25.059999465942383,25.209999084472656,24.100000381469727,24.979999542236328,20.911975860595703,1530500
2021-02-24,25.040000915527344,25.40999984741211,24.690000534057617,25.100000381469727,21.012435913085938,1796300
2021-02-25,24.729999542236328,24.909000396728516,23.649999618530273,23.700000762939453,20.040029525756836,2028500
2021-02-26,23.860000610351562,24.100000381469727,23.299999237060547,23.530000686645508,19.89628028869629,1942100
2021-03-01,24.110000610351562,24.309999465942383,23.920000076293945,24.010000228881836,20.302160263061523,1250500
2021-03-02,24.010000228881836,24.674999237060547,23.989999771118164,24.420000076293945,20.64884376525879,1507400
2021-03-03,24.5,25.600000381469727,24.43000030517578,25.5,21.562057495117188,2953100
2021-03-04,25.549999237060547,26.860000610351562,25.389999389648438,26.079999923706055,22.052490234375,3536600
2021-03-05,26.56999969482422,27.459999084472656,25.8700008392334,27.399999618530273,23.16864013671875,2581100
2021-03-08,27.510000228881836,27.719999313354492,26.299999237060547,26.350000381469727,22.280790328979492,2001900
2021-03-09,26.56999969482422,26.84000015258789,25.459999084472656,25.760000228881836,21.781906127929688,1652900
2021-03-10,25.739999771118164,27.180999755859375,25.739999771118164,26.940000534057617,22.77967643737793,1020800
2021-03-11,27.209999084472656,28.030000686645508,26.899999618530273,27.350000381469727,23.126361846923828,1546200
2021-03-12,27.350000381469727,28.860000610351562,27.200000762939453,28.739999771118164,24.301708221435547,2017300
2021-03-15,29.06999969482422,29.06999969482422,25.670000076293945,26.670000076293945,22.551374435424805,4544800
2021-03-16,26.600000381469727,26.665000915527344,25.530000686645508,26.3799991607666,22.30615997314453,1942100
2021-03-17,26.5,27.5,26.3799991607666,27.479999542236328,23.236286163330078,1254700
2021-03-18,27.440000534057617,27.950000762939453,26.760000228881836,26.829999923706055,22.686662673950195,1298300
2021-03-19,26.860000610351562,26.889999389648438,25.899999618530273,26.56999969482422,22.466814041137695,1967800
2021-03-22,26.510000228881836,27.139999389648438,25.90999984741211,26.920000076293945,22.762767791748047,1356800
2021-03-23,26.56999969482422,26.799999237060547,24.6200008392334,25.030000686645508,21.16463851928711,2198900
2021-03-24,25.299999237060547,25.90999984741211,24.84000015258789,24.850000381469727,21.012435913085938,906400
2021-03-25,24.5,26.459999084472656,24.459999084472656,26.290000915527344,22.230060577392578,1470900
2021-03-26,26.610000610351562,27.709999084472656,26.312000274658203,27.65999984741211,23.388490676879883,1299800
2021-03-29,27.549999237060547,28.479999542236328,27.503999710083008,28.209999084472656,23.853553771972656,1706900
2021-03-30,28.360000610351562,28.5,27.170000076293945,27.780000686645508,23.489961624145508,1707000
2021-03-31,28.030000686645508,28.950000762939453,27.84000015258789,27.90999984741211,23.59988021850586,2113300
2021-04-01,28.139999389648438,28.360000610351562,27.860000610351562,28.200000762939453,23.8450984954834,1000300
2021-04-05,28.610000610351562,29.03499984741211,28.520000457763672,28.989999771118164,24.51309585571289,1299900
2021-04-06,29.049999237060547,29.28499984741211,28.375,28.780000686645508,24.335529327392578,1195100
2021-04-07,28.799999237060547,28.899999618530273,28.364999771118164,28.510000228881836,24.107227325439453,731900
2021-04-08,28.530000686645508,28.610000610351562,27.375,27.43000030517578,23.194013595581055,1371700
2021-04-09,27.420000076293945,27.850000381469727,27.219999313354492,27.850000381469727,23.549150466918945,1377700
2021-04-12,28.0,29.020000457763672,27.950000762939453,29.020000457763672,24.538467407226562,1428400
2021-04-13,29.09000015258789,29.329999923706055,28.389999389648438,28.790000915527344,24.34398651123047,1185800
2021-04-14,28.639999389648438,29.799999237060547,28.639999389648438,29.6299991607666,25.054262161254883,1198700
2021-04-15,29.989999771118164,30.15999984741211,29.600000381469727,29.969999313354492,25.34175682067871,973600
2021-04-16,30.469999313354492,30.950000762939453,29.969999313354492,30.1200008392334,25.468595504760742,1191200
2021-04-19,30.34000015258789,30.520000457763672,29.690000534057617,29.850000381469727,25.240293502807617,1042800
2021-04-20,29.639999389648438,29.729999542236328,28.170000076293945,29.100000381469727,24.60611343383789,1346600
2021-04-21,28.940000534057617,29.844999313354492,28.940000534057617,29.670000076293945,25.088088989257812,762300
2021-04-22,29.700000762939453,29.795000076293945,28.780000686645508,28.889999389648438,24.42854118347168,821400
2021-04-23,29.059999465942383,30.110000610351562,28.989999771118164,30.0,25.367124557495117,920200
2021-04-26,30.059999465942383,31.440000534057617,30.059999465942383,31.290000915527344,26.45791244506836,1368500
2021-04-27,31.059999465942383,31.31999969482422,30.709999084472656,31.020000457763672,26.2296085357666,708100
2021-04-28,31.209999084472656,31.549999237060547,30.959999084472656,31.34000015258789,26.50018882751465,812800
2021-04-29,31.84000015258789,32.209999084472656,30.90999984741211,31.15999984741211,26.347986221313477,1060600
2021-04-30,30.81999969482422,31.270000457763672,30.149999618530273,30.200000762939453,25.536237716674805,1214800
2021-05-03,30.860000610351562,31.579999923706055,30.459999084472656,31.010000228881836,26.221153259277344,1206900
2021-05-04,30.760000228881836,31.56999969482422,29.530000686645508,31.530000686645508,26.66085433959961,1329200
2021-05-05,32.09000015258789,34.16999816894531,31.878999710083008,33.779998779296875,28.56338119506836,2435200
2021-05-06,33.810001373291016,34.68000030517578,32.91999816894531,34.650001525878906,29.299028396606445,1406300
2021-05-07,34.70000076293945,35.25,34.2599983215332,34.630001068115234,29.282123565673828,903700
2021-05-10,35.0,35.529998779296875,34.04999923706055,34.13999938964844,28.86778450012207,1168200
2021-05-11,33.52000045776367,34.369998931884766,33.09000015258789,34.31999969482422,29.01999282836914,1272500
2021-05-12,34.029998779296875,34.220001220703125,32.290000915527344,32.45000076293945,27.43877601623535,1295400
2021-05-13,32.65999984741211,34.06999969482422,32.13999938964844,33.77000045776367,28.554929733276367,1652800
2021-05-14,33.77000045776367,33.970001220703125,33.33000183105469,33.709999084472656,28.716787338256836,1006800
2021-05-17,33.59000015258789,34.86000061035156,33.5,34.709999084472656,29.568662643432617,1189800
2021-05-18,34.880001068115234,35.0,34.165000915527344,34.22999954223633,29.159765243530273,1279200
2021-05-19,33.5,33.790000915527344,32.83000183105469,33.220001220703125,28.29936408996582,1192400
2021-05-20,33.93000030517578,34.15999984741211,33.130001068115234,33.380001068115234,28.435665130615234,1216500
2021-05-21,33.77000045776367,34.17499923706055,33.400001525878906,33.88999938964844,28.8701229095459,966000
2021-05-24,34.06999969482422,34.27000045776367,33.53099822998047,34.2400016784668,29.168277740478516,871400
2021-05-25,34.38999938964844,34.93000030517578,34.220001220703125,34.400001525878906,29.304582595825195,1862900
2021-05-26,34.36000061035156,35.349998474121094,34.27000045776367,35.310001373291016,30.079790115356445,1273000
2021-05-27,35.79999923706055,36.20000076293945,35.04999923706055,35.790000915527344,30.488685607910156,1105100
2021-05-28,35.97999954223633,36.06999969482422,35.369998931884766,35.93000030517578,30.607952117919922,837500
2021-06-01,36.560001373291016,37.56999969482422,36.470001220703125,37.369998931884766,31.83465576171875,1180900
2021-06-02,37.5,37.689998626708984,36.75,37.13999938964844,31.638731002807617,1107800
2021-06-03,36.900001525878906,37.45000076293945,36.290000915527344,37.20000076293945,31.689836502075195,1121700
2021-06-04,37.47999954223633,37.47999954223633,36.689998626708984,37.189998626708984,31.681310653686523,884600
2021-06-07,37.209999084472656,37.470001220703125,36.040000915527344,36.380001068115234,30.991302490234375,1203400
2021-06-08,36.220001220703125,37.13999938964844,35.35100173950195,36.81999969482422,31.36612319946289,1272800
2021-06-09,38.47999954223633,38.869998931884766,37.29999923706055,37.880001068115234,32.26911926269531,1221900
2021-06-10,38.189998626708984,38.650001525878906,37.15999984741211,37.18000030517578,31.672794342041016,1069100
2021-06-11,37.59000015258789,37.95000076293945,37.084999084472656,37.40999984741211,31.868728637695312,908300
2021-06-14,37.27000045776367,37.599998474121094,36.02000045776367,36.29999923706055,30.92314910888672,1222700
2021-06-15,36.40999984741211,36.84000015258789,35.93000030517578,36.810001373291016,31.357603073120117,821800
2021-06-16,36.7599983215332,36.97999954223633,36.28499984741211,36.59000015258789,31.170183181762695,755300
2021-06-17,36.400001525878906,36.56999969482422,33.31999969482422,34.15999984741211,29.100128173828125,2157600
2021-06-18,33.849998474121094,34.15999984741211,32.47999954223633,32.849998474121094,27.984172821044922,2058500
2021-06-21,33.380001068115234,33.9900016784668,33.25,33.54999923706055,28.58048439025879,965800
2021-06-22,33.779998779296875,34.59000015258789,33.34000015258789,34.310001373291016,29.22791290283203,1583200
2021-06-23,34.31999969482422,34.88999938964844,33.86000061035156,34.36000061035156,29.270503997802734,1232500
2021-06-24,34.81999969482422,35.79999923706055,34.36000061035156,35.41999816894531,30.173498153686523,1325800
2021-06-25,35.630001068115234,36.29999923706055,34.709999084472656,34.90999984741211,29.739038467407227,3710300
2021-06-28,34.86000061035156,34.900001525878906,33.99599838256836,34.189998626708984,29.125686645507812,1117800
2021-06-29,34.7400016784668,35.27000045776367,34.15999984741211,34.5099983215332,29.39828872680664,970900
2021-06-30,34.58000183105469,35.18000030517578,34.41999816894531,34.79999923706055,29.645328521728516,1555800
2021-07-01,35.349998474121094,35.939998626708984,35.029998779296875,35.459999084472656,30.207569122314453,1207300
2021-07-02,35.2599983215332,35.86000061035156,34.70000076293945,35.540000915527344,30.275726318359375,742300
2021-07-06,35.5,35.75,33.720001220703125,33.93000030517578,28.904197692871094,1462900
2021-07-07,33.77000045776367,34.68000030517578,33.599998474121094,33.88999938964844,28.8701229095459,1069400
2021-07-08,32.9900016784668,33.90999984741211,32.73899841308594,33.310001373291016,28.37603759765625,1063400
2021-07-09,34.09000015258789,34.88600158691406,33.72999954223633,34.56999969482422,29.449399948120117,951400
2021-07-12,34.06999969482422,35.189998626708984,33.7599983215332,34.880001068115234,29.713481903076172,713300
2021-07-13,34.95000076293945,35.040000915527344,33.720001220703125,33.84000015258789,28.82752799987793,996200
2021-07-14,34.25,35.18000030517578,33.939998626708984,33.9900016784668,28.955310821533203,676500
2021-07-15,33.529998779296875,34.27000045776367,33.439998626708984,33.779998779296875,28.776412963867188,770000
2021-07-16,33.9900016784668,34.11000061035156,31.719999313354492,31.829999923706055,27.115253448486328,1413500
2021-07-19,30.690000534057617,31.350000381469727,30.329999923706055,30.8799991607666,26.305971145629883,1471200
2021-07-20,30.979999542236328,32.34000015258789,30.871000289916992,32.119998931884766,27.36229705810547,1429300
2021-07-21,32.29999923706055,33.029998779296875,32.275001525878906,32.31999969482422,27.53267478942871,936400
2021-07-22,32.33000183105469,32.38999938964844,31.75,31.889999389648438,27.166366577148438,669900
2021-07-23,32.25,32.40999984741211,31.520000457763672,31.920000076293945,27.191925048828125,536700
2021-07-26,31.959999084472656,32.62699890136719,31.959999084472656,32.279998779296875,27.49860191345215,948400
2021-07-27,31.799999237060547,32.375,31.260000228881836,32.27000045776367,27.490083694458008,948100
2021-07-28,32.29999923706055,32.939998626708984,31.709999084472656,32.619998931884766,27.788236618041992,708200
2021-07-29,32.869998931884766,33.439998626708984,32.650001525878906,32.93000030517578,28.052318572998047,902900
2021-07-30,33.29999923706055,34.790000915527344,33.040000915527344,33.25,28.32492446899414,1922900
2021-08-02,33.650001525878906,34.790000915527344,33.279998779296875,33.5099983215332,28.546403884887695,1218500
2021-08-03,34.2599983215332,34.349998474121094,32.880001068115234,34.150001525878906,29.091609954833984,1468800
2021-08-04,34.02000045776367,34.189998626708984,32.68000030517578,32.689998626708984,27.847869873046875,919800
2021-08-05,32.970001220703125,33.57400131225586,32.959999084472656,32.9900016784668,28.10343360900879,840400
2021-08-06,33.65999984741211,33.880001068115234,33.209999084472656,33.650001525878906,28.66567611694336,515000
2021-08-09,33.38999938964844,33.9370002746582,33.0,33.68000030517578,28.69122886657715,591300
2021-08-10,33.560001373291016,34.15999984741211,33.54999923706055,33.95000076293945,28.92124366760254,875800
2021-08-11,34.349998474121094,34.869998931884766,33.790000915527344,34.79999923706055,29.645328521728516,689000
2021-08-12,34.79999923706055,35.099998474121094,33.88999938964844,34.439998626708984,29.338659286499023,570200
2021-08-13,34.150001525878906,34.70000076293945,34.150001525878906,34.4900016784668,29.596088409423828,494800
2021-08-16,33.84000015258789,34.025001525878906,33.0099983215332,33.880001068115234,29.07264518737793,867000
2021-08-17,33.439998626708984,33.900001525878906,33.02000045776367,33.68000030517578,28.901020050048828,514100
2021-08-18,33.40999984741211,33.68000030517578,33.0,33.02000045776367,28.334671020507812,516200
2021-08-19,32.279998779296875,32.61600112915039,31.31999969482422,31.389999389648438,26.93596076965332,963700
2021-08-20,31.309999465942383,31.75,31.00200080871582,31.31999969482422,26.87589454650879,1208500
2021-08-23,31.969999313354492,32.654998779296875,31.610000610351562,32.54999923706055,27.931365966796875,938600
2021-08-24,32.90999984741211,33.91999816894531,32.90999984741211,33.56999969482422,28.806631088256836,643900
2021-08-25,33.4900016784668,34.53499984741211,33.279998779296875,34.189998626708984,29.338655471801758,681400
2021-08-26,34.189998626708984,34.45000076293945,33.775001525878906,33.84000015258789,29.038318634033203,620000
2021-08-27,34.189998626708984,35.130001068115234,33.90999984741211,34.72999954223633,29.802026748657227,1201600
2021-08-30,34.90999984741211,35.0,33.95500183105469,33.9900016784668,29.167036056518555,786800
2021-08-31,33.779998779296875,33.8650016784668,33.099998474121094,33.5099983215332,28.755138397216797,958400
2021-09-01,33.5099983215332,33.59000015258789,32.75,33.470001220703125,28.7208194732666,932400
2021-09-02,33.5099983215332,34.06100082397461,33.29999923706055,33.70000076293945,28.918176651000977,903300
2021-09-03,33.630001068115234,34.130001068115234,33.15999984741211,33.369998931884766,28.635009765625,608200
2021-09-07,32.9900016784668,33.22999954223633,32.779998779296875,32.79999923706055,28.14588737487793,1076800
2021-09-08,32.88999938964844,32.900001525878906,31.11199951171875,31.15999984741211,26.73859214782715,1133800
2021-09-09,31.100000381469727,32.04999923706055,30.8799991607666,31.610000610351562,27.12474250793457,906400
2021-09-10,32.08000183105469,32.275001525878906,31.1200008392334,31.15999984741211,26.73859214782715,933100
2021-09-13,31.65999984741211,32.34000015258789,30.920000076293945,31.610000610351562,27.12474250793457,2320200
2021-09-14,31.860000610351562,31.860000610351562,30.90999984741211,31.0,26.601295471191406,900300
2021-09-15,31.139999389648438,31.670000076293945,31.030000686645508,31.559999465942383,27.08183479309082,1069000
2021-09-16,31.479999542236328,31.649999618530273,30.700000762939453,30.729999542236328,26.369606018066406,955000
2021-09-17,30.34000015258789,30.639999389648438,29.559999465942383,29.75,25.528661727905273,3117900
2021-09-20,28.040000915527344,28.825000762939453,27.31999969482422,28.020000457763672,24.044139862060547,2677800
2021-09-21,28.219999313354492,28.389999389648438,26.510000228881836,27.010000228881836,23.177453994750977,2918500
2021-09-22,27.489999771118164,28.239999771118164,27.135000228881836,27.15999984741211,23.306167602539062,3682800
2021-09-23,27.559999465942383,27.950000762939453,27.34000015258789,27.350000381469727,23.469207763671875,3432600
2021-09-24,27.1200008392334,27.520000457763672,26.950000762939453,27.31999969482422,23.443462371826172,2510200
2021-09-27,27.469999313354492,30.229999542236328,27.450000762939453,29.8799991607666,25.640214920043945,3831300
2021-09-28,29.90999984741211,30.3799991607666,29.229999542236328,29.270000457763672,25.116771697998047,1552100
2021-09-29,29.31999969482422,29.549999237060547,28.9950008392334,29.299999237060547,25.142518997192383,1850200
2021-09-30,29.520000457763672,30.610000610351562,29.059999465942383,29.059999465942383,24.936567306518555,2396300
2021-10-01,29.290000915527344,30.3799991607666,29.139999389648438,29.920000076293945,25.67453956604004,1928300
2021-10-04,29.940000534057617,30.479999542236328,29.454999923706055,29.469999313354492,25.288393020629883,1809800
2021-10-05,29.68000030517578,30.575000762939453,29.450000762939453,30.389999389648438,26.077852249145508,1918000
2021-10-06,29.8700008392334,30.315000534057617,29.18000030517578,29.899999618530273,25.657381057739258,1346400
2021-10-07,30.389999389648438,30.8700008392334,30.190000534057617,30.459999084472656,26.137920379638672,934300
2021-10-08,30.6299991607666,31.239999771118164,30.51099967956543,31.139999389648438,26.7214298248291,1097700
2021-10-11,31.290000915527344,32.150001525878906,31.2549991607666,31.3700008392334,26.918792724609375,765400
2021-10-12,31.350000381469727,31.479999542236328,30.6200008392334,30.90999984741211,26.524065017700195,973200
2021-10-13,30.760000228881836,30.90999984741211,29.84000015258789,30.040000915527344,25.77751350402832,782600
2021-10-14,30.489999771118164,31.040000915527344,30.3799991607666,30.950000762939453,26.558391571044922,749900
2021-10-15,31.170000076293945,31.459999084472656,30.829999923706055,30.889999389648438,26.50690460205078,986400
2021-10-18,30.469999313354492,30.760000228881836,30.329999923706055,30.639999389648438,26.292377471923828,1038900
2021-10-19,30.790000915527344,30.84000015258789,30.399999618530273,30.530000686645508,26.1979923248291,837100
2021-10-20,30.3799991607666,30.809999465942383,30.25,30.610000610351562,26.266632080078125,1041900
2021-10-21,30.3700008392334,30.3799991607666,29.030000686645508,29.530000686645508,25.339881896972656,1752300
2021-10-22,29.600000381469727,30.020000457763672,29.15999984741211,29.190000534057617,25.04812240600586,1301900
2021-10-25,29.56999969482422,29.889999389648438,29.3700008392334,29.43000030517578,25.254070281982422,1665900
2021-10-26,29.59000015258789,29.65999984741211,28.760000228881836,28.950000762939453,24.842178344726562,1700300
2021-10-27,28.799999237060547,29.0,27.920000076293945,27.950000762939453,23.984071731567383,1528500
2021-10-28,28.010000228881836,28.565000534057617,28.010000228881836,28.40999984741211,24.37880516052246,1262400
2021-10-29,28.190000534057617,28.649999618530273,27.700000762939453,28.020000457763672,24.044139862060547,1984800
2021-11-01,28.149999618530273,29.139999389648438,28.100000381469727,28.709999084472656,24.636228561401367,1315400
2021-11-02,28.579999923706055,29.6299991607666,28.489999771118164,29.5,25.314138412475586,1260600
2021-11-03,29.450000762939453,30.584999084472656,29.399999618530273,30.149999618530273,25.871906280517578,1147500
2021-11-04,30.299999237060547,30.459999084472656,29.030000686645508,29.520000457763672,25.331296920776367,1691700
2021-11-05,32.15999984741211,32.7400016784668,31.700000762939453,32.560001373291016,27.9399471282959,3012400
2021-11-08,33.04999923706055,33.38999938964844,31.69499969482422,31.729999542236328,27.227712631225586,1832400
2021-11-09,31.65999984741211,32.119998931884766,30.950000762939453,31.56999969482422,27.090417861938477,1356700
2021-11-10,31.350000381469727,31.770000457763672,31.163999557495117,31.299999237060547,26.858722686767578,1024400
2021-11-11,31.829999923706055,32.551998138427734,31.469999313354492,32.38999938964844,27.794063568115234,1093300
2021-11-12,32.38999938964844,33.279998779296875,32.244998931884766,33.15999984741211,28.6761417388916,1327800
2021-11-15,33.41999816894531,33.7400016784668,32.95000076293945,33.099998474121094,28.624252319335938,915900
2021-11-16,33.11000061035156,33.4900016784668,32.970001220703125,33.04999923706055,28.581008911132812,949000
2021-11-17,32.9900016784668,33.13999938964844,32.22999954223633,32.40999984741211,28.027555465698242,1075000
2021-11-18,32.599998474121094,32.65999984741211,31.709999084472656,31.899999618530273,27.586517333984375,991100
2021-11-19,31.5,31.8799991607666,31.219999313354492,31.75,27.456798553466797,1195900
2021-11-22,32.0,32.95000076293945,31.940000534057617,32.33000183105469,27.958375930786133,1293100
2021-11-23,32.43000030517578,33.2400016784668,32.209999084472656,33.119998931884766,28.64154815673828,1094900
2021-11-24,32.939998626708984,33.33000183105469,32.5099983215332,32.52000045776367,28.122682571411133,825800
2021-11-26,31.149999618530273,31.639999389648438,30.299999237060547,30.850000381469727,26.678499221801758,978300
2021-11-29,31.5,31.790000915527344,30.530000686645508,31.040000915527344,26.842803955078125,1444400
2021-11-30,30.559999465942383,30.756000518798828,29.260000228881836,29.700000762939453,25.683998107910156,2074100
2021-12-01,30.670000076293945,31.68600082397461,29.684999465942383,29.700000762939453,25.683998107910156,1794700
2021-12-02,30.049999237060547,30.34000015258789,29.510000228881836,29.81999969482422,25.787776947021484,1634100
2021-12-03,29.989999771118164,30.280000686645508,28.860000610351562,29.25,25.29484748840332,1706900
2021-12-06,29.760000228881836,30.8799991607666,29.149999618530273,30.43000030517578,26.315296173095703,1601800
2021-12-07,31.1200008392334,32.2599983215332,31.059999465942383,31.950000762939453,27.6297550201416,1639800
2021-12-08,32.15999984741211,32.54999923706055,31.920000076293945,32.150001525878906,27.80271339416504,1075100
2021-12-09,31.649999618530273,33.07500076293945,31.530000686645508,32.83000183105469,28.390762329101562,1334800
2021-12-10,33.290000915527344,33.66999816894531,32.5,32.599998474121094,28.191858291625977,1103000
2021-12-13,32.599998474121094,32.79999923706055,31.299999237060547,31.469999313354492,27.21466064453125,997200
2021-12-14,31.389999389648438,32.5,31.350000381469727,31.809999465942383,27.508686065673828,1255300
2021-12-15,32.099998474121094,32.630001068115234,31.058000564575195,32.599998474121094,28.191858291625977,1519300
2021-12-16,32.95000076293945,33.45000076293945,32.64099884033203,32.7400016784668,28.31293487548828,1161300
2021-12-17,32.540000915527344,32.790000915527344,32.0890007019043,32.41999816894531,28.03620147705078,2771500
2021-12-20,31.65999984741211,31.65999984741211,30.450000762939453,31.350000381469727,27.11088752746582,1267900
2021-12-21,31.709999084472656,32.119998931884766,31.510000228881836,31.959999084472656,27.638402938842773,1367300
2021-12-22,31.920000076293945,32.31999969482422,31.799999237060547,32.16999816894531,27.820003509521484,993200
2021-12-23,32.13999938964844,32.20000076293945,31.579999923706055,31.719999313354492,27.43085479736328,1086000
2021-12-27,31.920000076293945,32.61000061035156,31.65999984741211,32.560001373291016,28.157276153564453,1215000
2021-12-28,32.689998626708984,33.58700180053711,32.52000045776367,33.099998474121094,28.624252319335938,1344600
2021-12-29,32.7599983215332,33.349998474121094,32.75,33.209999084472656,28.719377517700195,1307400
2021-12-30,33.369998931884766,34.084999084472656,33.15999984741211,33.18000030517578,28.693437576293945,922000
2021-12-31,33.060001373291016,33.86000061035156,33.040000915527344,33.560001373291016,29.022050857543945,1032300
2022-01-03,33.900001525878906,34.77000045776367,33.869998931884766,34.0,29.402559280395508,1160800
2022-01-04,34.540000915527344,35.790000915527344,34.41999816894531,35.619998931884766,30.80350685119629,2139000
2022-01-05,35.900001525878906,36.34000015258789,35.040000915527344,35.20000076293945,30.44029426574707,1606000
2022-01-06,35.29999923706055,36.34000015258789,35.29999923706055,35.689998626708984,30.86403465270996,1436900
2022-01-07,35.75,36.33000183105469,35.540000915527344,36.029998779296875,31.158065795898438,1064000
2022-01-10,36.16999816894531,36.65999984741211,34.599998474121094,35.06999969482422,30.3278751373291,1099600
2022-01-11,35.5,35.619998931884766,34.869998931884766,35.56999969482422,30.760265350341797,727300
2022-01-12,36.130001068115234,36.310001373291016,35.650001525878906,35.970001220703125,31.106176376342773,639700
2022-01-13,36.0,36.689998626708984,35.939998626708984,36.06999969482422,31.19264793395996,796000
2022-01-14,35.5,36.305999755859375,35.18000030517578,36.15999984741211,31.270483016967773,617200
2022-01-18,36.04999923706055,36.20500183105469,35.029998779296875,35.630001068115234,30.812149047851562,951700
2022-01-19,36.20000076293945,36.32500076293945,35.5099983215332,35.540000915527344,30.73432159423828,1135200
2022-01-20,35.4900016784668,35.689998626708984,34.2599983215332,34.33000183105469,29.68793296813965,944700
2022-01-21,33.65999984741211,34.540000915527344,33.40999984741211,33.529998779296875,28.996110916137695,1094500
2022-01-24,32.619998931884766,33.0,31.079999923706055,32.75,28.32158088684082,1753900
2022-01-25,32.040000915527344,33.36000061035156,31.295000076293945,33.02000045776367,28.555070877075195,1109000
2022-01-26,33.279998779296875,33.7400016784668,32.150001525878906,32.61000061035156,28.20051383972168,1107900
2022-01-27,33.20000076293945,33.900001525878906,32.16999816894531,32.56999969482422,28.165922164916992,942700
2022-01-28,32.5,32.505001068115234,31.531999588012695,32.470001220703125,28.079442977905273,964100
2022-01-31,32.0,32.849998474121094,31.600000381469727,32.709999084472656,28.2869873046875,1498000
2022-02-01,33.0,33.650001525878906,32.7400016784668,33.56999969482422,29.03070068359375,1279700
2022-02-02,33.7599983215332,34.0,33.09000015258789,33.810001373291016,29.238250732421875,1218400
2022-02-03,33.459999084472656,34.529998779296875,33.34000015258789,33.5099983215332,28.97880744934082,909600
2022-02-04,33.349998474121094,33.689998626708984,32.65999984741211,32.97999954223633,28.52048110961914,878800
2022-02-07,33.09000015258789,33.150001525878906,32.56999969482422,32.70000076293945,28.278343200683594,891900
2022-02-08,32.869998931884766,34.63999938964844,32.849998474121094,34.54999923706055,29.878183364868164,1586800
2022-02-09,34.65999984741211,36.13999938964844,34.65999984741211,36.040000915527344,31.166709899902344,1025500
2022-02-10,35.68000030517578,36.96799850463867,35.25,35.470001220703125,30.673784255981445,1508300
2022-02-11,32.349998474121094,32.53499984741211,29.809999465942383,30.0,25.943431854248047,7468400
2022-02-14,29.950000762939453,30.1200008392334,29.329999923706055,29.770000457763672,25.744535446166992,2660300
2022-02-15,29.950000762939453,31.149999618530273,29.649999618530273,31.020000457763672,26.825511932373047,2557700
2022-02-16,30.989999771118164,31.674999237060547,30.809999465942383,31.209999084472656,26.98981475830078,1651600
2022-02-17,30.760000228881836,30.989999771118164,29.520000457763672,29.530000686645508,25.5369873046875,2048400
2022-02-18,29.639999389648438,30.010000228881836,29.040000915527344,29.229999542236328,25.27755355834961,1808900
2022-02-22,29.239999771118164,29.690000534057617,28.399999618530273,28.610000610351562,24.741384506225586,1821200
2022-02-23,28.84000015258789,29.385000228881836,28.075000762939453,28.149999618530273,24.34358787536621,1893400
2022-02-24,26.860000610351562,27.114999771118164,26.059999465942383,27.020000457763672,23.575761795043945,3274300
2022-02-25,27.260000228881836,28.709999084472656,27.260000228881836,28.690000534057617,25.03288459777832,2131500
2022-02-28,27.8700008392334,28.06999969482422,27.1299991607666,27.600000381469727,24.081825256347656,2005400
2022-03-01,27.510000228881836,27.80500030517578,25.725000381469727,25.979999542236328,22.6683292388916,2899300
2022-03-02,26.440000534057617,27.520000457763672,26.40999984741211,27.010000228881836,23.567033767700195,1792500
2022-03-03,27.139999389648438,27.329999923706055,26.030000686645508,26.639999389648438,23.244197845458984,2208700
2022-03-04,26.110000610351562,26.25,25.045000076293945,25.229999542236328,22.013935089111328,2270800
2022-03-07,25.209999084472656,25.229999542236328,23.06999969482422,23.1200008392334,20.172897338867188,3938700
2022-03-08,23.719999313354492,24.530000686645508,22.559999465942383,23.700000762939453,20.6789608001709,4271100
2022-03-09,24.790000915527344,25.850000381469727,24.450000762939453,25.469999313354492,22.223337173461914,2643900
2022-03-10,24.969999313354492,26.03499984741211,24.8700008392334,25.8799991607666,22.58107566833496,2331800
2022-03-11,26.18000030517578,27.100000381469727,26.15999984741211,26.360000610351562,22.99989128112793,2796800
2022-03-14,27.149999618530273,28.367000579833984,27.094999313354492,27.56999969482422,24.055652618408203,3251200
2022-03-15,27.579999923706055,27.90999984741211,26.670000076293945,27.65999984741211,24.134180068969727,2341400
2022-03-16,28.309999465942383,29.06999969482422,28.200000762939453,28.84000015258789,25.163768768310547,2720500
2022-03-17,28.459999084472656,29.378000259399414,28.459999084472656,29.170000076293945,25.45170021057129,1899700
2022-03-18,28.90999984741211,30.190000534057617,28.709999084472656,30.09000015258789,26.254425048828125,8053900
2022-03-21,30.079999923706055,30.59000015258789,29.3799991607666,29.93000030517578,26.114826202392578,1716700
2022-03-22,30.290000915527344,30.75,30.010000228881836,30.540000915527344,26.647066116333008,1726400
2022-03-23,30.229999542236328,30.90999984741211,30.079999923706055,30.549999237060547,26.65578842163086,1364100
2022-03-24,30.969999313354492,32.14500045776367,30.700000762939453,32.02000045776367,27.938411712646484,1690900
2022-03-25,31.81999969482422,32.150001525878906,31.6299991607666,32.029998779296875,27.94713592529297,1105600
2022-03-28,31.920000076293945,32.0,31.260000228881836,31.639999389648438,27.606849670410156,888600
2022-03-29,31.950000762939453,32.59000015258789,31.6200008392334,32.18000030517578,28.078018188476562,1964500
2022-03-30,32.290000915527344,32.65999984741211,32.0,32.22999954223633,28.121644973754883,1273100
2022-03-31,32.2400016784668,32.58000183105469,31.479999542236328,31.479999542236328,27.46724510192871,1224300
2022-04-01,31.979999542236328,32.470001220703125,31.920000076293945,32.2599983215332,28.147815704345703,1196300
2022-04-04,32.31999969482422,32.4900016784668,31.760000228881836,32.31999969482422,28.20017433166504,1184500
2022-04-05,32.0,32.73500061035156,31.969999313354492,32.61000061035156,28.45320701599121,2315000
2022-04-06,32.2599983215332,32.290000915527344,31.440000534057617,31.940000534057617,27.86861228942871,1486800
2022-04-07,31.709999084472656,31.809999465942383,30.59000015258789,31.6200008392334,27.589399337768555,1335200
2022-04-08,31.780000686645508,32.59000015258789,31.6200008392334,32.29999923706055,28.18271827697754,1550000
2022-04-11,32.380001068115234,33.380001068115234,32.189998626708984,32.439998626708984,28.30487632751465,1762700
2022-04-12,32.84000015258789,33.29499816894531,32.380001068115234,32.5099983215332,28.365947723388672,1093400
2022-04-13,32.5,33.459999084472656,32.5,33.439998626708984,29.17740249633789,1104200
2022-04-14,33.869998931884766,34.29999923706055,33.459999084472656,33.79999923706055,29.49151039123535,1339300
2022-04-18,33.68000030517578,34.2400016784668,33.54999923706055,33.720001220703125,29.421716690063477,973400
2022-04-19,33.77000045776367,35.529998779296875,33.654998779296875,35.349998474121094,30.843931198120117,1217000
2022-04-20,35.310001373291016,36.04999923706055,35.02000045776367,35.650001525878906,31.105695724487305,1177300
2022-04-21,36.09000015258789,36.56999969482422,34.9900016784668,35.119998931884766,30.643253326416016,1082600
2022-04-22,34.91999816894531,34.95000076293945,33.650001525878906,33.72999954223633,29.430438995361328,1221900
2022-04-25,33.16999816894531,33.38999938964844,31.530000686645508,33.290000915527344,29.046520233154297,1485000
2022-04-26,33.16999816894531,33.20000076293945,32.22999954223633,32.27000045776367,28.156545639038086,1213600
2022-04-27,32.650001525878906,33.6150016784668,32.34000015258789,32.63999938964844,28.4793758392334,1543300
2022-04-28,33.09000015258789,33.27000045776367,32.20500183105469,33.2599983215332,29.020343780517578,1725800
2022-04-29,33.40999984741211,34.31999969482422,32.98500061035156,33.06999969482422,28.854570388793945,1567000
2022-05-02,33.619998931884766,33.86899948120117,32.099998474121094,33.099998474121094,28.880741119384766,2133600
2022-05-03,35.83000183105469,39.20000076293945,35.755001068115234,38.90999984741211,33.95014572143555,5212200
2022-05-04,39.41999816894531,42.0,39.11000061035156,41.5099983215332,36.21872329711914,3740900
2022-05-05,40.917999267578125,41.790000915527344,39.584999084472656,39.88999938964844,34.80522155761719,4137200
2022-05-06,39.849998474121094,40.63999938964844,38.66999816894531,40.060001373291016,34.953556060791016,2511600
2022-05-09,39.38999938964844,40.25,38.790000915527344,38.90999984741211,33.95014572143555,2382500
2022-05-10,39.11000061035156,39.529998779296875,36.77000045776367,37.599998474121094,32.8071174621582,1938100
2022-05-11,38.16999816894531,39.7400016784668,37.91999816894531,38.41999816894531,33.52260208129883,1908100
2022-05-12,37.90999984741211,38.31999969482422,36.810001373291016,37.91999816894531,33.08633804321289,1334800
2022-05-13,38.439998626708984,39.665000915527344,38.415000915527344,39.09000015258789,34.333553314208984,1773300
2022-05-16,39.290000915527344,41.35499954223633,38.33000183105469,40.529998779296875,35.598331451416016,2971600
2022-05-17,41.61000061035156,42.849998474121094,41.310001373291016,42.81999969482422,37.60968780517578,2262700
2022-05-18,42.27000045776367,43.060001373291016,40.97999954223633,41.349998474121094,36.31856155395508,1491700
2022-05-19,40.540000915527344,42.06999969482422,39.880001068115234,41.33000183105469,36.30099105834961,1900000
2022-05-20,41.849998474121094,42.2599983215332,39.599998474121094,40.79999923706055,35.835479736328125,1507600
2022-05-23,42.095001220703125,42.31999969482422,40.709999084472656,41.349998474121094,36.31856155395508,1229200
2022-05-24,40.599998474121094,41.04999923706055,39.59000015258789,40.84000015258789,35.87061309814453,873700
2022-05-25,40.41999816894531,41.58000183105469,40.41999816894531,41.2599983215332,36.239505767822266,1223400
2022-05-26,41.72999954223633,43.4900016784668,41.72999954223633,43.16999816894531,37.91709518432617,1786800
2022-05-27,43.04999923706055,44.0,42.56999969482422,43.9900016784668,38.637325286865234,1714200
2022-05-31,43.61000061035156,43.90999984741211,42.900001525878906,43.09000015258789,37.846832275390625,1359400
2022-06-01,43.2599983215332,44.09000015258789,42.7400016784668,43.540000915527344,38.24208068847656,1229800
2022-06-02,43.689998626708984,44.540000915527344,43.33000183105469,44.529998779296875,39.11161804199219,1117800
2022-06-03,44.099998474121094,44.34000015258789,43.209999084472656,43.630001068115234,38.32113265991211,1047800
2022-06-06,44.0,44.946998596191406,43.60499954223633,44.43000030517578,39.0237922668457,807500
2022-06-07,44.11000061035156,44.790000915527344,43.4900016784668,44.790000915527344,39.33998107910156,1023200
2022-06-08,44.22999954223633,44.415000915527344,43.279998779296875,43.5,38.20694351196289,1092200
2022-06-09,43.099998474121094,43.31999969482422,42.119998931884766,42.130001068115234,37.00364685058594,1088100
2022-06-10,41.040000915527344,41.59000015258789,40.16999816894531,40.709999084472656,35.756431579589844,1338000
2022-06-13,39.31999969482422,39.65999984741211,38.099998474121094,38.47999954223633,33.79777145385742,1689800
2022-06-14,37.689998626708984,37.689998626708984,35.70000076293945,36.36000061035156,31.935739517211914,2511500
2022-06-15,36.66999816894531,37.08000183105469,35.029998779296875,35.61000061035156,31.276994705200195,2303600
2022-06-16,34.52000045776367,34.52000045776367,30.600000381469727,31.649999618530273,27.798847198486328,3487000
2022-06-17,31.360000610351562,31.950000762939453,30.065000534057617,31.59000015258789,27.74614715576172,4255900
2022-06-21,32.34000015258789,32.86000061035156,31.40999984741211,31.440000534057617,27.614398956298828,2227500
2022-06-22,30.899999618530273,31.31999969482422,29.950000762939453,30.989999771118164,27.21915626525879,1849300
2022-06-23,30.889999389648438,31.3700008392334,28.8700008392334,29.389999389648438,25.813840866088867,2394200
2022-06-24,29.770000457763672,31.920000076293945,29.56999969482422,31.559999465942383,27.719797134399414,3563800
2022-06-27,31.639999389648438,31.7810001373291,31.0,31.350000381469727,27.535350799560547,1656200
2022-06-28,31.65999984741211,32.4900016784668,31.100000381469727,31.729999542236328,27.86911392211914,1691700
2022-06-29,31.920000076293945,31.920000076293945,30.889999389648438,31.719999313354492,27.860328674316406,1704700
2022-06-30,30.90999984741211,32.62799835205078,30.6299991607666,32.02000045776367,28.123825073242188,2377100
2022-07-01,31.639999389648438,32.709999084472656,30.260000228881836,31.469999313354492,27.640750885009766,1614600
2022-07-05,30.280000686645508,30.469999313354492,29.079999923706055,30.09000015258789,26.42866325378418,1253200
2022-07-06,29.93000030517578,30.3700008392334,29.149999618530273,30.219999313354492,26.542850494384766,1207700
2022-07-07,30.549999237060547,31.90999984741211,30.540000915527344,31.40999984741211,27.588050842285156,1439600
2022-07-08,31.889999389648438,31.889999389648438,30.739999771118164,31.239999771118164,27.438735961914062,1108200
2022-07-11,30.75,31.469999313354492,30.610000610351562,31.09000015258789,27.306983947753906,692600
2022-07-12,30.84000015258789,32.36000061035156,30.84000015258789,31.700000762939453,27.842763900756836,1286900
2022-07-13,30.969999313354492,31.780000686645508,30.639999389648438,31.649999618530273,27.798847198486328,980200
2022-07-14,30.68000030517578,31.05500030517578,30.239999771118164,31.010000228881836,27.236722946166992,1130000
2022-07-15,31.860000610351562,31.969999313354492,31.010000228881836,31.510000228881836,27.67588233947754,882100
2022-07-18,31.889999389648438,32.83000183105469,31.795000076293945,31.8799991607666,28.000864028930664,1141800
2022-07-19,32.40999984741211,34.21099853515625,32.2599983215332,33.869998931884766,29.748716354370117,2206000
2022-07-20,33.70000076293945,34.2859992980957,33.2599983215332,33.790000915527344,29.678455352783203,1208600
2022-07-21,33.540000915527344,34.189998626708984,33.16999816894531,34.0,29.862899780273438,1106800
2022-07-22,34.369998931884766,34.70000076293945,33.400001525878906,33.560001373291016,29.476436614990234,1426200
2022-07-25,33.9900016784668,34.2599983215332,33.459999084472656,34.189998626708984,30.0297794342041,1098500
2022-07-26,34.0099983215332,34.380001068115234,33.72999954223633,34.02000045776367,29.88046646118164,862800
2022-07-27,34.150001525878906,34.38999938964844,33.52000045776367,34.220001220703125,30.056129455566406,1586400
2022-07-28,34.5,34.915000915527344,34.125,34.900001525878906,30.653392791748047,1493500
2022-07-29,37.06999969482422,38.36000061035156,35.52000045776367,35.59000015258789,31.259435653686523,2789800
2022-08-01,35.59000015258789,35.65999984741211,34.505001068115234,35.119998931884766,30.84661865234375,1575800
2022-08-02,34.970001220703125,35.47999954223633,34.5,34.77000045776367,30.539209365844727,1263800
2022-08-03,35.029998779296875,35.029998779296875,33.970001220703125,34.459999084472656,30.266925811767578,1108100
2022-08-04,34.400001525878906,35.349998474121094,34.290000915527344,34.959999084472656,30.706085205078125,1037100
2022-08-05,34.630001068115234,35.209999084472656,34.38999938964844,34.4900016784668,30.293275833129883,829000
2022-08-08,34.880001068115234,35.349998474121094,34.400001525878906,34.400001525878906,30.2142276763916,750500
2022-08-09,34.470001220703125,34.63999938964844,34.02000045776367,34.439998626708984,30.249361038208008,926000
2022-08-10,35.04999923706055,35.724998474121094,34.79999923706055,35.380001068115234,31.07498550415039,1085900
2022-08-11,35.79999923706055,36.7400016784668,35.779998779296875,36.0,31.61954116821289,1153300
2022-08-12,36.04999923706055,36.70000076293945,35.775001525878906,36.65999984741211,32.424407958984375,734500
2022-08-15,35.90999984741211,36.540000915527344,35.68000030517578,36.380001068115234,32.176753997802734,849500
2022-08-16,36.310001373291016,37.77000045776367,36.20000076293945,37.38999938964844,33.07006072998047,1314300
2022-08-17,36.709999084472656,36.72999954223633,36.11000061035156,36.54999923706055,32.327110290527344,1006000
2022-08-18,36.810001373291016,37.25,36.470001220703125,37.189998626708984,32.893165588378906,794400
2022-08-19,36.93000030517578,37.150001525878906,36.400001525878906,36.75,32.504005432128906,1264300
2022-08-22,36.040000915527344,36.141998291015625,35.290000915527344,35.790000915527344,31.65492057800293,950900
2022-08-23,36.11000061035156,36.849998474121094,36.04999923706055,36.599998474121094,32.371334075927734,869600
2022-08-24,36.5,36.5,35.95000076293945,36.31999969482422,32.12369155883789,757300
2022-08-25,36.58000183105469,37.310001373291016,36.58000183105469,37.29999923706055,32.99046325683594,620500
2022-08-26,37.33000183105469,37.720001220703125,35.66999816894531,35.7599983215332,31.628381729125977,979500
2022-08-29,35.20000076293945,35.66999816894531,35.02000045776367,35.380001068115234,31.29228973388672,895900
2022-08-30,35.630001068115234,35.76499938964844,34.060001373291016,34.380001068115234,30.407827377319336,1127300
2022-08-31,34.5099983215332,34.560001373291016,33.61000061035156,33.72999954223633,29.832929611206055,1150500
2022-09-01,33.310001373291016,33.43000030517578,32.68000030517578,33.40999984741211,29.549898147583008,912800
2022-09-02,34.130001068115234,34.33000183105469,32.9900016784668,33.2400016784668,29.399538040161133,935100
2022-09-06,33.63999938964844,34.0099983215332,32.52000045776367,32.93000030517578,29.125356674194336,937800
2022-09-07,32.75,34.34000015258789,32.56999969482422,34.33000183105469,30.363597869873047,905000
2022-09-08,33.810001373291016,34.9900016784668,33.689998626708984,34.68000030517578,30.673168182373047,1056200
2022-09-09,35.130001068115234,36.0,35.130001068115234,35.72999954223633,31.601850509643555,1087100
2022-09-12,36.29999923706055,36.970001220703125,36.17499923706055,36.619998931884766,32.38902282714844,1269400
2022-09-13,35.349998474121094,35.779998779296875,34.619998931884766,34.88999938964844,30.858901977539062,1394200
2022-09-14,34.75,34.790000915527344,33.400001525878906,33.939998626708984,30.018667221069336,1142900
2022-09-15,33.84000015258789,34.79999923706055,33.52000045776367,33.810001373291016,29.9036808013916,1053000
2022-09-16,33.0099983215332,33.02000045776367,31.045000076293945,31.489999771118164,27.851730346679688,2943000
2022-09-19,30.829999923706055,32.560001373291016,30.530000686645508,32.43000030517578,28.683124542236328,1414500
2022-09-20,31.709999084472656,31.75,29.950000762939453,30.729999542236328,27.17953872680664,1925100
2022-09-21,29.190000534057617,29.979999542236328,28.100000381469727,28.139999389648438,24.88878059387207,3393800
2022-09-22,28.229999542236328,28.290000915527344,26.639999389648438,26.649999618530273,23.570932388305664,2934200
2022-09-23,25.850000381469727,26.18000030517578,24.799999237060547,25.229999542236328,22.31499481201172,3263800
2022-09-26,24.969999313354492,25.3799991607666,23.920000076293945,23.940000534057617,21.174041748046875,3635600
2022-09-27,24.3700008392334,24.709999084472656,23.850000381469727,24.100000381469727,21.315549850463867,3841100
2022-09-28,24.170000076293945,24.899999618530273,23.90999984741211,24.5,21.669336318969727,3441200
2022-09-29,24.020000457763672,24.229999542236328,23.579999923706055,24.190000534057617,21.39515495300293,2714000
2022-09-30,24.329999923706055,25.409000396728516,24.25,24.649999618530273,21.802003860473633,2143000
2022-10-03,25.1299991607666,26.31999969482422,25.100000381469727,26.020000457763672,23.013721466064453,2364400
2022-10-04,26.43000030517578,27.329999923706055,26.43000030517578,27.299999237060547,24.145828247070312,1991300
2022-10-05,26.2549991607666,28.18000030517578,26.06999969482422,27.90999984741211,24.68535041809082,3024900
2022-10-06,27.549999237060547,27.940000534057617,26.729999542236328,26.93000030517578,23.818580627441406,2026700
2022-10-07,26.540000915527344,26.920000076293945,26.0,26.3700008392334,23.323280334472656,2138900
2022-10-10,26.84000015258789,27.225000381469727,26.6200008392334,26.899999618530273,23.79204559326172,1477400
2022-10-11,26.540000915527344,26.940000534057617,26.1560001373291,26.530000686645508,23.464801788330078,1938000
2022-10-12,26.6200008392334,26.950000762939453,26.290000915527344,26.459999084472656,23.402883529663086,1455800
2022-10-13,25.649999618530273,27.65999984741211,25.610000610351562,27.40999984741211,24.24312400817871,2232400
2022-10-14,27.670000076293945,27.850000381469727,26.329999923706055,26.389999389648438,23.34096908569336,1537500
2022-10-17,27.170000076293945,28.350000381469727,27.079999923706055,28.290000915527344,25.021451950073242,2981500
2022-10-18,29.049999237060547,29.489999771118164,28.760000228881836,29.15999984741211,25.790929794311523,3554300
2022-10-19,28.809999465942383,29.40999984741211,28.385000228881836,28.770000457763672,25.44599151611328,2533300
2022-10-20,28.81999969482422,29.780000686645508,28.540000915527344,28.59000015258789,25.286787033081055,1895300
2022-10-21,28.579999923706055,29.68000030517578,28.579999923706055,29.510000228881836,26.100492477416992,2078000
2022-10-24,29.43000030517578,29.81999969482422,28.610000610351562,28.93000030517578,25.587507247924805,1547800
2022-10-25,28.3799991607666,29.719999313354492,28.329999923706055,29.049999237060547,25.693639755249023,2586900
2022-10-26,27.739999771118164,29.774999618530273,27.6200008392334,29.219999313354492,25.843997955322266,2465800
2022-10-27,29.389999389648438,29.93000030517578,28.809999465942383,28.90999984741211,25.5698184967041,1550600
2022-10-28,28.780000686645508,29.239999771118164,28.1200008392334,28.670000076293945,25.3575496673584,1130800
2022-10-31,28.56999969482422,29.104999542236328,28.415000915527344,28.6299991607666,25.322166442871094,1153500
2022-11-01,28.940000534057617,29.170000076293945,28.454999923706055,28.709999084472656,25.39292335510254,1285300
2022-11-02,28.770000457763672,29.31999969482422,27.799999237060547,27.829999923706055,24.61459732055664,1462300
2022-11-03,27.170000076293945,28.229999542236328,26.920000076293945,27.889999389648438,24.66766357421875,1126000
2022-11-04,28.8799991607666,30.989999771118164,28.8799991607666,30.25,26.754995346069336,1842000
2022-11-07,30.389999389648438,30.780000686645508,29.78499984741211,30.290000915527344,26.790374755859375,1016000
2022-11-08,30.6299991607666,31.09000015258789,30.149999618530273,30.360000610351562,26.85228729248047,794100
2022-11-09,29.950000762939453,30.31999969482422,29.610000610351562,29.690000534057617,26.25969886779785,589500
2022-11-10,30.959999084472656,32.4900016784668,30.959999084472656,32.45000076293945,28.700817108154297,1461000
2022-11-11,32.9900016784668,34.3650016784668,32.814998626708984,33.68000030517578,29.788700103759766,1901800
2022-11-14,32.86000061035156,33.7400016784668,32.65999984741211,33.400001525878906,29.761972427368164,1018700
2022-11-15,33.84000015258789,34.41999816894531,33.185001373291016,33.439998626708984,29.797616958618164,1547000
2022-11-16,33.119998931884766,33.39500045776367,32.2400016784668,32.38999938964844,28.86198616027832,1539800
2022-11-17,31.559999465942383,33.099998474121094,31.489999771118164,33.08000183105469,29.47682762145996,920600
2022-11-18,33.52000045776367,33.56999969482422,32.7599983215332,33.06999969482422,29.467918395996094,798300
2022-11-21,32.41999816894531,32.650001525878906,31.780000686645508,32.16999816894531,28.665943145751953,933400
2022-11-22,32.7599983215332,33.15999984741211,32.59000015258789,32.86000061035156,29.28078842163086,805100
2022-11-23,32.79999923706055,32.970001220703125,32.33000183105469,32.84000015258789,29.262969970703125,888800
2022-11-25,32.63999938964844,32.84000015258789,32.27000045776367,32.779998779296875,29.209503173828125,608200
2022-11-28,32.130001068115234,32.130001068115234,31.389999389648438,31.43000030517578,28.006549835205078,1080200
2022-11-29,30.850000381469727,31.280000686645508,30.170000076293945,31.010000228881836,27.63229751586914,2029400
2022-11-30,31.399999618530273,31.5,29.6299991607666,31.049999237060547,27.667940139770508,1940700
2022-12-01,31.149999618530273,31.81999969482422,31.0,31.25,27.84615707397461,1249100
2022-12-02,30.860000610351562,31.760000228881836,30.510000228881836,31.3700008392334,27.953083038330078,812700
2022-12-05,30.8700008392334,31.190000534057617,30.56999969482422,30.75,27.400617599487305,754300
2022-12-06,30.8700008392334,31.28499984741211,30.399999618530273,30.889999389648438,27.525367736816406,1165100
2022-12-07,30.43000030517578,31.100000381469727,30.15999984741211,30.34000015258789,27.035274505615234,716200
2022-12-08,30.690000534057617,31.0,29.760000228881836,29.84000015258789,26.58973503112793,1029700
2022-12-09,29.709999084472656,30.190000534057617,29.399999618530273,29.540000915527344,26.322418212890625,1063300
2022-12-12,29.639999389648438,30.610000610351562,29.149999618530273,30.520000457763672,27.1956729888916,1492800
2022-12-13,31.709999084472656,32.290000915527344,31.290000915527344,31.510000228881836,28.077835083007812,1525300
2022-12-14,31.31999969482422,32.09000015258789,31.295000076293945,31.790000915527344,28.32733726501465,1492000
2022-12-15,31.1200008392334,31.1200008392334,30.190000534057617,30.280000686645508,26.981807708740234,1110000
2022-12-16,30.06999969482422,30.959999084472656,29.940000534057617,30.770000457763672,27.41843605041504,4330100
2022-12-19,30.739999771118164,31.09000015258789,29.959999084472656,30.270000457763672,26.972902297973633,900100
2022-12-20,30.3799991607666,31.145000457763672,30.209999084472656,30.93000030517578,27.561010360717773,1289400
2022-12-21,31.25,31.427000045776367,30.799999237060547,30.950000762939453,27.578832626342773,967400
2022-12-22,30.549999237060547,30.594999313354492,29.079999923706055,29.6299991607666,26.402610778808594,1294600
2022-12-23,29.489999771118164,30.790000915527344,29.44499969482422,30.770000457763672,27.41843605041504,968400
2022-12-27,30.950000762939453,31.21500015258789,30.665000915527344,30.920000076293945,27.552101135253906,643500
2022-12-28,31.049999237060547,31.049999237060547,29.969999313354492,30.0,26.732309341430664,585100
2022-12-29,30.100000381469727,31.170000076293945,29.969999313354492,30.8799991607666,27.516456604003906,652300
2022-12-30,30.520000457763672,30.770000457763672,30.299999237060547,30.6200008392334,27.284774780273438,774800
2023-01-03,30.639999389648438,31.010000228881836,30.139999389648438,30.6200008392334,27.284774780273438,769900
2023-01-04,31.0,31.90999984741211,30.860000610351562,31.549999237060547,28.11347770690918,771900
2023-01-05,31.040000915527344,31.3700008392334,30.479999542236328,30.700000762939453,27.356063842773438,1050700
2023-01-06,31.209999084472656,32.5099983215332,30.989999771118164,32.400001525878906,28.870893478393555,836300
2023-01-09,32.83000183105469,33.060001373291016,32.4900016784668,32.54999923706055,29.004558563232422,623500
2023-01-10,31.639999389648438,32.025001525878906,30.93000030517578,31.989999771118164,28.50555419921875,1063800
2023-01-11,32.66999816894531,33.2599983215332,32.606998443603516,32.959999084472656,29.369897842407227,864200
2023-01-12,33.0099983215332,33.43000030517578,32.72999954223633,33.27000045776367,29.646129608154297,782700
2023-01-13,32.970001220703125,33.72999954223633,32.720001220703125,33.58000183105469,29.92236328125,749200
2023-01-17,33.439998626708984,33.599998474121094,33.0099983215332,33.09000015258789,29.485736846923828,573500
2023-01-18,33.619998931884766,34.130001068115234,33.06999969482422,33.09000015258789,29.485736846923828,787300
2023-01-19,32.66999816894531,32.79999923706055,31.540000915527344,32.619998931884766,29.066932678222656,692400
2023-01-20,32.77000045776367,33.83000183105469,32.5,33.720001220703125,30.047122955322266,729800
2023-01-23,33.56999969482422,34.11000061035156,33.34000015258789,33.91999816894531,30.225324630737305,693500
2023-01-24,34.75,35.400001525878906,34.16999816894531,34.459999084472656,30.70651626586914,1456400
2023-01-25,33.849998474121094,34.22999954223633,33.6349983215332,34.04999923706055,30.341169357299805,545900
2023-01-26,33.95000076293945,35.0099983215332,33.650001525878906,34.97999954223633,31.169872283935547,622900
2023-01-27,34.66999816894531,35.63999938964844,34.66999816894531,35.099998474121094,31.27680206298828,911300
2023-01-30,34.7599983215332,35.21799850463867,34.310001373291016,35.130001068115234,31.30353546142578,715000
2023-01-31,35.369998931884766,36.45000076293945,35.185001373291016,36.38999938964844,32.426292419433594,969400
2023-02-01,36.099998474121094,36.69499969482422,35.27000045776367,36.33000183105469,32.372840881347656,928600
2023-02-02,36.38999938964844,36.52000045776367,35.7599983215332,35.970001220703125,32.05203628540039,903400
2023-02-03,35.540000915527344,36.189998626708984,35.34000015258789,35.88999938964844,31.980745315551758,829400
2023-02-06,35.459999084472656,35.560001373291016,34.810001373291016,35.36000061035156,31.508481979370117,761200
2023-02-07,35.2599983215332,35.96500015258789,34.9900016784668,35.88999938964844,31.980745315551758,701600
2023-02-08,35.47999954223633,35.880001068115234,34.939998626708984,34.939998626708984,31.134231567382812,895400
2023-02-09,35.369998931884766,35.5,33.15999984741211,33.5,29.851078033447266,2159400
2023-02-10,33.939998626708984,34.54999923706055,32.709999084472656,34.349998474121094,30.60849952697754,2259600
2023-02-13,34.58000183105469,35.220001220703125,34.119998931884766,35.060001373291016,31.24115562438965,1135300
2023-02-14,34.68000030517578,35.185001373291016,34.34000015258789,34.66999816894531,30.89363670349121,876700
2023-02-15,34.150001525878906,34.790000915527344,33.959999084472656,34.470001220703125,30.715429306030273,1126900
2023-02-16,33.58000183105469,35.59000015258789,33.470001220703125,34.849998474121094,31.054027557373047,1264900
2023-02-17,34.630001068115234,35.09000015258789,34.2599983215332,35.08000183105469,31.258991241455078,1212200
2023-02-21,34.689998626708984,34.90999984741211,32.83000183105469,33.45000076293945,29.8065242767334,1171000
2023-02-22,33.470001220703125,33.941001892089844,33.29999923706055,33.790000915527344,30.109493255615234,835400
2023-02-23,33.79999923706055,34.027000427246094,33.369998931884766,33.939998626708984,30.468582153320312,975800
2023-02-24,33.13999938964844,33.84000015258789,32.939998626708984,33.75,30.298011779785156,994800
2023-02-27,34.31999969482422,34.650001525878906,33.97999954223633,34.04999923706055,30.56732177734375,1119600
2023-02-28,33.75,34.58000183105469,33.75,34.18000030517578,30.684032440185547,1012100
2023-03-01,34.220001220703125,35.25,33.939998626708984,34.84000015258789,31.27652359008789,845300
2023-03-02,34.5,36.209999084472656,34.349998474121094,36.119998931884766,32.425601959228516,1833400
2023-03-03,36.25,36.939998626708984,35.90999984741211,36.72999954223633,32.97321319580078,1418300
2023-03-06,36.459999084472656,36.630001068115234,35.20000076293945,35.58000183105469,31.94084358215332,1602900
2023-03-07,35.52000045776367,35.779998779296875,33.71900177001953,34.209999084472656,30.710962295532227,1309800
2023-03-08,34.130001068115234,34.5099983215332,33.63999938964844,34.130001068115234,30.639148712158203,782200
2023-03-09,34.150001525878906,34.33000183105469,32.689998626708984,32.720001220703125,29.373361587524414,910600
2023-03-10,32.54999923706055,32.58000183105469,31.030000686645508,31.209999084472656,28.017805099487305,1010100
2023-03-13,30.399999618530273,30.93000030517578,30.049999237060547,30.170000076293945,27.084182739257812,1006900
2023-03-14,31.149999618530273,31.479999542236328,30.469999313354492,31.09000015258789,27.910078048706055,1239700
2023-03-15,29.899999618530273,30.219999313354492,28.274999618530273,28.56999969482422,25.647825241088867,2303800
2023-03-16,27.989999771118164,29.440000534057617,27.75,29.389999389648438,26.38395881652832,1369000
2023-03-17,29.139999389648438,29.145000457763672,28.209999084472656,28.670000076293945,25.73760223388672,4820200
2023-03-20,29.1200008392334,29.520000457763672,28.704999923706055,29.1200008392334,26.141576766967773,1476400
2023-03-21,29.860000610351562,30.34000015258789,29.700000762939453,29.920000076293945,26.85974884033203,995500
2023-03-22,29.729999542236328,30.290000915527344,29.15999984741211,29.18000030517578,26.195436477661133,810800
2023-03-23,29.31999969482422,29.90999984741211,28.1200008392334,28.3799991607666,25.477262496948242,1066900
2023-03-24,27.969999313354492,28.809999465942383,27.75,28.799999237060547,25.85430335998535,625300
2023-03-27,29.34000015258789,29.7450008392334,29.06999969482422,29.15999984741211,26.177480697631836,904600
2023-03-28,29.149999618530273,29.489999771118164,28.950000762939453,29.31999969482422,26.32111930847168,748700
2023-03-29,29.850000381469727,30.079999923706055,29.475000381469727,29.780000686645508,26.73406982421875,1045900
2023-03-30,30.309999465942383,30.360000610351562,29.524999618530273,29.6299991607666,26.599411010742188,614000
2023-03-31,29.850000381469727,30.049999237060547,29.440000534057617,29.940000534057617,26.877704620361328,1337500
2023-04-03,30.139999389648438,30.709999084472656,30.040000915527344,30.280000686645508,27.18292808532715,884700
2023-04-04,30.290000915527344,30.290000915527344,29.03499984741211,29.3799991607666,26.374980926513672,805800
2023-04-05,28.860000610351562,29.020000457763672,28.399999618530273,28.739999771118164,25.800443649291992,1267300
2023-04-06,28.639999389648438,28.649999618530273,28.235000610351562,28.489999771118164,25.576011657714844,898700
2023-04-10,28.530000686645508,29.90999984741211,28.520000457763672,29.809999465942383,26.761001586914062,1153600
2023-04-11,29.8700008392334,30.350000381469727,29.774999618530273,30.18000030517578,27.09316062927246,767700
2023-04-12,30.690000534057617,30.690000534057617,29.440000534057617,29.579999923706055,26.554523468017578,875300
2023-04-13,29.729999542236328,30.290000915527344,29.34000015258789,30.219999313354492,27.12906265258789,782100
2023-04-14,30.290000915527344,30.469999313354492,29.290000915527344,29.799999237060547,26.75202178955078,992700
2023-04-17,29.940000534057617,29.940000534057617,29.399999618530273,29.6200008392334,26.590436935424805,719300
2023-04-18,29.690000534057617,29.780000686645508,29.264999389648438,29.520000457763672,26.500661849975586,489200
2023-04-19,29.280000686645508,29.399999618530273,29.049999237060547,29.270000457763672,26.276229858398438,794600
2023-04-20,28.889999389648438,29.110000610351562,28.540000915527344,28.729999542236328,25.791461944580078,905200
2023-04-21,28.520000457763672,28.600000381469727,28.06999969482422,28.219999313354492,25.333627700805664,752100
2023-04-24,28.299999237060547,28.94499969482422,28.2450008392334,28.920000076293945,25.962032318115234,746800
2023-04-25,28.3700008392334,28.639999389648438,27.540000915527344,27.56999969482422,24.750112533569336,923400
2023-04-26,27.31999969482422,27.68000030517578,27.117000579833984,27.309999465942383,24.516704559326172,822300
2023-04-27,27.600000381469727,28.049999237060547,26.959999084472656,27.950000762939453,25.091245651245117,1524800
2023-04-28,27.6299991607666,29.350000381469727,27.6299991607666,29.06999969482422,26.096691131591797,2221600
2023-05-01,29.389999389648438,30.170000076293945,29.21500015258789,29.760000228881836,26.716114044189453,1216200
2023-05-02,29.309999465942383,30.479999542236328,28.420000076293945,30.350000381469727,27.245769500732422,2046100
2023-05-03,30.399999618530273,30.860000610351562,29.094999313354492,29.190000534057617,26.204418182373047,2042700
2023-05-04,29.200000762939453,29.3799991607666,27.760000228881836,28.5,25.58498764038086,1435400
2023-05-05,29.190000534057617,29.545000076293945,28.940000534057617,29.510000228881836,26.491683959960938,1004900
2023-05-08,29.93000030517578,30.049999237060547,29.06999969482422,29.360000610351562,26.357027053833008,698300
2023-05-09,28.989999771118164,29.204999923706055,28.670000076293945,29.020000457763672,26.051801681518555,613300
2023-05-10,29.6200008392334,29.690000534057617,28.489999771118164,28.850000381469727,25.89919090270996,844500
2023-05-11,28.43000030517578,28.80500030517578,28.15999984741211,28.170000076293945,25.288742065429688,881100
2023-05-12,28.110000610351562,28.31999969482422,27.959999084472656,28.299999237060547,25.632930755615234,792600
2023-05-15,28.540000915527344,29.079999923706055,28.229999542236328,28.979999542236328,26.248844146728516,841800
2023-05-16,28.780000686645508,29.020000457763672,27.850000381469727,27.8700008392334,25.24345588684082,1066000
2023-05-17,28.010000228881836,28.825000762939453,27.93000030517578,28.6299991607666,25.931827545166016,1117800
2023-05-18,28.5,30.200000762939453,28.450000762939453,29.989999771118164,27.163658142089844,2029900
2023-05-19,30.25,30.350000381469727,29.375,29.68000030517578,26.882877349853516,1257000
2023-05-22,29.770000457763672,29.920000076293945,29.079999923706055,29.139999389648438,26.393766403198242,1001000
2023-05-23,28.940000534057617,29.40999984741211,28.738000869750977,29.0,26.2669620513916,1063200
2023-05-24,28.729999542236328,28.815000534057617,28.299999237060547,28.399999618530273,25.7235050201416,688300
2023-05-25,28.299999237060547,28.690000534057617,27.864999771118164,28.010000228881836,25.37026023864746,737200
2023-05-26,28.1200008392334,28.559999465942383,27.56999969482422,28.520000457763672,25.832199096679688,1571500
2023-05-30,28.579999923706055,28.90999984741211,27.565000534057617,27.719999313354492,25.107587814331055,1185800
2023-05-31,27.43000030517578,27.540000915527344,26.395000457763672,26.489999771118164,23.99350929260254,1238800
2023-06-01,26.690000534057617,27.385000228881836,26.4950008392334,27.110000610351562,24.555078506469727,1222200
2023-06-02,30.69499969482422,34.275001525878906,30.361000061035156,33.63999938964844,30.469675064086914,5705600
2023-06-05,33.77000045776367,35.849998474121094,33.77000045776367,34.75,31.47506332397461,3679900
2023-06-06,33.869998931884766,35.005001068115234,33.630001068115234,34.720001220703125,31.447891235351562,2367300
2023-06-07,34.72999954223633,34.8849983215332,33.84000015258789,34.15999984741211,30.94066619873047,1849400
2023-06-08,34.20000076293945,34.25,32.611000061035156,33.0,29.889986038208008,1805500
2023-06-09,32.70000076293945,32.81999969482422,31.770000457763672,32.060001373291016,29.0385799407959,2312000
2023-06-12,32.470001220703125,32.709999084472656,31.15999984741211,31.450000762939453,28.486066818237305,2647500
2023-06-13,31.829999923706055,32.45500183105469,31.600000381469727,32.220001220703125,29.18349838256836,2070800
2023-06-14,32.369998931884766,33.130001068115234,32.16999816894531,33.099998474121094,29.98056411743164,1931300
2023-06-15,32.790000915527344,34.35499954223633,32.29999923706055,34.279998779296875,31.049354553222656,2766700
2023-06-16,34.369998931884766,34.369998931884766,33.47999954223633,33.900001525878906,30.705169677734375,2648900
2023-06-20,33.13999938964844,33.91999816894531,33.029998779296875,33.849998474121094,30.659881591796875,1635100
2023-06-21,33.529998779296875,34.119998931884766,33.2599983215332,33.95000076293945,30.750459671020508,1472200
2023-06-22,33.150001525878906,33.560001373291016,32.724998474121094,33.43000030517578,30.279464721679688,2536800
2023-06-23,32.790000915527344,33.59000015258789,32.459999084472656,33.47999954223633,30.324752807617188,3995900
2023-06-26,33.5099983215332,34.474998474121094,33.2760009765625,34.150001525878906,30.931610107421875,1752400
2023-06-27,34.16999816894531,35.27000045776367,34.04499816894531,34.90999984741211,31.61998176574707,1446000
2023-06-28,34.849998474121094,35.40999984741211,34.38999938964844,35.36000061035156,32.0275764465332,1540900
2023-06-29,35.349998474121094,36.15999984741211,35.029998779296875,35.88999938964844,32.50762939453125,2597600
2023-06-30,36.22999954223633,37.34000015258789,36.040000915527344,36.88999938964844,33.413387298583984,2499600
2023-07-03,36.88999938964844,37.439998626708984,36.810001373291016,37.22999954223633,33.72134780883789,651800
2023-07-05,36.86000061035156,37.029998779296875,36.15999984741211,36.16999816894531,32.76123046875,1888100
2023-07-06,35.599998474121094,36.189998626708984,35.29499816894531,35.970001220703125,32.580081939697266,1488600
2023-07-07,36.02000045776367,37.810001373291016,36.02000045776367,37.02000045776367,33.53113555908203,1415500
2023-07-10,36.790000915527344,37.470001220703125,36.47999954223633,37.22999954223633,33.72134780883789,777400
2023-07-11,37.540000915527344,37.86000061035156,37.29999923706055,37.709999084472656,34.156105041503906,859900
2023-07-12,38.040000915527344,38.84000015258789,37.994998931884766,38.31999969482422,34.7086181640625,1109500
2023-07-13,38.45000076293945,38.90999984741211,38.189998626708984,38.79999923706055,35.14337921142578,710500
2023-07-14,38.7599983215332,38.7599983215332,37.59000015258789,38.29999923706055,34.69050216674805,969800
2023-07-17,38.189998626708984,38.314998626708984,37.56999969482422,38.2599983215332,34.654266357421875,595400
2023-07-18,38.29999923706055,38.935001373291016,38.16999816894531,38.56999969482422,34.93505859375,1036900
2023-07-19,38.43000030517578,38.60499954223633,38.0,38.56999969482422,34.93505859375,965300
2023-07-20,38.900001525878906,39.04999923706055,38.099998474121094,38.33000183105469,34.71767807006836,637400
2023-07-21,38.29999923706055,38.665000915527344,37.8650016784668,38.439998626708984,34.81730651855469,1073800
2023-07-24,38.29999923706055,38.4900016784668,37.439998626708984,37.54999923706055,34.01118469238281,1008700
2023-07-25,37.81999969482422,38.709999084472656,37.7599983215332,38.5099983215332,34.880714416503906,1264800
2023-07-26,38.290000915527344,38.79999923706055,38.06999969482422,38.40999984741211,34.790130615234375,932700
2023-07-27,38.25,38.58000183105469,37.040000915527344,37.95000076293945,34.37348937988281,1791200
2023-07-28,37.41999816894531,38.439998626708984,36.4900016784668,36.56999969482422,33.123538970947266,3252000
2023-07-31,36.529998779296875,37.040000915527344,35.529998779296875,36.97999954223633,33.494895935058594,1862500
2023-08-01,36.400001525878906,36.95000076293945,36.11000061035156,36.86000061035156,33.3862190246582,1362100
2023-08-02,36.130001068115234,36.69499969482422,35.92499923706055,36.630001068115234,33.17788314819336,1462800
2023-08-03,36.2599983215332,37.13999938964844,35.72999954223633,36.56999969482422,33.123538970947266,1524800
2023-08-04,36.75,37.82500076293945,36.75,37.209999084472656,33.703224182128906,1589900
2023-08-07,37.38999938964844,37.4900016784668,36.790000915527344,37.33000183105469,33.81191635131836,952300
2023-08-08,36.61000061035156,37.040000915527344,36.25,36.869998931884766,33.395263671875,1240200
2023-08-09,37.08000183105469,37.13999938964844,35.53499984741211,35.599998474121094,32.24495315551758,1474600
2023-08-10,35.810001373291016,36.04999923706055,34.540000915527344,34.7400016784668,31.466005325317383,1455300
2023-08-11,34.61000061035156,34.70000076293945,34.150001525878906,34.29999923706055,31.067472457885742,1891800
2023-08-14,33.93000030517578,34.439998626708984,33.59000015258789,34.40999984741211,31.39594268798828,1265600
2023-08-15,33.939998626708984,33.939998626708984,33.06999969482422,33.119998931884766,30.218929290771484,1259900
2023-08-16,33.02000045776367,33.31999969482422,32.39500045776367,32.540000915527344,29.689735412597656,1096800
2023-08-17,32.779998779296875,32.880001068115234,32.31999969482422,32.439998626708984,29.598499298095703,931700
2023-08-18,32.0099983215332,32.54999923706055,31.969999313354492,32.380001068115234,29.54375648498535,1061700
2023-08-21,32.529998779296875,32.63999938964844,31.75,31.899999618530273,29.105798721313477,708500
2023-08-22,32.040000915527344,32.209999084472656,31.700000762939453,32.029998779296875,29.224407196044922,784800
2023-08-23,31.920000076293945,32.459999084472656,31.709999084472656,32.0099983215332,29.206157684326172,883700
2023-08-24,31.899999618530273,33.040000915527344,31.760000228881836,32.2400016784668,29.416017532348633,966500
2023-08-25,32.47999954223633,32.939998626708984,32.099998474121094,32.7400016784668,29.872222900390625,700600
2023-08-28,33.0,33.54999923706055,32.9900016784668,33.41999816894531,30.49265480041504,692100
2023-08-29,33.47999954223633,34.310001373291016,33.43000030517578,34.220001220703125,31.222579956054688,959400
2023-08-30,34.209999084472656,34.31999969482422,33.810001373291016,34.0,31.021854400634766,564900
2023-08-31,34.119998931884766,34.38999938964844,33.790000915527344,34.02000045776367,31.04010009765625,761200
2023-09-01,34.4900016784668,35.150001525878906,34.38999938964844,34.9900016784668,31.92513656616211,856400
2023-09-05,34.470001220703125,34.505001068115234,33.22999954223633,33.33000183105469,30.410539627075195,1088300
2023-09-06,33.33000183105469,33.7400016784668,32.88999938964844,33.310001373291016,30.392295837402344,599200
2023-09-07,32.88999938964844,33.16999816894531,31.700000762939453,31.889999389648438,29.09667205810547,2010700
2023-09-08,32.0,32.209999084472656,31.520000457763672,31.969999313354492,29.169668197631836,1071100
2023-09-11,32.310001373291016,32.38999938964844,31.65999984741211,31.739999771118164,28.95981216430664,568900
2023-09-12,31.5,32.05500030517578,31.5,31.8700008392334,29.078426361083984,619400
2023-09-13,31.829999923706055,32.029998779296875,31.415000915527344,31.549999237060547,28.786455154418945,750200
2023-09-14,32.04999923706055,32.36000061035156,31.809999465942383,32.33000183105469,29.49813461303711,811100
2023-09-15,32.119998931884766,32.470001220703125,31.690000534057617,31.850000381469727,29.0601806640625,2067800
2023-09-18,31.860000610351562,31.860000610351562,31.389999389648438,31.540000915527344,28.777332305908203,901300
2023-09-19,31.459999084472656,31.81999969482422,31.020000457763672,31.09000015258789,28.366744995117188,1116200
2023-09-20,31.31999969482422,31.798999786376953,30.899999618530273,30.920000076293945,28.211641311645508,725700
2023-09-21,30.56999969482422,31.010000228881836,30.329999923706055,30.43000030517578,27.76456069946289,859200
2023-09-22,30.5,30.690000534057617,30.100000381469727,30.1200008392334,27.481712341308594,557200
2023-09-25,29.93000030517578,30.575000762939453,29.43000030517578,29.739999771118164,27.13499641418457,1331200
2023-09-26,29.299999237060547,29.489999771118164,28.149999618530273,28.6200008392334,26.113100051879883,2324900
2023-09-27,28.920000076293945,29.139999389648438,27.280000686645508,27.479999542236328,25.072954177856445,2161800
2023-09-28,27.489999771118164,28.420000076293945,27.489999771118164,27.799999237060547,25.36492347717285,1630300
2023-09-29,28.170000076293945,28.520000457763672,27.8799991607666,28.049999237060547,25.59302520751953,957200
2023-10-02,27.760000228881836,27.915000915527344,27.010000228881836,27.34000015258789,24.945220947265625,1140700
2023-10-03,27.0,27.34000015258789,26.729999542236328,26.829999923706055,24.479890823364258,927000
2023-10-04,26.959999084472656,27.079999923706055,26.209999084472656,27.049999237060547,24.680622100830078,1391000
2023-10-05,26.889999389648438,27.395000457763672,26.170000076293945,26.479999542236328,24.160545349121094,1149300
2023-10-06,26.399999618530273,26.65999984741211,25.799999237060547,26.18000030517578,23.886823654174805,1279700
2023-10-09,25.889999389648438,26.170000076293945,25.65999984741211,25.809999465942383,23.549236297607422,1448000
2023-10-10,26.190000534057617,26.524999618530273,25.799999237060547,26.309999465942383,24.00543975830078,2580400
2023-10-11,26.389999389648438,26.84000015258789,26.045000076293945,26.489999771118164,24.169673919677734,1107700
2023-10-12,26.510000228881836,26.510000228881836,25.260000228881836,25.68000030517578,23.430622100830078,1333400
2023-10-13,25.799999237060547,25.8799991607666,25.3700008392334,25.670000076293945,23.421499252319336,972900
2023-10-16,26.020000457763672,26.389999389648438,25.829999923706055,26.030000686645508,23.749963760375977,1125300
2023-10-17,25.75,26.899999618530273,25.75,26.65999984741211,24.32478141784668,1033300
2023-10-18,25.969999313354492,26.15999984741211,25.389999389648438,25.790000915527344,23.530990600585938,1048900
2023-10-19,25.510000228881836,25.780000686645508,24.93000030517578,25.030000686645508,22.837556838989258,895800
2023-10-20,25.049999237060547,25.489999771118164,24.950000762939453,24.979999542236328,22.791934967041016,885700
2023-10-23,24.549999237060547,24.889999389648438,24.3799991607666,24.540000915527344,22.39047622680664,1192500
2023-10-24,24.770000457763672,24.829999923706055,24.06999969482422,24.09000015258789,21.979896545410156,1039900
2023-10-25,23.8700008392334,24.049999237060547,23.489999771118164,23.610000610351562,21.54193878173828,852400
2023-10-26,23.670000076293945,24.600000381469727,23.459999084472656,24.239999771118164,22.11675453186035,2166400
2023-10-27,23.969999313354492,24.639999389648438,22.8799991607666,23.579999923706055,21.51456642150879,2327500
2023-10-30,23.8700008392334,25.100000381469727,23.8700008392334,24.719999313354492,22.554710388183594,3153300
2023-10-31,24.75,24.899999618530273,24.040000915527344,24.110000610351562,21.998144149780273,1051000
2023-11-01,23.850000381469727,24.049999237060547,23.479999542236328,23.940000534057617,21.843034744262695,1074500
2023-11-02,24.260000228881836,24.489999771118164,23.93000030517578,24.440000534057617,22.299236297607422,1042000
2023-11-03,24.610000610351562,26.139999389648438,24.610000610351562,25.68000030517578,23.430622100830078,1209100
2023-11-06,25.790000915527344,25.989999771118164,25.200000762939453,25.260000228881836,23.047412872314453,730700
2023-11-07,25.079999923706055,25.100000381469727,24.450000762939453,24.719999313354492,22.554710388183594,865100
2023-11-08,24.709999084472656,24.77199935913086,24.260000228881836,24.639999389648438,22.481718063354492,961100
2023-11-09,24.979999542236328,24.979999542236328,24.139999389648438,24.309999465942383,22.18062400817871,910700
2023-11-10,24.399999618530273,24.454999923706055,23.889999389648438,24.420000076293945,22.280990600585938,1595900
2023-11-13,24.209999084472656,25.110000610351562,24.059999465942383,25.079999923706055,22.883176803588867,1949400
2023-11-14,25.459999084472656,27.510000228881836,25.450000762939453,26.829999923706055,24.726364135742188,2480700
2023-11-15,26.829999923706055,27.399999618530273,26.670000076293945,27.1299991607666,25.00284194946289,1283900
2023-11-16,27.0,27.06999969482422,26.3799991607666,26.489999771118164,24.413026809692383,1001000
2023-11-17,26.770000457763672,27.329999923706055,26.739999771118164,27.280000686645508,25.14108657836914,1519500
2023-11-20,27.290000915527344,27.325000762939453,26.84000015258789,27.030000686645508,24.910686492919922,1026800
2023-11-21,26.850000381469727,26.920000076293945,25.950000762939453,25.979999542236328,23.943010330200195,1228000
2023-11-22,26.06999969482422,26.299999237060547,25.739999771118164,26.219999313354492,24.164194107055664,588200
2023-11-24,26.170000076293945,26.790000915527344,26.170000076293945,26.3700008392334,24.302433013916016,371900
2023-11-27,26.1200008392334,26.229999542236328,25.900999069213867,26.190000534057617,24.13654899597168,759800
2023-11-28,26.190000534057617,26.309999465942383,25.75,26.1299991607666,24.081247329711914,640800
2023-11-29,26.600000381469727,27.170000076293945,26.459999084472656,26.700000762939453,24.6065616607666,1513700
2023-11-30,26.81999969482422,27.635000228881836,26.559999465942383,27.43000030517578,25.27932357788086,2495600
2023-12-01,28.600000381469727,29.889999389648438,28.459999084472656,29.68000030517578,27.35291290283203,2833700
2023-12-04,29.530000686645508,29.920000076293945,29.31999969482422,29.579999923706055,27.26074981689453,1183400
2023-12-05,29.309999465942383,29.34000015258789,28.489999771118164,28.729999542236328,26.477394104003906,875500
2023-12-06,29.0,29.674999237060547,28.56999969482422,28.790000915527344,26.53269386291504,859400
2023-12-07,28.989999771118164,29.06999969482422,28.51799964904785,28.790000915527344,26.53269386291504,965700
2023-12-08,28.850000381469727,29.6200008392334,28.71500015258789,28.899999618530273,26.63406753540039,551700
2023-12-11,28.760000228881836,29.184999465942383,28.639999389648438,29.020000457763672,26.744659423828125,672700
2023-12-12,28.989999771118164,28.989999771118164,28.170000076293945,28.450000762939453,26.219348907470703,916400
2023-12-13,28.270000457763672,29.21500015258789,27.940000534057617,29.15999984741211,26.873680114746094,1398500
2023-12-14,29.8700008392334,31.825000762939453,29.8700008392334,31.399999618530273,28.93804931640625,2812500
2023-12-15,31.31999969482422,31.579999923706055,30.18000030517578,30.440000534057617,28.053319931030273,2275400
2023-12-18,30.760000228881836,30.950000762939453,30.200000762939453,30.809999465942383,28.394309997558594,1032800
2023-12-19,31.219999313354492,31.3700008392334,30.479999542236328,30.81999969482422,28.403526306152344,1308200
2023-12-20,30.600000381469727,30.969999313354492,30.209999084472656,30.299999237060547,27.924297332763672,1087200
2023-12-21,30.770000457763672,31.290000915527344,30.040000915527344,31.059999465942383,28.624710083007812,1171700
2023-12-22,31.200000762939453,32.6349983215332,31.1299991607666,31.790000915527344,29.29747200012207,1665600
2023-12-26,31.770000457763672,32.61000061035156,31.655000686645508,32.41999816894531,29.878074645996094,723800
2023-12-27,32.41999816894531,32.560001373291016,32.02000045776367,32.470001220703125,29.924156188964844,675700
2023-12-28,32.290000915527344,32.41999816894531,31.93000030517578,32.13999938964844,29.620031356811523,569400
2023-12-29,31.90999984741211,32.025001525878906,31.18000030517578,31.540000915527344,29.067075729370117,1143500
2024-01-02,31.200000762939453,32.70000076293945,31.030000686645508,31.780000686645508,29.288257598876953,1280600
2024-01-03,31.190000534057617,31.329999923706055,30.309999465942383,30.950000762939453,28.523334503173828,1439600
2024-01-04,30.899999618530273,31.18000030517578,30.40999984741211,30.6299991607666,28.228424072265625,882700
2024-01-05,30.469999313354492,32.04999923706055,30.469999313354492,31.280000686645508,28.82745933532715,2168900
2024-01-08,31.049999237060547,31.600000381469727,30.760000228881836,31.360000610351562,28.901185989379883,755800
2024-01-09,30.780000686645508,30.979999542236328,30.350000381469727,30.709999084472656,28.30215072631836,1065600
2024-01-10,30.559999465942383,30.790000915527344,30.274999618530273,30.459999084472656,28.071752548217773,654400
2024-01-11,30.350000381469727,30.479999542236328,29.950000762939453,30.219999313354492,27.850568771362305,735700
2024-01-12,30.68000030517578,30.799999237060547,30.049999237060547,30.190000534057617,27.82292366027832,612500
2024-01-16,29.81999969482422,30.0,29.350000381469727,29.59000015258789,27.269968032836914,960100
2024-01-17,29.06999969482422,29.070999145507812,28.565000534057617,28.829999923706055,26.569555282592773,914200
2024-01-18,28.979999542236328,29.520000457763672,28.639999389648438,29.350000381469727,27.048784255981445,1024200
2024-01-19,29.25,29.260000228881836,28.520000457763672,29.219999313354492,26.92897605895996,817500
2024-01-22,29.139999389648438,30.020000457763672,28.979999542236328,29.760000228881836,27.4266357421875,1067400
2024-01-23,30.43000030517578,32.189998626708984,30.1299991607666,32.16999816894531,29.64767837524414,2477200
2024-01-24,32.310001373291016,32.47999954223633,31.200000762939453,31.260000228881836,28.80902671813965,1343600
2024-01-25,31.690000534057617,31.790000915527344,31.0049991607666,31.690000534057617,29.20531463623047,722800
2024-01-26,32.0,32.25,31.170000076293945,31.290000915527344,28.8366756439209,1052200
2024-01-29,31.25,31.399999618530273,30.760000228881836,31.31999969482422,28.864322662353516,761400
2024-01-30,31.0,31.3799991607666,30.950000762939453,31.020000457763672,28.587844848632812,1204700
2024-01-31,31.0,31.454999923706055,30.040000915527344,30.170000076293945,27.804492950439453,1228600
2024-02-01,30.579999923706055,30.924999237060547,30.174999237060547,30.770000457763672,28.357450485229492,749700
2024-02-02,30.25,31.040000915527344,29.75,30.649999618530273,28.24685287475586,729900
2024-02-05,30.0,30.170000076293945,29.489999771118164,29.889999389648438,27.546443939208984,893000
2024-02-06,29.829999923706055,30.899999618530273,29.829999923706055,30.030000686645508,27.675472259521484,806800
2024-02-07,30.299999237060547,30.299999237060547,29.25,30.0,27.64781951904297,946200
2024-02-08,30.079999923706055,30.190000534057617,29.530000686645508,30.0,27.64781951904297,778800
2024-02-09,30.0,30.219999313354492,29.489999771118164,30.09000015258789,27.730764389038086,632900
2024-02-12,30.09000015258789,31.760000228881836,30.09000015258789,31.18000030517578,28.735301971435547,1057000
2024-02-13,30.219999313354492,30.690000534057617,29.84000015258789,30.489999771118164,28.099403381347656,1698100
2024-02-14,28.290000915527344,28.700000762939453,26.540000915527344,26.639999389648438,24.5512638092041,4638800
2024-02-15,27.1299991607666,28.135000228881836,27.010000228881836,27.81999969482422,25.638744354248047,2040100
2024-02-16,27.690000534057617,28.809999465942383,27.55500030517578,28.1200008392334,25.91522216796875,1477700
2024-02-20,27.709999084472656,28.600000381469727,27.520000457763672,28.469999313354492,26.237777709960938,1224700
2024-02-21,28.459999084472656,29.040000915527344,28.295000076293945,29.020000457763672,26.744659423828125,843100
2024-02-22,29.06999969482422,29.829999923706055,29.030000686645508,29.700000762939453,27.3713436126709,1265400
2024-02-23,29.520000457763672,29.799999237060547,29.239999771118164,29.479999542236328,27.39922332763672,697000
2024-02-26,29.260000228881836,29.59000015258789,28.78499984741211,28.8700008392334,26.832279205322266,653400
2024-02-27,29.239999771118164,29.440000534057617,28.780000686645508,28.93000030517578,26.888046264648438,654400
2024-02-28,28.530000686645508,28.96500015258789,28.450000762939453,28.719999313354492,26.6928653717041,1373200
2024-02-29,18.0,20.559999465942383,15.100000381469727,19.670000076293945,18.281639099121094,27410200
2024-03-01,19.829999923706055,21.100000381469727,19.700000762939453,20.780000686645508,19.31329345703125,5962600
2024-03-04,20.700000762939453,21.200000762939453,19.979999542236328,20.190000534057617,18.764934539794922,2564800
2024-03-05,19.75,20.940000534057617,19.68000030517578,20.510000228881836,19.062349319458008,2685200
2024-03-06,20.75,22.149999618530273,20.719999313354492,22.030000686645508,20.475065231323242,2579300
2024-03-07,25.5,26.059999465942383,24.65999984741211,25.360000610351562,23.570024490356445,6205000
2024-03-08,25.440000534057617,26.079999923706055,25.316999435424805,25.84000015258789,24.01614761352539,2729400
2024-03-11,26.049999237060547,26.934999465942383,25.780000686645508,26.1200008392334,24.276382446289062,1727500
2024-03-12,26.030000686645508,26.389999389648438,25.770000457763672,26.100000381469727,24.257795333862305,1147000
2024-03-13,26.09000015258789,26.969999313354492,26.031999588012695,26.84000015258789,24.9455623626709,1434400
2024-03-14,26.450000762939453,26.770000457763672,26.219999313354492,26.649999618530273,24.768972396850586,1367000
2024-03-15,26.520000457763672,27.389999389648438,26.520000457763672,27.139999389648438,25.22438621520996,2936500
2024-03-18,27.299999237060547,27.940000534057617,27.040000915527344,27.799999237060547,25.837800979614258,1818400
2024-03-19,27.639999389648438,28.229999542236328,27.25,27.450000762939453,25.512508392333984,1639200
2024-03-20,27.510000228881836,27.739999771118164,26.700000762939453,27.290000915527344,25.363801956176758,1371100
2024-03-21,27.510000228881836,27.670000076293945,27.079999923706055,27.260000228881836,25.33591651916504,1201900
2024-03-22,27.280000686645508,27.90999984741211,27.260000228881836,27.860000610351562,25.893566131591797,1338500
2024-03-25,27.420000076293945,28.469999313354492,27.329999923706055,28.3700008392334,26.367570877075195,1892200
2024-03-26,28.610000610351562,28.670000076293945,27.34000015258789,27.3700008392334,25.438152313232422,1266900
2024-03-27,27.549999237060547,28.899999618530273,27.360000610351562,28.8799991607666,26.84157371520996,1696400
2024-03-28,25.0,27.399999618530273,24.243000030517578,26.260000228881836,24.4064998626709,6323600
2024-04-01,26.219999313354492,28.8700008392334,26.0,28.739999771118164,26.711456298828125,3571800
2024-04-02,28.190000534057617,28.350000381469727,26.975000381469727,27.6200008392334,25.670507431030273,2534700
2024-04-03,28.25,28.75,27.549999237060547,28.729999542236328,26.702159881591797,1483100
2024-04-04,28.969999313354492,29.06999969482422,27.270000457763672,27.290000915527344,25.363801956176758,1424500
2024-04-05,27.18000030517578,27.18000030517578,26.34000015258789,27.020000457763672,25.112857818603516,1130300
2024-04-08,27.309999465942383,27.780000686645508,27.020000457763672,27.049999237060547,25.14073944091797,916000
2024-04-09,28.0,28.639999389648438,27.3700008392334,28.15999984741211,26.172393798828125,1175500
2024-04-10,27.600000381469727,28.030000686645508,27.329999923706055,27.510000228881836,25.568269729614258,917600
2024-04-11,27.670000076293945,27.670000076293945,27.040000915527344,27.299999237060547,25.373090744018555,821100
2024-04-12,27.049999237060547,27.187000274658203,26.350000381469727,26.479999542236328,24.6109676361084,736600
2024-04-15,26.709999084472656,26.93000030517578,25.84000015258789,26.020000457763672,24.183441162109375,982300
2024-04-16,25.75,26.545000076293945,25.639999389648438,26.40999984741211,24.54591178894043,1336300
2024-04-17,26.68000030517578,26.940000534057617,26.329999923706055,26.3700008392334,24.50873565673828,1147000
2024-04-18,26.719999313354492,26.75,26.059999465942383,26.479999542236328,24.6109676361084,1233500
2024-04-19,26.399999618530273,26.540000915527344,25.825000762939453,25.90999984741211,24.08120346069336,900000
2024-04-22,26.079999923706055,26.709999084472656,26.010000228881836,26.43000030517578,24.564498901367188,1038900
2024-04-23,26.270000457763672,26.920000076293945,26.1200008392334,26.729999542236328,24.843326568603516,1141000
2024-04-24,26.760000228881836,27.479999542236328,26.68000030517578,27.079999923706055,25.168622970581055,1039700
2024-04-25,27.010000228881836,27.239999771118164,26.3799991607666,27.030000686645508,25.12215232849121,924900
2024-04-26,27.010000228881836,27.329999923706055,26.489999771118164,27.31999969482422,25.391681671142578,776600
2024-04-29,27.479999542236328,27.81999969482422,27.270000457763672,27.690000534057617,25.73556900024414,1075000
2024-04-30,27.3700008392334,27.760000228881836,26.709999084472656,26.75,24.861913681030273,1486400
2024-05-01,26.610000610351562,27.2450008392334,25.75,26.0,24.164852142333984,2490200
2024-05-02,26.31999969482422,26.8799991607666,25.809999465942383,26.149999618530273,24.304264068603516,1713700
2024-05-03,26.059999465942383,27.614999771118164,26.059999465942383,26.56999969482422,24.694618225097656,1709400
2024-05-06,26.899999618530273,27.3700008392334,26.450000762939453,27.360000610351562,25.428857803344727,1226700
2024-05-07,27.420000076293945,28.0,27.110000610351562,27.969999313354492,25.99580192565918,1363100
2024-05-08,27.5,27.84000015258789,26.8799991607666,27.5,25.558979034423828,1076900
2024-05-09,27.579999923706055,28.450000762939453,27.360000610351562,28.43000030517578,26.423336029052734,1128300
2024-05-10,28.540000915527344,29.059999465942383,28.420000076293945,28.899999618530273,26.86016273498535,1175500
2024-05-13,29.209999084472656,29.209999084472656,28.420000076293945,28.709999084472656,26.683570861816406,1213100
2024-05-14,28.90999984741211,29.079999923706055,28.670000076293945,28.959999084472656,27.152359008789062,892200
2024-05-15,29.0,29.18000030517578,28.655000686645508,29.1299991607666,27.311752319335938,1104300
2024-05-16,29.1299991607666,29.139999389648438,28.770000457763672,28.8700008392334,27.067983627319336,779200
2024-05-17,28.950000762939453,29.170000076293945,28.84000015258789,28.889999389648438,27.086729049682617,757900
2024-05-20,28.860000610351562,28.959999084472656,28.549999237060547,28.93000030517578,27.124237060546875,686900
2024-05-21,28.809999465942383,28.854999542236328,27.684999465942383,27.790000915527344,26.05539321899414,849300
2024-05-22,27.489999771118164,27.649999618530273,26.9950008392334,27.149999618530273,25.455339431762695,651200
2024-05-23,27.200000762939453,27.30500030517578,26.530000686645508,27.0,25.3147029876709,724700
2024-05-24,27.25,27.25,26.389999389648438,26.56999969482422,24.911540985107422,1316300
2024-05-28,26.65999984741211,26.975000381469727,26.545000076293945,26.649999618530273,24.986549377441406,902700
2024-05-29,26.1299991607666,26.219999313354492,25.350000381469727,25.450000762939453,23.861452102661133,1184300
2024-05-30,25.3799991607666,25.979999542236328,25.309999465942383,25.59000015258789,23.992712020874023,701500
2024-05-31,25.559999465942383,25.665000915527344,24.510000228881836,24.81999969482422,23.270774841308594,1895800
2024-06-03,25.350000381469727,25.479999542236328,24.260000228881836,24.40999984741211,22.88636589050293,1744400
2024-06-04,24.0,24.200000762939453,22.979999542236328,23.100000381469727,21.65813446044922,1888800
2024-06-05,23.200000762939453,24.09000015258789,23.059999465942383,23.959999084472656,22.464454650878906,1457400
2024-06-06,23.969999313354492,24.420000076293945,23.808000564575195,23.899999618530273,22.408199310302734,903300
2024-06-07,23.40999984741211,24.239999771118164,23.15999984741211,24.170000076293945,22.661346435546875,928900
2024-06-10,23.940000534057617,24.18000030517578,23.709999084472656,23.93000030517578,22.436328887939453,978700
2024-06-11,23.799999237060547,23.979999542236328,23.40999984741211,23.739999771118164,22.25818634033203,801900
2024-06-12,24.389999389648438,24.739999771118164,24.100000381469727,24.239999771118164,22.726978302001953,2170000
2024-06-13,24.229999542236328,25.799999237060547,24.219999313354492,25.559999465942383,23.96458625793457,3801700
2024-06-14,25.40999984741211,25.790000915527344,24.219999313354492,24.3799991607666,22.858238220214844,2356100
2024-06-17,24.350000381469727,24.760000228881836,23.989999771118164,24.299999237060547,22.783233642578125,991100
2024-06-18,24.239999771118164,24.450000762939453,23.420000076293945,23.850000381469727,22.36132049560547,1089500
2024-06-20,23.809999465942383,24.149999618530273,22.969999313354492,23.010000228881836,21.573753356933594,1876200
2024-06-21,22.989999771118164,23.010000228881836,22.510000228881836,22.90999984741211,21.47999382019043,2428700
2024-06-24,22.989999771118164,23.600000381469727,22.75,23.280000686645508,21.826900482177734,1653900
2024-06-25,23.15999984741211,23.950000762939453,22.549999237060547,22.860000610351562,21.43311309814453,1549900
2024-06-26,22.829999923706055,23.30500030517578,22.486000061035156,22.959999084472656,21.526872634887695,1136800
2024-06-27,23.010000228881836,23.1299991607666,22.649999618530273,23.09000015258789,21.648757934570312,1099800
2024-06-28,23.200000762939453,23.559999465942383,22.3700008392334,22.56999969482422,21.161216735839844,1919100
2024-07-01,22.670000076293945,23.059999465942383,22.299999237060547,22.6200008392334,21.20809555053711,1114600
2024-07-02,22.700000762939453,22.959999084472656,22.459999084472656,22.559999465942383,21.151840209960938,683500
2024-07-03,22.719999313354492,23.1299991607666,22.610000610351562,22.690000534057617,21.273725509643555,421500
2024-07-05,22.489999771118164,22.65999984741211,21.940000534057617,22.110000610351562,20.729928970336914,1700700
2024-07-08,22.31999969482422,22.56999969482422,22.100000381469727,22.31999969482422,20.926820755004883,706900
2024-07-09,23.459999084472656,23.489999771118164,22.290000915527344,22.450000762939453,21.0487060546875,1570100
2024-07-10,22.639999389648438,23.219999313354492,22.510000228881836,23.170000076293945,21.723764419555664,1096300
2024-07-11,23.68000030517578,24.450000762939453,23.639999389648438,24.260000228881836,22.745729446411133,1198200
2024-07-12,24.559999465942383,25.040000915527344,24.34000015258789,24.510000228881836,22.98012351989746,1063600
2024-07-15,24.309999465942383,25.2549991607666,24.290000915527344,24.93000030517578,23.37390899658203,1243700
2024-07-16,24.959999084472656,25.540000915527344,24.959999084472656,24.989999771118164,23.43016242980957,821700
2024-07-17,24.920000076293945,25.3799991607666,24.559999465942383,24.56999969482422,23.036380767822266,1107200
2024-07-18,24.399999618530273,24.63800048828125,23.799999237060547,24.1299991607666,22.623842239379883,891000
2024-07-19,24.0,24.0,23.239999771118164,23.479999542236328,22.014415740966797,751500
2024-07-22,23.690000534057617,24.170000076293945,23.1299991607666,24.0,22.50196075439453,1167000
2024-07-23,23.709999084472656,24.43000030517578,23.600000381469727,24.170000076293945,22.661346435546875,1071300
2024-07-24,24.100000381469727,24.3700008392334,23.451000213623047,23.489999771118164,22.02379035949707,678400
2024-07-25,23.350000381469727,23.93000030517578,23.110000610351562,23.889999389648438,22.39882469177246,1248000
2024-07-26,24.399999618530273,24.5,23.479999542236328,24.31999969482422,22.801982879638672,1112900
2024-07-29,24.43000030517578,24.489999771118164,23.770000457763672,23.860000610351562,22.370698928833008,762400
2024-07-30,23.899999618530273,24.280000686645508,23.450000762939453,23.75,22.26756477355957,827200
2024-07-31,24.0,24.440000534057617,23.809999465942383,24.170000076293945,22.661346435546875,1309700
2024-08-01,24.270000457763672,24.459999084472656,23.06999969482422,23.309999465942383,21.855024337768555,1543900
2024-08-02,20.100000381469727,21.09000015258789,18.770000457763672,20.540000915527344,19.257925033569336,5325100
2024-08-05,19.43000030517578,19.7549991607666,18.46500015258789,18.75,17.57965660095215,3136300
2024-08-06,18.75,19.31999969482422,18.520000457763672,18.719999313354492,17.55152702331543,2502200
2024-08-07,19.170000076293945,19.299999237060547,17.770000457763672,17.829999923706055,16.717082977294922,2428300
2024-08-08,18.030000686645508,18.309999465942383,17.829999923706055,18.260000228881836,17.1202392578125,2181900
2024-08-09,18.149999618530273,18.764999389648438,17.969999313354492,18.1200008392334,16.98897933959961,1866000
2024-08-12,18.010000228881836,18.06999969482422,17.670000076293945,17.8700008392334,16.75458335876465,1278400
2024-08-13,17.979999542236328,18.325000762939453,17.809999465942383,18.18000030517578,17.04523468017578,1128300
2024-08-14,18.309999465942383,18.68000030517578,18.18400001525879,18.260000228881836,17.1202392578125,1267700
2024-08-15,18.239999771118164,18.913000106811523,18.15999984741211,18.729999542236328,17.804668426513672,1078900
2024-08-16,18.59000015258789,18.770000457763672,18.399999618530273,18.649999618530273,17.728620529174805,1050600
2024-08-19,18.709999084472656,18.780000686645508,18.510000228881836,18.540000915527344,17.624055862426758,786600
2024-08-20,18.440000534057617,18.584999084472656,18.139999389648438,18.209999084472656,17.310359954833984,1030200
2024-08-21,18.469999313354492,18.719999313354492,18.219999313354492,18.700000762939453,17.776151657104492,790500
2024-08-22,18.75,18.854999542236328,18.360000610351562,18.360000610351562,17.45294761657715,910000
2024-08-23,18.56999969482422,19.3700008392334,18.559999465942383,19.299999237060547,18.346508026123047,951500
2024-08-26,19.579999923706055,19.954999923706055,19.44499969482422,19.510000228881836,18.54613494873047,888200
2024-08-27,19.389999389648438,19.5,19.1200008392334,19.3700008392334,18.413053512573242,688900
2024-08-28,19.200000762939453,19.25,18.739999771118164,18.989999771118164,18.05182456970215,1312100
2024-08-29,19.149999618530273,19.600000381469727,18.899999618530273,19.34000015258789,18.384531021118164,1026300
2024-08-30,19.510000228881836,19.59000015258789,19.149999618530273,19.440000534057617,18.479591369628906,937500
2024-09-03,18.920000076293945,19.03499984741211,18.450000762939453,18.6299991607666,17.70960807800293,1760100
2024-09-04,18.6299991607666,18.93000030517578,18.350000381469727,18.530000686645508,17.614551544189453,1474200
2024-09-05,18.649999618530273,18.790000915527344,18.350000381469727,18.5,17.58603286743164,1133600
2024-09-06,18.5,18.65999984741211,17.450000762939453,17.469999313354492,16.606916427612305,1483100
2024-09-09,17.479999542236328,17.6299991607666,16.7450008392334,17.100000381469727,16.25519561767578,2241400
2024-09-10,17.049999237060547,17.135000228881836,16.559999465942383,16.790000915527344,15.9605131149292,1309500
2024-09-11,16.850000381469727,17.040000915527344,16.18000030517578,17.020000457763672,16.179149627685547,1813500
2024-09-12,17.079999923706055,17.239999771118164,16.584999084472656,17.149999618530273,16.3027286529541,1079000
2024-09-13,17.450000762939453,18.094999313354492,17.34000015258789,17.950000762939453,17.063203811645508,1318200
2024-09-16,18.010000228881836,18.3799991607666,17.8700008392334,18.040000915527344,17.148757934570312,1514500
2024-09-17,18.190000534057617,18.559999465942383,18.135000228881836,18.479999542236328,17.567018508911133,1268400
2024-09-18,18.540000915527344,19.170000076293945,18.270000457763672,18.479999542236328,17.567018508911133,1214300
2024-09-19,19.209999084472656,19.389999389648438,19.0,19.239999771118164,18.289470672607422,1049700
2024-09-20,19.100000381469727,19.135000228881836,18.559999465942383,18.700000762939453,17.776151657104492,1781200
2024-09-23,18.780000686645508,19.100000381469727,18.3799991607666,18.770000457763672,17.842693328857422,1887000
2024-09-24,19.200000762939453,19.924999237060547,18.8799991607666,19.549999237060547,18.584157943725586,1538300
2024-09-25,19.469999313354492,19.469999313354492,18.56999969482422,18.690000534057617,17.766645431518555,1527700
2024-09-26,19.350000381469727,20.799999237060547,19.350000381469727,20.799999237060547,19.772403717041016,2046700
2024-09-27,21.079999923706055,21.270000457763672,20.59000015258789,20.719999313354492,19.696353912353516,1577100
2024-09-30,20.600000381469727,20.719999313354492,20.114999771118164,20.31999969482422,19.316116333007812,1343600
2024-10-01,20.239999771118164,20.34000015258789,19.469999313354492,19.709999084472656,18.736249923706055,1352600
2024-10-02,19.75,20.079999923706055,19.6299991607666,19.709999084472656,18.736249923706055,874000
2024-10-03,19.40999984741211,19.540000915527344,19.15999984741211,19.229999542236328,18.279966354370117,1286700
2024-10-04,19.75,19.940000534057617,19.309999465942383,19.56999969482422,18.603168487548828,1992100
2024-10-07,19.850000381469727,20.290000915527344,19.649999618530273,20.06999969482422,19.07847023010254,1451400
2024-10-08,19.59000015258789,19.90999984741211,19.0,19.540000915527344,18.57465362548828,1361400
2024-10-09,19.59000015258789,20.1299991607666,19.4950008392334,19.65999984741211,18.688724517822266,1156400
2024-10-10,19.719999313354492,19.969999313354492,19.518999099731445,19.780000686645508,18.802799224853516,943800
2024-10-11,19.700000762939453,20.485000610351562,19.700000762939453,20.3799991607666,19.373151779174805,1438700
2024-10-14,20.229999542236328,20.270000457763672,19.709999084472656,19.959999084472656,18.973901748657227,1398800
2024-10-15,19.850000381469727,20.1200008392334,19.510000228881836,19.510000228881836,18.54613494873047,1803200
2024-10-16,19.850000381469727,20.290000915527344,19.6299991607666,19.860000610351562,18.878841400146484,1471200
2024-10-17,19.989999771118164,20.100000381469727,19.489999771118164,19.760000228881836,18.783782958984375,1308700
2024-10-18,19.989999771118164,20.020000457763672,19.56999969482422,19.649999618530273,18.679218292236328,1103000
2024-10-21,19.600000381469727,19.78499984741211,18.860000610351562,18.8700008392334,17.9377498626709,1702500
2024-10-22,18.899999618530273,18.969999313354492,18.5,18.690000534057617,17.766645431518555,1291500
2024-10-23,18.5,18.639999389648438,18.0,18.31999969482422,17.41492462158203,1199300
2024-10-24,18.479999542236328,18.649999618530273,18.030000686645508,18.600000381469727,17.681093215942383,1943400
2024-10-25,18.450000762939453,18.799999237060547,18.125,18.31999969482422,17.41492462158203,1536100
2024-10-28,18.399999618530273,18.760000228881836,18.290000915527344,18.479999542236328,17.567018508911133,1160600
2024-10-29,18.3700008392334,18.56999969482422,18.15999984741211,18.290000915527344,17.38640785217285,1261100
2024-10-30,18.219999313354492,18.700000762939453,18.15999984741211,18.309999465942383,17.405418395996094,1584000
2024-10-31,18.239999771118164,18.290000915527344,17.8799991607666,18.15999984741211,17.26283073425293,2440000
2024-11-01,18.219999313354492,18.295000076293945,17.639999389648438,17.81999969482422,16.939626693725586,1621200
2024-11-04,20.389999389648438,21.25,19.899999618530273,20.579999923706055,19.56327247619629,5529800
2024-11-05,20.139999389648438,20.454999923706055,19.700000762939453,19.8799991607666,18.897855758666992,2168300
2024-11-06,20.579999923706055,20.920000076293945,20.110000610351562,20.719999313354492,19.696353912353516,3020300
2024-11-07,20.8799991607666,20.920000076293945,20.309999465942383,20.450000762939453,19.439697265625,1584600
2024-11-08,20.25,20.25,19.489999771118164,19.790000915527344,18.812301635742188,1641500
2024-11-11,19.889999389648438,19.989999771118164,19.6200008392334,19.809999465942383,18.83131217956543,1117700
2024-11-12,19.5,19.729999542236328,19.040000915527344,19.299999237060547,18.346508026123047,1102000
2024-11-13,19.299999237060547,19.59000015258789,19.110000610351562,19.15999984741211,18.21342658996582,1083900
2024-11-14,19.219999313354492,19.43000030517578,18.81999969482422,19.31999969482422,18.365522384643555,1288600
2024-11-15,19.1299991607666,19.375,18.770000457763672,18.889999389648438,18.192169189453125,1889000
2024-11-18,19.020000457763672,19.15999984741211,18.790000915527344,19.049999237060547,18.346256256103516,1441800
2024-11-19,18.75,19.1299991607666,18.56999969482422,18.850000381469727,18.153648376464844,1037500
2024-11-20,18.860000610351562,19.350000381469727,18.69499969482422,19.25,18.538867950439453,1440300
2024-11-21,19.3700008392334,20.989999771118164,19.30500030517578,20.799999237060547,20.0316104888916,2740100
2024-11-22,20.940000534057617,21.610000610351562,20.940000534057617,21.530000686645508,20.734642028808594,1709000
2024-11-25,21.809999465942383,22.110000610351562,21.719999313354492,21.940000534057617,21.129497528076172,1518200
2024-11-26,21.690000534057617,21.93000030517578,21.309999465942383,21.920000076293945,21.11023712158203,1614600
2024-11-27,22.0,22.3799991607666,21.389999389648438,21.81999969482422,21.01392936706543,1168400
2024-11-29,21.920000076293945,22.149999618530273,21.6299991607666,21.739999771118164,20.936887741088867,708400
2024-12-02,21.68000030517578,21.760000228881836,21.1200008392334,21.649999618530273,20.850210189819336,1536500
2024-12-03,21.739999771118164,21.940000534057617,21.329999923706055,21.6299991607666,20.830947875976562,1203800
2024-12-04,21.670000076293945,21.68000030517578,21.049999237060547,21.280000686645508,20.493881225585938,1004900
2024-12-05,21.290000915527344,21.344999313354492,20.40999984741211,21.100000381469727,20.32052993774414,1797600
2024-12-06,21.360000610351562,21.559999465942383,20.760000228881836,21.0,20.22422218322754,1209000
2024-12-09,21.420000076293945,22.264999389648438,21.40999984741211,21.719999313354492,20.91762351989746,2702200
2024-12-10,22.239999771118164,22.239999771118164,20.950000762939453,21.170000076293945,20.387943267822266,2353200
2024-12-11,21.260000228881836,21.350000381469727,19.399999618530273,19.420000076293945,18.702590942382812,3290800
2024-12-12,19.399999618530273,19.540000915527344,18.6200008392334,19.399999618530273,18.68332862854004,3852300
2024-12-13,19.399999618530273,19.5,18.860000610351562,19.040000915527344,18.33662986755371,1100700
2024-12-16,18.93000030517578,19.309999465942383,18.6299991607666,18.760000228881836,18.066972732543945,1806900
2024-12-17,18.56999969482422,18.809999465942383,18.1299991607666,18.209999084472656,17.537290573120117,1468400
2024-12-18,18.290000915527344,18.59000015258789,17.290000915527344,17.360000610351562,16.718692779541016,1963200
2024-12-19,17.489999771118164,17.850000381469727,17.329999923706055,17.469999313354492,16.82462501525879,1949700
2024-12-20,17.290000915527344,17.96500015258789,17.229999542236328,17.719999313354492,17.065391540527344,4025800
2024-12-23,17.719999313354492,17.795000076293945,17.25,17.540000915527344,16.89204216003418,1120100
2024-12-24,17.540000915527344,17.68000030517578,17.290000915527344,17.540000915527344,16.89204216003418,661900
2024-12-26,17.399999618530273,17.670000076293945,17.309999465942383,17.329999923706055,16.689800262451172,1161800
2024-12-27,17.309999465942383,17.65999984741211,16.989999771118164,17.010000228881836,16.381622314453125,1348800
2024-12-30,17.010000228881836,17.010000228881836,16.459999084472656,16.81999969482422,16.198640823364258,1261800
2024-12-31,16.93000030517578,17.170000076293945,16.76300048828125,16.899999618530273,16.27568244934082,1259800
2025-01-02,16.93000030517578,17.350000381469727,16.6200008392334,16.709999084472656,16.092700958251953,1260300
2025-01-03,16.709999084472656,16.809999465942383,16.334999084472656,16.690000534057617,16.073444366455078,1513000
2025-01-06,16.950000762939453,17.329999923706055,16.760000228881836,16.93000030517578,16.304576873779297,1236600
2025-01-07,17.440000534057617,18.90999984741211,17.350000381469727,18.760000228881836,18.066972732543945,3290100
2025-01-08,18.489999771118164,18.510000228881836,17.540000915527344,17.899999618530273,17.238740921020508,1677400
2025-01-10,17.5,17.899999618530273,17.395000457763672,17.639999389648438,16.988346099853516,2132700
2025-01-13,17.65999984741211,18.530000686645508,17.65999984741211,18.3799991607666,17.701007843017578,1769900
2025-01-14,18.540000915527344,18.729999542236328,18.31999969482422,18.6299991607666,17.9417724609375,1491400
2025-01-15,19.25,19.43000030517578,18.690000534057617,18.790000915527344,18.09586524963379,1070200
2025-01-16,18.760000228881836,19.190000534057617,18.600000381469727,19.09000015258789,18.384780883789062,892900
2025-01-17,19.239999771118164,19.534000396728516,19.1299991607666,19.399999618530273,18.68332862854004,1414600
2025-01-21,19.639999389648438,20.1200008392334,19.5,19.90999984741211,19.174488067626953,2116000
2025-01-22,19.8799991607666,20.05500030517578,19.709999084472656,19.799999237060547,19.068552017211914,1102000
2025-01-23,19.700000762939453,20.030000686645508,19.559999465942383,19.989999771118164,19.25153350830078,1218000
2025-01-24,20.049999237060547,20.06999969482422,19.639999389648438,19.670000076293945,18.943355560302734,1469000
2025-01-27,19.709999084472656,19.71500015258789,18.780000686645508,19.100000381469727,18.394412994384766,1739200
2025-01-28,19.690000534057617,19.75,18.739999771118164,18.760000228881836,18.066972732543945,1764500
2025-01-29,18.729999542236328,19.059999465942383,18.56100082397461,18.950000762939453,18.249954223632812,1458500
2025-01-30,18.969999313354492,19.360000610351562,18.790000915527344,19.350000381469727,18.635177612304688,1548500
2025-01-31,19.260000228881836,19.43000030517578,18.850000381469727,18.989999771118164,18.288475036621094,2448500
2025-02-03,18.329999923706055,18.540000915527344,17.670000076293945,18.040000915527344,17.373571395874023,1702500
2025-02-04,18.110000610351562,18.889999389648438,18.05500030517578,18.719999313354492,18.0284481048584,1181200
2025-02-05,18.5,18.75,18.309999465942383,18.639999389648438,17.951404571533203,1314300
2025-02-06,18.799999237060547,19.059999465942383,18.4950008392334,18.690000534057617,17.99955940246582,923600
2025-02-07,18.690000534057617,18.690000534057617,17.985000610351562,18.260000228881836,17.5854434967041,1225500
2025-02-10,18.469999313354492,18.469999313354492,17.934999465942383,17.969999313354492,17.306156158447266,1072900
2025-02-11,17.920000076293945,18.260000228881836,17.8799991607666,18.200000762939453,17.527660369873047,2337100
2025-02-12,17.895000457763672,18.010000228881836,17.1299991607666,17.530000686645508,16.882410049438477,2659900
2025-02-13,17.540000915527344,17.81999969482422,17.260000228881836,17.790000915527344,17.1328067779541,1877700
2025-02-14,17.940000534057617,18.030000686645508,16.75,16.829999923706055,16.208269119262695,4120400
2025-02-18,17.440000534057617,17.709999084472656,16.440000534057617,17.479999542236328,16.834257125854492,2760800
2025-02-19,16.719999313354492,17.31999969482422,16.719999313354492,17.15999984741211,16.526079177856445,2290900
2025-02-20,17.299999237060547,17.790000915527344,17.190000534057617,17.479999542236328,16.834257125854492,1576600
2025-02-21,17.75,17.790000915527344,16.739999771118164,16.760000228881836,16.14085578918457,2028100
2025-02-24,16.709999084472656,16.739999771118164,16.149999618530273,16.149999618530273,15.553390502929688,2344800
2025-02-25,15.90999984741211,16.315000534057617,14.9399995803833,15.800000190734863,15.216320037841797,3608700
2025-02-26,16.0,16.190000534057617,15.5600004196167,16.0,15.408931732177734,2410800
2025-02-27,16.040000915527344,16.238000869750977,15.170000076293945,15.199999809265137,14.6384859085083,2003700
2025-02-28,14.859999656677246,15.100000381469727,14.649999618530273,14.949999809265137,14.638484954833984,2502600
2025-03-03,14.84000015258789,15.109999656677246,13.765000343322754,13.859999656677246,13.571197509765625,2855100
2025-03-04,13.619999885559082,13.791000366210938,13.305000305175781,13.40999984741211,13.130574226379395,2687700
2025-03-05,13.449999809265137,14.229999542236328,13.449999809265137,14.100000381469727,13.806197166442871,2419800
2025-03-06,13.960000038146973,14.260000228881836,13.710000038146973,13.989999771118164,13.69848918914795,2328100
2025-03-07,13.84000015258789,14.199999809265137,13.720000267028809,14.119999885559082,13.825779914855957,3954300
2025-03-10,14.0,14.539999961853027,13.34000015258789,13.449999809265137,13.169739723205566,4702900
2025-03-11,13.460000038146973,13.9350004196167,13.09000015258789,13.65999984741211,13.375365257263184,3278100
2025-03-12,13.829999923706055,14.140000343322754,13.579999923706055,13.960000038146973,13.669114112854004,3834600
2025-03-13,13.899999618530273,14.255000114440918,13.34000015258789,13.699999809265137,13.414531707763672,2580600
2025-03-14,14.170000076293945,14.65999984741211,13.960000038146973,14.399999618530273,14.099945068359375,3375000
2025-03-17,14.460000038146973,14.880000114440918,14.404999732971191,14.600000381469727,14.295778274536133,2666200
2025-03-18,14.65999984741211,15.0,14.470000267028809,14.630000114440918,14.325153350830078,2936800
2025-03-19,14.619999885559082,14.880000114440918,14.510000228881836,14.760000228881836,14.452444076538086,2286500
2025-03-20,14.5600004196167,14.84000015258789,14.229999542236328,14.670000076293945,14.36431884765625,2392200
2025-03-21,14.279999732971191,14.399999618530273,13.710000038146973,14.100000381469727,13.806197166442871,28509900
2025-03-24,14.3100004196167,14.720000267028809,14.220000267028809,14.449999809265137,14.148903846740723,2876700
2025-03-25,14.470000267028809,14.59000015258789,14.09000015258789,14.149999618530273,13.855154991149902,1793400
2025-03-26,14.15999984741211,14.40999984741211,13.694999694824219,13.829999923706055,13.54182243347168,1801900
2025-03-27,14.109999656677246,14.300000190734863,13.8100004196167,14.289999961853027,13.992237091064453,2437000
2025-03-28,14.199999809265137,14.274999618530273,13.420000076293945,13.720000267028809,13.434115409851074,2347600
2025-03-31,13.449999809265137,13.75,13.279999732971191,13.529999732971191,13.24807357788086,2043100
2025-04-01,13.25,13.380000114440918,12.725000381469727,12.960000038146973,12.689950942993164,3445800
2025-04-02,12.65999984741211,13.229999542236328,12.649999618530273,13.0600004196167,12.787867546081543,4556100
2025-04-03,12.390000343322754,12.4399995803833,11.343000411987305,11.420000076293945,11.182040214538574,4753900
2025-04-04,11.0,11.0,10.119999885559082,10.619999885559082,10.398709297180176,5121500
2025-04-07,10.199999809265137,11.229999542236328,9.640000343322754,10.529999732971191,10.310585021972656,4520100
2025-04-08,11.260000228881836,11.39799976348877,9.470000267028809,9.579999923706055,9.380380630493164,4407600
2025-04-09,9.399999618530273,12.104999542236328,9.329999923706055,11.880000114440918,11.632454872131348,3984800
2025-04-10,11.300000190734863,11.324999809265137,10.369999885559082,10.8100004196167,10.58475112915039,3055700
2025-04-11,10.789999961853027,11.350000381469727,10.449999809265137,11.279999732971191,11.044957160949707,2252000
2025-04-14,11.619999885559082,11.699999809265137,11.220000267028809,11.520000457763672,11.279956817626953,2129500
2025-04-15,11.420000076293945,11.576000213623047,11.100000381469727,11.109999656677246,10.878499984741211,1744900
2025-04-16,10.970000267028809,11.239999771118164,10.734999656677246,11.020000457763672,10.790375709533691,2390600
2025-04-17,11.119999885559082,11.449999809265137,11.050000190734863,11.359999656677246,11.123290061950684,1640400
2025-04-21,11.039999961853027,11.34000015258789,10.970000267028809,11.319999694824219,11.084123611450195,2258000
2025-04-22,11.640000343322754,12.289999961853027,11.5600004196167,12.0600004196167,11.808704376220703,4113500
2025-04-23,12.680000305175781,12.859999656677246,11.680000305175781,11.829999923706055,11.583497047424316,2231900
2025-04-24,11.989999771118164,12.4399995803833,11.770000457763672,12.4399995803833,12.180785179138184,2197300
2025-04-25,12.25,12.449999809265137,12.149999618530273,12.369999885559082,12.11224365234375,1658300
2025-04-28,12.399999618530273,12.729999542236328,12.140000343322754,12.34000015258789,12.082869529724121,1971100
2025-04-29,12.319999694824219,12.595000267028809,12.135000228881836,12.489999771118164,12.229743957519531,2476000
2025-04-30,12.130000114440918,12.385000228881836,11.970000267028809,12.380000114440918,12.122036933898926,2444400
2025-05-01,12.470000267028809,12.604999542236328,12.154999732971191,12.199999809265137,11.94578742980957,2307300
2025-05-02,12.489999771118164,12.704999923706055,12.21500015258789,12.5,12.23953628540039,1886600
2025-05-05,12.319999694824219,12.375,12.020000457763672,12.100000381469727,11.847871780395508,2335300
2025-05-06,11.989999771118164,12.199999809265137,11.859999656677246,12.100000381469727,11.847871780395508,3777700
2025-05-07,10.319999694824219,11.5,10.319999694824219,10.899999618530273,10.672874450683594,7950300
2025-05-08,11.180000305175781,11.489999771118164,11.0600004196167,11.239999771118164,11.005790710449219,5541900
2025-05-09,11.40999984741211,11.484999656677246,11.0,11.0600004196167,10.82954216003418,7193500
2025-05-12,11.680000305175781,12.149999618530273,11.680000305175781,11.989999771118164,11.740161895751953,6168600
2025-05-13,12.050000190734863,12.050000190734863,11.59000015258789,11.779999732971191,11.534538269042969,4403500
2025-05-14,11.630000114440918,11.75,11.229999542236328,11.420000076293945,11.182040214538574,4113800
2025-05-15,11.220000267028809,11.305000305175781,10.989999771118164,11.039999961853027,10.809958457946777,3895400
2025-05-16,10.970000267028809,11.180000305175781,10.789999961853027,11.170000076293945,11.025130271911621,3510400
2025-05-19,11.0,11.295000076293945,10.8100004196167,11.180000305175781,11.035000801086426,5778300
2025-05-20,11.229999542236328,11.279999732971191,11.0600004196167,11.170000076293945,11.025130271911621,2731700
2025-05-21,11.020000457763672,11.109999656677246,10.524999618530273,10.539999961853027,10.403301239013672,3173900
2025-05-22,10.460000038146973,10.984999656677246,10.430000305175781,10.850000381469727,10.709280967712402,4349000
2025-05-23,10.520000457763672,10.65999984741211,10.28499984741211,10.300000190734863,10.166414260864258,2997500
2025-05-27,10.510000228881836,10.635000228881836,10.430000305175781,10.619999885559082,10.482263565063477,3776400
2025-05-28,10.569999694824219,10.609999656677246,10.0,10.010000228881836,9.880175590515137,3932900
2025-05-29,10.300000190734863,10.300000190734863,9.925000190734863,10.109999656677246,9.978878021240234,4521400
2025-05-30,10.010000228881836,10.354999542236328,9.920000076293945,10.130000114440918,9.998619079589844,5382400
2025-06-02,10.1899995803833,10.225000381469727,9.130000114440918,9.399999618530273,9.278085708618164,6644000
2025-06-03,9.399999618530273,10.029999732971191,9.199999809265137,9.930000305175781,9.801213264465332,5328600
2025-06-04,9.989999771118164,10.15999984741211,9.9399995803833,10.069999694824219,9.939396858215332,3041400
2025-06-05,10.420000076293945,10.994999885559082,10.199999809265137,10.65999984741211,10.521744728088379,5534500
2025-06-06,10.9399995803833,11.359999656677246,10.770000457763672,11.119999885559082,10.975778579711914,4103500
2025-06-09,11.350000381469727,11.5,11.130000114440918,11.279999732971191,11.133703231811523,3288000
2025-06-10,11.40999984741211,11.875,11.194999694824219,11.65999984741211,11.508774757385254,3847400
2025-06-11,11.819999694824219,12.039999961853027,11.619999885559082,11.869999885559082,11.716052055358887,3743800
2025-06-12,11.609999656677246,11.699999809265137,11.319999694824219,11.470000267028809,11.321239471435547,2358200
2025-06-13,11.1899995803833,11.479999542236328,10.829999923706055,10.979999542236328,10.837594032287598,2965600
2025-06-16,11.300000190734863,11.359999656677246,10.890000343322754,10.9399995803833,10.798112869262695,2947300
2025-06-17,10.779999732971191,10.970000267028809,10.65999984741211,10.739999771118164,10.600707054138184,2757700
2025-06-18,10.489999771118164,11.739999771118164,10.4399995803833,11.0,10.857335090637207,6346200
2025-06-20,11.130000114440918,11.14900016784668,10.635000228881836,10.729999542236328,10.590836524963379,3297800
2025-06-23,10.510000228881836,10.6899995803833,10.140000343322754,10.600000381469727,10.462523460388184,3363900
2025-06-24,10.90999984741211,11.170000076293945,10.710000038146973,11.149999618530273,11.005390167236328,4153000
2025-06-25,11.149999618530273,11.529999732971191,10.979999542236328,11.399999618530273,11.252147674560547,3581200
2025-06-26,11.670000076293945,12.010000228881836,11.600000381469727,11.680000305175781,11.52851676940918,3706200
2025-06-27,11.770000457763672,11.9350004196167,11.470000267028809,11.720000267028809,11.567996978759766,24810200
2025-06-30,11.699999809265137,11.739999771118164,11.289999961853027,11.449999809265137,11.301499366760254,4116300
2025-07-01,11.539999961853027,12.539999961853027,11.399999618530273,12.350000381469727,12.189826965332031,6286900
2025-07-02,12.569999694824219,12.854999542236328,12.32800006866455,12.729999542236328,12.564897537231445,4413000
2025-07-03,13.020000457763672,13.156000137329102,12.694999694824219,12.930000305175781,12.76230525970459,3221000
2025-07-07,12.720000267028809,12.970000267028809,12.333000183105469,12.420000076293945,12.258918762207031,4511800
2025-07-08,13.09000015258789,13.899999618530273,12.949999809265137,13.630000114440918,13.453225135803223,8451200
2025-07-09,13.779999732971191,14.029999732971191,13.329999923706055,13.770000457763672,13.591409683227539,4331000
2025-07-10,13.75,14.789999961853027,13.744999885559082,14.050000190734863,13.867778778076172,4853600
2025-07-11,13.760000228881836,13.90999984741211,13.475000381469727,13.819999694824219,13.64076042175293,3897700
2025-07-14,13.649999618530273,13.680000305175781,13.270000457763672,13.489999771118164,13.315040588378906,2977500
2025-07-15,13.729999542236328,13.800000190734863,13.130000114440918,13.170000076293945,12.999192237854004,2829000
2025-07-16,13.180000305175781,13.3100004196167,12.704999923706055,13.25,13.078153610229492,3139200
2025-07-17,13.260000228881836,13.770000457763672,13.199999809265137,13.670000076293945,13.492706298828125,2714100
2025-07-18,13.819999694824219,13.869999885559082,13.489999771118164,13.5600004196167,13.384134292602539,2985600
2025-07-21,13.699999809265137,13.970000267028809,13.515000343322754,13.569999694824219,13.394003868103027,2717500
2025-07-22,13.609999656677246,14.239999771118164,13.479999542236328,13.90999984741211,13.729594230651855,4118400
2025-07-23,14.3100004196167,14.649999618530273,13.970000267028809,14.619999885559082,14.43038558959961,4804900
2025-07-24,14.390000343322754,14.539999961853027,13.789999961853027,14.0,13.818427085876465,4104100
2025-07-25,13.979999542236328,14.239999771118164,13.630000114440918,14.170000076293945,13.986221313476562,2802100
2025-07-28,14.170000076293945,14.180000305175781,13.569999694824219,13.880000114440918,13.699982643127441,2914900
2025-07-29,13.9399995803833,14.069999694824219,13.520000457763672,13.59000015258789,13.41374397277832,2550100
2025-07-30,13.5,13.539999961853027,12.390000343322754,12.550000190734863,12.387232780456543,4272300
2025-07-31,12.109999656677246,12.380000114440918,11.739999771118164,11.979999542236328,11.824625015258789,6197200
2025-08-01,11.579999923706055,11.710000038146973,11.239999771118164,11.5,11.350851058959961,4055500
2025-08-04,11.779999732971191,12.604999542236328,11.779999732971191,12.210000038146973,12.051642417907715,6647100
2025-08-05,12.289999961853027,12.727999687194824,12.204999923706055,12.630000114440918,12.466195106506348,4221600
2025-08-06,13.220000267028809,13.329999923706055,11.515000343322754,12.0,11.844366073608398,8060700
2025-08-07,12.279999732971191,12.583999633789062,11.989999771118164,12.180000305175781,12.022031784057617,3594400
2025-08-08,12.140000343322754,12.3100004196167,11.710000038146973,12.1899995803833,12.031901359558105,4330300
2025-08-11,12.300000190734863,12.5,11.539999961853027,11.680000305175781,11.52851676940918,4285900
2025-08-12,11.800000190734863,12.5,11.675000190734863,12.420000076293945,12.258918762207031,2768500
2025-08-13,13.0,14.725000381469727,12.859999656677246,14.649999618530273,14.459996223449707,9168600
2025-08-14,14.265000343322754,15.295000076293945,14.100000381469727,15.069999694824219,14.87454891204834,6262800
2025-08-15,15.119999885559082,15.279999732971191,14.414999961853027,14.619999885559082,14.515145301818848,4347200
2025-08-18,14.6899995803833,15.16100025177002,14.619999885559082,14.949999809265137,14.842778205871582,3946100
2025-08-19,15.09000015258789,15.375,14.880000114440918,15.029999732971191,14.922204971313477,2651000
2025-08-20,14.819999694824219,15.010000228881836,14.329999923706055,14.34000015258789,14.237154006958008,3478900
2025-08-21,14.050000190734863,14.350000381469727,13.949999809265137,14.149999618530273,14.048516273498535,2535300
2025-08-22,14.149999618530273,15.539999961853027,14.100000381469727,15.369999885559082,15.259766578674316,4287200
2025-08-25,15.25,15.369999885559082,15.069999694824219,15.210000038146973,15.100914001464844,3086200
2025-08-26,15.180000305175781,15.329999923706055,15.03499984741211,15.1899995803833,15.08105754852295,2038800
2025-08-27,15.010000228881836,15.350000381469727,15.010000228881836,15.229999542236328,15.120770454406738,1785900
2025-08-28,15.34000015258789,15.359999656677246,14.890000343322754,15.069999694824219,14.961917877197266,1788100
2025-08-29,15.079999923706055,15.430000305175781,15.069999694824219,15.399999618530273,15.28955078125,2897800
2025-09-02,14.90999984741211,15.335000038146973,14.619999885559082,15.319999694824219,15.210124969482422,3565900
2025-09-03,15.149999618530273,15.402000427246094,14.829000473022461,14.979999542236328,14.872563362121582,2455900
2025-09-04,14.970000267028809,15.140000343322754,14.649999618530273,15.09000015258789,14.981775283813477,2922000
2025-09-05,15.239999771118164,16.389999389648438,15.210000038146973,15.65999984741211,15.547686576843262,4309000
2025-09-08,15.859999656677246,16.280000686645508,15.59000015258789,16.25,16.133455276489258,3265700
2025-09-09,16.270000457763672,16.774999618530273,15.951000213623047,16.670000076293945,16.550443649291992,4123200
2025-09-10,16.530000686645508,17.030000686645508,16.209999084472656,16.280000686645508,16.163240432739258,3390600
2025-09-11,16.34000015258789,16.959999084472656,16.30500030517578,16.760000228881836,16.63979721069336,2300400
2025-09-12,16.700000762939453,16.864999771118164,16.260000228881836,16.75,16.62986946105957,1986900
2025-09-15,16.93000030517578,17.760000228881836,16.850000381469727,17.260000228881836,17.136211395263672,4987000
2025-09-16,17.34000015258789,17.459999084472656,16.950000762939453,17.079999923706055,16.957502365112305,2852000
2025-09-17,17.219999313354492,18.09000015258789,16.829999923706055,17.170000076293945,17.046857833862305,3516800
2025-09-18,17.3799991607666,17.65999984741211,17.110000610351562,17.530000686645508,17.40427589416504,3117500
2025-09-19,17.510000228881836,17.562999725341797,16.975000381469727,17.010000228881836,16.888004302978516,3913200
2025-09-22,16.989999771118164,17.270000457763672,16.610000610351562,17.020000457763672,16.897933959960938,2550000
2025-09-23,17.209999084472656,17.479999542236328,16.440000534057617,16.489999771118164,16.371734619140625,2764200
2025-09-24,16.479999542236328,16.850000381469727,16.229999542236328,16.360000610351562,16.242666244506836,2442100
2025-09-25,16.020000457763672,16.155000686645508,15.3100004196167,15.329999923706055,15.220053672790527,2533200
2025-09-26,15.289999961853027,15.899999618530273,15.25,15.65999984741211,15.547686576843262,2586600
2025-09-29,15.819999694824219,15.890000343322754,15.34000015258789,15.600000381469727,15.488117218017578,2759000
2025-09-30,15.699999809265137,15.84000015258789,15.385000228881836,15.84000015258789,15.726395606994629,3451300
2025-10-01,15.710000038146973,16.170000076293945,15.538000106811523,15.90999984741211,15.795893669128418,2491600
2025-10-02,16.350000381469727,16.815000534057617,16.15999984741211,16.34000015258789,16.222810745239258,3190700
2025-10-03,16.40999984741211,16.489999771118164,15.9350004196167,16.1299991607666,16.014314651489258,2169900
2025-10-06,16.399999618530273,16.40999984741211,15.694999694824219,15.800000190734863,15.68668270111084,2408800
2025-10-07,15.970000267028809,16.0,14.859999656677246,15.09000015258789,14.981775283813477,2509200
2025-10-08,15.229999542236328,15.229999542236328,14.930000305175781,15.039999961853027,14.932133674621582,2493000
2025-10-09,15.039999961853027,15.039999961853027,13.725000381469727,13.739999771118164,13.641456604003906,4201200
2025-10-10,13.550000190734863,13.84000015258789,12.520000457763672,12.550000190734863,12.459991455078125,4472700
2025-10-13,13.015000343322754,13.630000114440918,12.920000076293945,13.4399995803833,13.343607902526855,3927500
2025-10-14,13.210000038146973,13.914999961853027,12.949999809265137,13.760000228881836,13.661314010620117,3708000
2025-10-15,14.199999809265137,14.739999771118164,14.069999694824219,14.420000076293945,14.316579818725586,3346400
2025-10-16,14.289999961853027,14.5600004196167,13.5600004196167,13.760000228881836,13.661314010620117,2648800
2025-10-17,13.609999656677246,13.75,12.6899995803833,12.899999618530273,12.807480812072754,4153600
2025-10-20,13.100000381469727,13.399999618530273,12.949999809265137,13.3100004196167,13.2145414352417,2394700
2025-10-21,13.25,13.815999984741211,13.25,13.359999656677246,13.264182090759277,2176500
2025-10-22,13.289999961853027,13.609999656677246,13.289999961853027,13.520000457763672,13.423035621643066,2417700
2025-10-23,13.90999984741211,14.305000305175781,13.699999809265137,13.880000114440918,13.780452728271484,2599100
2025-10-24,14.119999885559082,14.229999542236328,13.930000305175781,14.050000190734863,13.949234008789062,1875000
2025-10-27,14.270000457763672,14.270000457763672,13.640000343322754,14.0,13.899592399597168,2089300
2025-10-28,13.869999885559082,14.109999656677246,13.59000015258789,13.850000381469727,13.7506685256958,1702800
2025-10-29,13.789999961853027,14.279999732971191,13.579999923706055,13.760000228881836,13.661314010620117,2225100
2025-10-30,13.449999809265137,13.574999809265137,12.970000267028809,13.119999885559082,13.025903701782227,2113700
2025-10-31,13.0600004196167,13.489999771118164,12.960000038146973,13.390000343322754,13.293967247009277,2375400
2025-11-03,13.199999809265137,13.33899974822998,12.53499984741211,12.680000305175781,12.589059829711914,2966700
2025-11-04,12.289999961853027,12.510000228881836,12.09000015258789,12.210000038146973,12.122429847717285,3304500
2025-11-05,12.3100004196167,12.4350004196167,12.039999961853027,12.050000190734863,11.963577270507812,4558700
2025-11-06,12.100000381469727,12.399999618530273,11.729999542236328,11.739999771118164,11.655800819396973,3958100
2025-11-07,11.380000114440918,12.600000381469727,10.569999694824219,12.510000228881836,12.420278549194336,9955900
2025-11-10,12.619999885559082,13.149999618530273,12.1899995803833,12.75,12.658556938171387,3577000
2025-11-11,12.75,12.869999885559082,12.380000114440918,12.649999618530273,12.559273719787598,2179300
2025-11-12,12.75,13.03499984741211,12.369999885559082,12.609999656677246,12.519560813903809,2694400
2025-11-13,12.630000114440918,12.729999542236328,12.255000114440918,12.270000457763672,12.182000160217285,2566800
2025-11-14,11.920000076293945,12.010000228881836,11.65999984741211,11.890000343322754,11.890000343322754,2916000
2025-11-17,11.8100004196167,11.859999656677246,11.180000305175781,11.25,11.25,2747700
2025-11-18,11.109999656677246,11.289999961853027,10.920000076293945,10.930000305175781,10.930000305175781,2649500
2025-11-19,10.979999542236328,11.149999618530273,10.699999809265137,10.699999809265137,10.699999809265137,3028500
2025-11-20,10.890000343322754,11.170000076293945,10.4399995803833,10.479999542236328,10.479999542236328,2483600
2025-11-21,10.510000228881836,11.380000114440918,10.510000228881836,11.050000190734863,11.050000190734863,3029800
2025-11-24,11.149999618530273,11.664999961853027,11.0,11.5,11.5,3393300
2025-11-25,11.6899995803833,12.460000038146973,11.5600004196167,12.319999694824219,12.319999694824219,2905100
2025-11-26,12.329999923706055,12.630000114440918,12.1899995803833,12.470000267028809,12.470000267028809,2423300
2025-11-28,12.539999961853027,12.789999961853027,12.449999809265137,12.789999961853027,12.789999961853027,1453400
2025-12-01,12.609999656677246,13.109999656677246,12.510000228881836,12.84000015258789,12.84000015258789,2818100
2025-12-02,12.930000305175781,12.960000038146973,12.479999542236328,12.770000457763672,12.770000457763672,1963400
2025-12-03,12.710000038146973,12.989999771118164,12.621999740600586,12.960000038146973,12.960000038146973,1402200
2025-12-04,12.949999809265137,13.0600004196167,12.454999923706055,12.539999961853027,12.539999961853027,2210400
2025-12-05,12.539999961853027,13.380000114440918,12.5,12.699999809265137,12.699999809265137,2383000
2025-12-08,12.720000267028809,12.890000343322754,12.09000015258789,12.199999809265137,12.199999809265137,2251300
2025-12-09,12.279999732971191,13.130000114440918,12.25,12.399999618530273,12.399999618530273,2853400
2025-12-10,12.4399995803833,13.234999656677246,12.300000190734863,13.0600004196167,13.0600004196167,3240700
2025-12-11,13.029999732971191,13.418999671936035,13.020000457763672,13.149999618530273,13.149999618530273,1611800
2025-12-12,13.199999809265137,13.399999618530273,12.880000114440918,12.949999809265137,12.949999809265137,1377700
2025-12-15,13.079999923706055,13.079999923706055,11.765000343322754,11.779999732971191,11.779999732971191,3454300
2025-12-16,11.789999961853027,11.949999809265137,11.550000190734863,11.6899995803833,11.6899995803833,2030400
2025-12-17,11.720000267028809,12.050000190734863,11.5600004196167,11.609999656677246,11.609999656677246,2428300
2025-12-18,11.680000305175781,12.050000190734863,11.647000312805176,11.869999885559082,11.869999885559082,2054600
2025-12-19,11.8100004196167,12.130000114440918,11.770000457763672,11.819999694824219,11.819999694824219,3331300
2025-12-22,11.890000343322754,12.395000457763672,11.850000381469727,12.0,12.0,1727800
2025-12-23,11.960000038146973,11.970000267028809,11.675000190734863,11.739999771118164,11.739999771118164,2024800
2025-12-24,11.720000267028809,12.020000457763672,11.6899995803833,12.0,12.0,726700
2025-12-26,11.989999771118164,12.109999656677246,11.829999923706055,12.09000015258789,12.09000015258789,1741700
2025-12-29,11.899999618530273,12.0,11.729999542236328,11.960000038146973,11.960000038146973,1789600
2025-12-30,11.9399995803833,12.055000305175781,11.8100004196167,11.819999694824219,11.819999694824219,1321600
