date,open,high,low,close,adj_close,volume,"('date', '')","('open', 'RBTK')","('high', 'RBTK')","('low', 'RBTK')","('close', 'RBTK')","('adj_close', 'RBTK')","('volume', 'RBTK')","('currency', '')"
2020-01-02,2.5,2.5,2.5,2.5,2.5,0,,,,,,,,
2020-01-03,2.5,2.5,2.5,2.5,2.5,0,,,,,,,,
2020-01-06,2.5,2.5,2.5,2.5,2.5,0,,,,,,,,
2020-01-07,2.5,2.5,2.5,2.5,2.5,0,,,,,,,,
2020-01-08,2.5,2.5,2.5,2.5,2.5,0,,,,,,,,
2020-01-09,2.5,2.5,2.5,2.5,2.5,0,,,,,,,,
2020-01-10,2.5,2.5,2.5,2.5,2.5,0,,,,,,,,
2020-01-13,2.5,2.5,2.5,2.5,2.5,0,,,,,,,,
2020-01-14,2.5,2.5,2.5,2.5,2.5,0,,,,,,,,
2020-01-15,2.5,2.5,2.5,2.5,2.5,0,,,,,,,,
2020-01-16,2.5,2.5,2.5,2.5,2.5,0,,,,,,,,
2020-01-17,2.5,2.5,2.5,2.5,2.5,0,,,,,,,,
2020-01-21,2.5,2.5,2.5,2.5,2.5,0,,,,,,,,
2020-01-22,2.5,2.5,2.5,2.5,2.5,0,,,,,,,,
2020-01-23,2.5,2.5,2.5,2.5,2.5,0,,,,,,,,
2020-01-24,2.5,2.5,2.5,2.5,2.5,0,,,,,,,,
2020-01-27,2.5,2.5,2.5,2.5,2.5,0,,,,,,,,
2020-01-28,2.5,2.5,2.5,2.5,2.5,0,,,,,,,,
2020-01-29,2.5,2.5,2.5,2.5,2.5,0,,,,,,,,
2020-01-30,2.5,2.5,2.5,2.5,2.5,0,,,,,,,,
2020-01-31,2.5,2.5,2.5,2.5,2.5,0,,,,,,,,
2020-02-03,2.5,2.5,2.5,2.5,2.5,0,,,,,,,,
2020-02-04,2.5,2.5,2.5,2.5,2.5,0,,,,,,,,
2020-02-05,2.5,2.5,2.5,2.5,2.5,0,,,,,,,,
2020-02-06,2.5,2.5,2.5,2.5,2.5,0,,,,,,,,
2020-02-07,2.5,2.5,2.5,2.5,2.5,0,,,,,,,,
2020-02-10,2.5,2.5,2.5,2.5,2.5,0,,,,,,,,
2020-02-11,2.5,2.5,2.5,2.5,2.5,0,,,,,,,,
2020-02-12,2.5,2.5,2.5,2.5,2.5,0,,,,,,,,
2020-02-13,2.5,2.5,2.5,2.5,2.5,0,,,,,,,,
2020-02-14,2.5,2.5,2.5,2.5,2.5,0,,,,,,,,
2020-02-18,2.5,2.5,2.5,2.5,2.5,0,,,,,,,,
2020-02-19,2.5,2.5,2.5,2.5,2.5,0,,,,,,,,
2020-02-20,2.5,2.5,2.5,2.5,2.5,0,,,,,,,,
2020-02-21,2.5,2.5,2.5,2.5,2.5,0,,,,,,,,
2020-02-24,2.5,2.5,2.5,2.5,2.5,0,,,,,,,,
2020-02-25,2.5,2.5,2.5,2.5,2.5,0,,,,,,,,
2020-02-26,2.5,2.5,2.5,2.5,2.5,0,,,,,,,,
2020-02-27,2.5,2.5,2.5,2.5,2.5,0,,,,,,,,
2020-02-28,2.5,2.5,2.5,2.5,2.5,0,,,,,,,,
2020-03-02,2.5,2.5,2.5,2.5,2.5,0,,,,,,,,
2020-03-03,2.5,2.5,2.5,2.5,2.5,0,,,,,,,,
2020-03-04,2.5,2.5,2.5,2.5,2.5,0,,,,,,,,
2020-03-05,2.5,2.5,2.5,2.5,2.5,0,,,,,,,,
2020-03-06,2.5,2.5,2.5,2.5,2.5,0,,,,,,,,
2020-03-09,2.5,2.5,2.5,2.5,2.5,0,,,,,,,,
2020-03-10,2.5,2.5,2.5,2.5,2.5,0,,,,,,,,
2020-03-11,2.5,2.5,2.5,2.5,2.5,0,,,,,,,,
2020-03-12,2.5,2.5,2.5,2.5,2.5,0,,,,,,,,
2020-03-13,2.5,2.5,2.5,2.5,2.5,0,,,,,,,,
2020-03-16,2.5,2.5,2.5,2.5,2.5,0,,,,,,,,
2020-03-17,2.5,2.5,2.5,2.5,2.5,0,,,,,,,,
2020-03-18,2.5,2.5,2.5,2.5,2.5,0,,,,,,,,
2020-03-19,2.5,2.5,2.5,2.5,2.5,0,,,,,,,,
2020-03-20,2.5,2.5,2.5,2.5,2.5,0,,,,,,,,
2020-03-23,2.5,2.5,2.5,2.5,2.5,0,,,,,,,,
2020-03-24,2.5,2.5,2.5,2.5,2.5,0,,,,,,,,
2020-03-25,2.5,2.5,2.5,2.5,2.5,0,,,,,,,,
2020-03-26,2.5,2.5,2.5,2.5,2.5,0,,,,,,,,
2020-03-27,2.5,2.5,2.5,2.5,2.5,0,,,,,,,,
2020-03-30,2.5,2.5,2.5,2.5,2.5,0,,,,,,,,
2020-03-31,2.5,2.5,2.5,2.5,2.5,0,,,,,,,,
2020-04-01,2.5,2.5,2.5,2.5,2.5,0,,,,,,,,
2020-04-02,2.5,2.5,2.5,2.5,2.5,0,,,,,,,,
2020-04-03,2.5,2.5,2.5,2.5,2.5,0,,,,,,,,
2020-04-06,2.5,2.5,2.5,2.5,2.5,0,,,,,,,,
2020-04-07,2.5,2.5,2.5,2.5,2.5,0,,,,,,,,
2020-04-08,2.5,2.5,2.5,2.5,2.5,0,,,,,,,,
2020-04-09,2.5,2.5,2.5,2.5,2.5,0,,,,,,,,
2020-04-13,2.5,2.5,2.5,2.5,2.5,0,,,,,,,,
2020-04-14,2.5,2.5,2.5,2.5,2.5,0,,,,,,,,
2020-04-15,2.5,2.5,2.5,2.5,2.5,0,,,,,,,,
2020-04-16,2.5,2.5,2.5,2.5,2.5,0,,,,,,,,
2020-04-17,2.5,2.5,2.5,2.5,2.5,0,,,,,,,,
2020-04-20,2.5,2.5,2.5,2.5,2.5,0,,,,,,,,
2020-04-21,2.5,2.5,2.5,2.5,2.5,0,,,,,,,,
2020-04-22,2.5,2.5,2.5,2.5,2.5,0,,,,,,,,
2020-04-23,2.5,2.5,2.5,2.5,2.5,0,,,,,,,,
2020-04-24,2.5,2.5,2.5,2.5,2.5,0,,,,,,,,
2020-04-27,2.5,2.5,2.5,2.5,2.5,0,,,,,,,,
2020-04-28,2.5,2.5,2.5,2.5,2.5,0,,,,,,,,
2020-04-29,2.5,2.5,2.5,2.5,2.5,0,,,,,,,,
2020-04-30,2.5,2.5,2.5,2.5,2.5,0,,,,,,,,
2020-05-01,2.5,2.5,2.5,2.5,2.5,0,,,,,,,,
2020-05-04,2.5,2.5,2.5,2.5,2.5,0,,,,,,,,
2020-05-05,2.5,2.5,2.5,2.5,2.5,0,,,,,,,,
2020-05-06,2.5,2.5,2.5,2.5,2.5,0,,,,,,,,
2020-05-07,2.5,2.5,2.5,2.5,2.5,0,,,,,,,,
2020-05-08,2.5,2.5,2.5,2.5,2.5,0,,,,,,,,
2020-05-11,2.5,2.5,2.5,2.5,2.5,0,,,,,,,,
2020-05-12,2.5,2.5,2.5,2.5,2.5,0,,,,,,,,
2020-05-13,2.5,2.5,2.5,2.5,2.5,0,,,,,,,,
2020-05-14,2.5,2.5,2.5,2.5,2.5,0,,,,,,,,
2020-05-15,2.5,2.5,2.5,2.5,2.5,0,,,,,,,,
2020-05-18,2.5,2.5,2.5,2.5,2.5,0,,,,,,,,
2020-05-19,2.5,2.5,2.5,2.5,2.5,0,,,,,,,,
2020-05-20,2.5,2.5,2.5,2.5,2.5,0,,,,,,,,
2020-05-21,2.5,2.5,2.5,2.5,2.5,0,,,,,,,,
2020-05-22,2.5,2.5,2.5,2.5,2.5,0,,,,,,,,
2020-05-26,2.5,2.5,2.5,2.5,2.5,0,,,,,,,,
2020-05-27,2.5,2.5,2.5,2.5,2.5,0,,,,,,,,
2020-05-28,2.5,2.5,2.5,2.5,2.5,0,,,,,,,,
2020-05-29,2.5,2.5,2.5,2.5,2.5,0,,,,,,,,
2020-06-01,2.5,2.5,2.5,2.5,2.5,0,,,,,,,,
2020-06-02,2.5,2.5,2.5,2.5,2.5,0,,,,,,,,
2020-06-03,2.5,2.5,2.5,2.5,2.5,0,,,,,,,,
2020-06-04,2.5,2.5,2.5,2.5,2.5,0,,,,,,,,
2020-06-05,2.5,2.5,2.5,2.5,2.5,0,,,,,,,,
2020-06-08,2.5,2.5,2.5,2.5,2.5,0,,,,,,,,
2020-06-09,2.5,2.5,2.5,2.5,2.5,0,,,,,,,,
2020-06-10,2.5,2.5,2.5,2.5,2.5,0,,,,,,,,
2020-06-11,2.5,2.5,2.5,2.5,2.5,0,,,,,,,,
2020-06-12,2.5,2.5,2.5,2.5,2.5,0,,,,,,,,
2020-06-15,2.5,2.5,2.5,2.5,2.5,0,,,,,,,,
2020-06-16,2.5,2.5,2.5,2.5,2.5,0,,,,,,,,
2020-06-17,2.5,2.5,2.5,2.5,2.5,0,,,,,,,,
2020-06-18,2.5,2.5,2.5,2.5,2.5,0,,,,,,,,
2020-06-19,2.5,2.5,2.5,2.5,2.5,0,,,,,,,,
2020-06-22,2.5,2.5,2.5,2.5,2.5,0,,,,,,,,
2020-06-23,2.5,2.5,2.5,2.5,2.5,0,,,,,,,,
2020-06-24,2.5,2.5,2.5,2.5,2.5,0,,,,,,,,
2020-06-25,2.5,2.5,2.5,2.5,2.5,0,,,,,,,,
2020-06-26,2.5,2.5,2.5,2.5,2.5,0,,,,,,,,
2020-06-29,2.5,2.5,2.5,2.5,2.5,0,,,,,,,,
2020-06-30,2.5,2.5,2.5,2.5,2.5,0,,,,,,,,
2020-07-01,2.5,2.5,2.5,2.5,2.5,0,,,,,,,,
2020-07-02,2.5,2.5,2.5,2.5,2.5,0,,,,,,,,
2020-07-06,2.5,2.5,2.5,2.5,2.5,0,,,,,,,,
2020-07-07,2.5,2.5,2.5,2.5,2.5,0,,,,,,,,
2020-07-08,2.5,2.5,2.5,2.5,2.5,0,,,,,,,,
2020-07-09,2.5,2.5,2.5,2.5,2.5,0,,,,,,,,
2020-07-10,2.5,2.5,2.5,2.5,2.5,0,,,,,,,,
2020-07-13,2.5,2.5,2.5,2.5,2.5,0,,,,,,,,
2020-07-14,2.5,2.5,2.5,2.5,2.5,0,,,,,,,,
2020-07-15,2.5,2.5,2.5,2.5,2.5,0,,,,,,,,
2020-07-16,2.5,2.5,2.5,2.5,2.5,0,,,,,,,,
2020-07-17,2.5,2.5,2.5,2.5,2.5,0,,,,,,,,
2020-07-20,2.5,2.5,2.5,2.5,2.5,0,,,,,,,,
2020-07-21,2.5,2.5,2.5,2.5,2.5,0,,,,,,,,
2020-07-22,2.5,2.5,2.5,2.5,2.5,0,,,,,,,,
2020-07-23,2.5,2.5,2.5,2.5,2.5,0,,,,,,,,
2020-07-24,2.5,2.5,2.5,2.5,2.5,0,,,,,,,,
2020-07-27,2.5,2.5,2.5,2.5,2.5,0,,,,,,,,
2020-07-28,2.5,2.5,2.5,2.5,2.5,0,,,,,,,,
2020-07-29,2.5,2.5,2.5,2.5,2.5,0,,,,,,,,
2020-07-30,2.5,2.5,2.5,2.5,2.5,0,,,,,,,,
2020-07-31,2.5,2.5,2.5,2.5,2.5,0,,,,,,,,
2020-08-03,2.5,2.5,2.5,2.5,2.5,0,,,,,,,,
2020-08-04,2.5,2.5,2.5,2.5,2.5,0,,,,,,,,
2020-08-05,2.5,2.5,2.5,2.5,2.5,0,,,,,,,,
2020-08-06,2.5,2.5,2.5,2.5,2.5,0,,,,,,,,
2020-08-07,2.5,2.5,2.5,2.5,2.5,0,,,,,,,,
2020-08-10,2.5,2.5,2.5,2.5,2.5,0,,,,,,,,
2020-08-11,2.5,2.5,2.5,2.5,2.5,0,,,,,,,,
2020-08-12,2.5,2.5,2.5,2.5,2.5,0,,,,,,,,
2020-08-13,2.5,2.5,2.5,2.5,2.5,0,,,,,,,,
2020-08-14,2.5,2.5,2.5,2.5,2.5,0,,,,,,,,
2020-08-17,2.5,2.5,2.5,2.5,2.5,0,,,,,,,,
2020-08-18,2.5,2.5,2.5,2.5,2.5,0,,,,,,,,
2020-08-19,2.5,2.5,2.5,2.5,2.5,0,,,,,,,,
2020-08-20,2.5,2.5,2.5,2.5,2.5,0,,,,,,,,
2020-08-21,2.5,2.5,2.5,2.5,2.5,0,,,,,,,,
2020-08-24,2.5,2.5,2.5,2.5,2.5,0,,,,,,,,
2020-08-25,2.5,2.5,2.5,2.5,2.5,0,,,,,,,,
2020-08-26,2.5,2.5,2.5,2.5,2.5,0,,,,,,,,
2020-08-27,2.5,2.5,2.5,2.5,2.5,0,,,,,,,,
2020-08-28,2.5,2.5,2.5,2.5,2.5,0,,,,,,,,
2020-08-31,2.5,2.5,2.5,2.5,2.5,0,,,,,,,,
2020-09-01,2.5,2.5,2.5,2.5,2.5,0,,,,,,,,
2020-09-02,2.5,2.5,2.5,2.5,2.5,0,,,,,,,,
2020-09-03,2.5,2.5,2.5,2.5,2.5,0,,,,,,,,
2020-09-04,2.5,2.5,2.5,2.5,2.5,0,,,,,,,,
2020-09-08,2.5,2.5,2.5,2.5,2.5,0,,,,,,,,
2020-09-09,2.5,2.5,2.5,2.5,2.5,0,,,,,,,,
2020-09-10,2.5,2.5,2.5,2.5,2.5,0,,,,,,,,
2020-09-11,2.5,2.5,2.5,2.5,2.5,0,,,,,,,,
2020-09-14,2.5,2.5,2.5,2.5,2.5,0,,,,,,,,
2020-09-15,2.5,2.5,2.5,2.5,2.5,0,,,,,,,,
2020-09-16,2.5,2.5,2.5,2.5,2.5,0,,,,,,,,
2020-09-17,2.5,2.5,2.5,2.5,2.5,0,,,,,,,,
2020-09-18,2.5,2.5,2.5,2.5,2.5,0,,,,,,,,
2020-09-21,2.5,2.5,2.5,2.5,2.5,0,,,,,,,,
2020-09-22,2.5,2.5,2.5,2.5,2.5,0,,,,,,,,
2020-09-23,2.5,2.5,2.5,2.5,2.5,0,,,,,,,,
2020-09-24,2.5,2.5,2.5,2.5,2.5,0,,,,,,,,
2020-09-25,2.5,2.5,2.5,2.5,2.5,0,,,,,,,,
2020-09-28,2.5,2.5,2.5,2.5,2.5,0,,,,,,,,
2020-09-29,2.5,2.5,2.5,2.5,2.5,0,,,,,,,,
2020-09-30,2.5,2.5,2.5,2.5,2.5,0,,,,,,,,
2020-10-01,2.5,2.5,2.5,2.5,2.5,0,,,,,,,,
2020-10-02,2.5,2.5,2.5,2.5,2.5,0,,,,,,,,
2020-10-05,2.5,2.5,2.5,2.5,2.5,0,,,,,,,,
2020-10-06,2.5,2.5,2.5,2.5,2.5,0,,,,,,,,
2020-10-07,2.5,2.5,2.5,2.5,2.5,0,,,,,,,,
2020-10-08,2.5,2.5,2.5,2.5,2.5,0,,,,,,,,
2020-10-09,2.5,2.5,2.5,2.5,2.5,0,,,,,,,,
2020-10-12,2.5,2.5,2.5,2.5,2.5,0,,,,,,,,
2020-10-13,2.5,2.5,2.5,2.5,2.5,0,,,,,,,,
2020-10-14,2.5,2.5,2.5,2.5,2.5,0,,,,,,,,
2020-10-15,2.5,2.5,2.5,2.5,2.5,0,,,,,,,,
2020-10-16,2.5,2.5,2.5,2.5,2.5,0,,,,,,,,
2020-10-19,2.5,2.5,2.5,2.5,2.5,0,,,,,,,,
2020-10-20,2.5,2.5,2.5,2.5,2.5,0,,,,,,,,
2020-10-21,2.5,2.5,2.5,2.5,2.5,0,,,,,,,,
2020-10-22,2.5,2.5,2.5,2.5,2.5,0,,,,,,,,
2020-10-23,2.5,2.5,2.5,2.5,2.5,0,,,,,,,,
2020-10-26,2.5,2.5,2.5,2.5,2.5,0,,,,,,,,
2020-10-27,2.5,2.5,2.5,2.5,2.5,0,,,,,,,,
2020-10-28,2.5,2.5,2.5,2.5,2.5,0,,,,,,,,
2020-10-29,2.5,2.5,2.5,2.5,2.5,0,,,,,,,,
2020-10-30,2.5,2.5,2.5,2.5,2.5,0,,,,,,,,
2020-11-02,2.5,2.5,2.5,2.5,2.5,0,,,,,,,,
2020-11-03,2.5,2.5,2.5,2.5,2.5,0,,,,,,,,
2020-11-04,2.5,2.5,2.5,2.5,2.5,0,,,,,,,,
2020-11-05,2.5,2.5,2.5,2.5,2.5,0,,,,,,,,
2020-11-06,2.5,2.5,2.5,2.5,2.5,0,,,,,,,,
2020-11-09,2.5,2.5,2.5,2.5,2.5,0,,,,,,,,
2020-11-10,2.5,2.5,2.5,2.5,2.5,0,,,,,,,,
2020-11-11,2.5,2.5,2.5,2.5,2.5,0,,,,,,,,
2020-11-12,2.5,2.5,2.5,2.5,2.5,0,,,,,,,,
2020-11-13,2.5,2.5,2.5,2.5,2.5,0,,,,,,,,
2020-11-16,2.5,2.5,2.5,2.5,2.5,0,,,,,,,,
2020-11-17,2.5,2.5,2.5,2.5,2.5,0,,,,,,,,
2020-11-18,2.5,2.5,2.5,2.5,2.5,0,,,,,,,,
2020-11-19,2.5,2.5,2.5,2.5,2.5,0,,,,,,,,
2020-11-20,2.5,2.5,2.5,2.5,2.5,0,,,,,,,,
2020-11-23,2.5,2.5,2.5,2.5,2.5,0,,,,,,,,
2020-11-24,2.5,2.5,2.5,2.5,2.5,0,,,,,,,,
2020-11-25,2.5,2.5,2.5,2.5,2.5,0,,,,,,,,
2020-11-27,2.5,2.5,2.5,2.5,2.5,0,,,,,,,,
2020-11-30,2.5,2.5,2.5,2.5,2.5,0,,,,,,,,
2020-12-01,2.5,2.5,2.5,2.5,2.5,0,,,,,,,,
2020-12-02,2.5,2.5,2.5,2.5,2.5,0,,,,,,,,
2020-12-03,2.5,2.5,2.5,2.5,2.5,0,,,,,,,,
2020-12-04,2.5,2.5,2.5,2.5,2.5,0,,,,,,,,
2020-12-07,2.5,2.5,2.5,2.5,2.5,0,,,,,,,,
2020-12-08,2.5,2.5,2.5,2.5,2.5,0,,,,,,,,
2020-12-09,2.5,2.5,2.5,2.5,2.5,0,,,,,,,,
2020-12-10,2.5,2.5,2.5,2.5,2.5,0,,,,,,,,
2020-12-11,2.5,2.5,2.5,2.5,2.5,0,,,,,,,,
2020-12-14,2.5,2.5,2.5,2.5,2.5,0,,,,,,,,
2020-12-15,2.5,2.5,2.5,2.5,2.5,0,,,,,,,,
2020-12-16,2.5,2.5,2.5,2.5,2.5,0,,,,,,,,
2020-12-17,2.5,2.5,2.5,2.5,2.5,0,,,,,,,,
2020-12-18,2.5,2.5,2.5,2.5,2.5,0,,,,,,,,
2020-12-21,2.5,2.5,2.5,2.5,2.5,0,,,,,,,,
2020-12-22,2.5,2.5,2.5,2.5,2.5,0,,,,,,,,
2020-12-23,2.5,2.5,2.5,2.5,2.5,0,,,,,,,,
2020-12-24,2.5,2.5,2.5,2.5,2.5,0,,,,,,,,
2020-12-28,2.5,2.5,2.5,2.5,2.5,0,,,,,,,,
2020-12-29,2.5,2.5,2.5,2.5,2.5,0,,,,,,,,
2020-12-30,2.5,2.5,2.5,2.5,2.5,0,,,,,,,,
2020-12-31,2.5,2.5,2.5,2.5,2.5,0,,,,,,,,
2021-01-04,2.5,2.5,2.5,2.5,2.5,0,,,,,,,,
2021-01-05,2.5,2.5,2.5,2.5,2.5,0,,,,,,,,
2021-01-06,2.5,2.5,2.5,2.5,2.5,0,,,,,,,,
2021-01-07,2.5,2.5,2.5,2.5,2.5,0,,,,,,,,
2021-01-08,2.5,2.5,2.5,2.5,2.5,0,,,,,,,,
2021-01-11,2.5,2.5,2.5,2.5,2.5,0,,,,,,,,
2021-01-12,2.5,2.5,2.5,2.5,2.5,0,,,,,,,,
2021-01-13,2.5,2.5,2.5,2.5,2.5,0,,,,,,,,
2021-01-14,2.5,2.5,2.5,2.5,2.5,0,,,,,,,,
2021-01-15,2.5,2.5,2.5,2.5,2.5,0,,,,,,,,
2021-01-19,2.5,2.5,2.5,2.5,2.5,0,,,,,,,,
2021-01-20,2.5,2.5,2.5,2.5,2.5,0,,,,,,,,
2021-01-21,2.5,2.5,2.5,2.5,2.5,0,,,,,,,,
2021-01-22,2.5,2.5,2.5,2.5,2.5,0,,,,,,,,
2021-01-25,2.5,2.5,2.5,2.5,2.5,0,,,,,,,,
2021-01-26,2.5,2.5,2.5,2.5,2.5,0,,,,,,,,
2021-01-27,3.0,3.0,3.0,3.0,3.0,100,,,,,,,,
2021-01-28,3.0000998973846436,3.0000998973846436,3.0000998973846436,3.0000998973846436,3.0000998973846436,100,,,,,,,,
2021-01-29,3.0000998973846436,3.0000998973846436,3.0000998973846436,3.0000998973846436,3.0000998973846436,0,,,,,,,,
2021-02-01,3.0000998973846436,3.0000998973846436,3.0000998973846436,3.0000998973846436,3.0000998973846436,0,,,,,,,,
2021-02-02,3.0000998973846436,3.0000998973846436,3.0000998973846436,3.0000998973846436,3.0000998973846436,0,,,,,,,,
2021-02-03,3.0000998973846436,3.0000998973846436,3.0000998973846436,3.0000998973846436,3.0000998973846436,0,,,,,,,,
2021-02-04,3.0000998973846436,3.0000998973846436,3.0000998973846436,3.0000998973846436,3.0000998973846436,0,,,,,,,,
2021-02-05,3.0000998973846436,3.0000998973846436,3.0000998973846436,3.0000998973846436,3.0000998973846436,0,,,,,,,,
2021-02-08,3.0000998973846436,3.0000998973846436,3.0000998973846436,3.0000998973846436,3.0000998973846436,0,,,,,,,,
2021-02-09,3.0000998973846436,3.0000998973846436,3.0000998973846436,3.0000998973846436,3.0000998973846436,0,,,,,,,,
2021-02-10,3.0000998973846436,3.0000998973846436,3.0000998973846436,3.0000998973846436,3.0000998973846436,0,,,,,,,,
2021-02-11,3.0000998973846436,3.0000998973846436,3.0000998973846436,3.0000998973846436,3.0000998973846436,0,,,,,,,,
2021-02-12,3.0000998973846436,3.0000998973846436,3.0000998973846436,3.0000998973846436,3.0000998973846436,0,,,,,,,,
2021-02-16,3.0000998973846436,3.0000998973846436,3.0000998973846436,3.0000998973846436,3.0000998973846436,0,,,,,,,,
2021-02-17,3.0000998973846436,3.0000998973846436,3.0000998973846436,3.0000998973846436,3.0000998973846436,0,,,,,,,,
2021-02-18,3.0000998973846436,3.0000998973846436,3.0000998973846436,3.0000998973846436,3.0000998973846436,0,,,,,,,,
2021-02-19,3.0000998973846436,3.0000998973846436,3.0000998973846436,3.0000998973846436,3.0000998973846436,0,,,,,,,,
2021-02-22,3.0000998973846436,3.0000998973846436,3.0000998973846436,3.0000998973846436,3.0000998973846436,0,,,,,,,,
2021-02-23,3.0000998973846436,3.0000998973846436,3.0000998973846436,3.0000998973846436,3.0000998973846436,0,,,,,,,,
2021-02-24,3.0000998973846436,3.0000998973846436,3.0000998973846436,3.0000998973846436,3.0000998973846436,0,,,,,,,,
2021-02-25,3.0000998973846436,3.0000998973846436,3.0000998973846436,3.0000998973846436,3.0000998973846436,0,,,,,,,,
2021-02-26,3.0000998973846436,3.0000998973846436,3.0000998973846436,3.0000998973846436,3.0000998973846436,0,,,,,,,,
2021-03-01,3.0000998973846436,3.0000998973846436,3.0000998973846436,3.0000998973846436,3.0000998973846436,0,,,,,,,,
2021-03-02,3.0000998973846436,3.0000998973846436,3.0000998973846436,3.0000998973846436,3.0000998973846436,0,,,,,,,,
2021-03-03,3.0000998973846436,3.0000998973846436,3.0000998973846436,3.0000998973846436,3.0000998973846436,0,,,,,,,,
2021-03-04,3.0000998973846436,3.0000998973846436,3.0000998973846436,3.0000998973846436,3.0000998973846436,0,,,,,,,,
2021-03-05,3.0000998973846436,3.0000998973846436,3.0000998973846436,3.0000998973846436,3.0000998973846436,0,,,,,,,,
2021-03-08,3.0000998973846436,3.0000998973846436,3.0000998973846436,3.0000998973846436,3.0000998973846436,0,,,,,,,,
2021-03-09,3.0000998973846436,3.0000998973846436,3.0000998973846436,3.0000998973846436,3.0000998973846436,0,,,,,,,,
2021-03-10,3.0000998973846436,3.0000998973846436,3.0000998973846436,3.0000998973846436,3.0000998973846436,0,,,,,,,,
2021-03-11,3.0000998973846436,3.0000998973846436,3.0000998973846436,3.0000998973846436,3.0000998973846436,0,,,,,,,,
2021-03-12,3.0000998973846436,3.0000998973846436,3.0000998973846436,3.0000998973846436,3.0000998973846436,0,,,,,,,,
2021-03-15,3.0000998973846436,3.0000998973846436,3.0000998973846436,3.0000998973846436,3.0000998973846436,0,,,,,,,,
2021-03-16,3.0000998973846436,3.0000998973846436,3.0000998973846436,3.0000998973846436,3.0000998973846436,0,,,,,,,,
2021-03-17,3.0000998973846436,3.0000998973846436,3.0000998973846436,3.0000998973846436,3.0000998973846436,0,,,,,,,,
2021-03-18,3.0000998973846436,3.0000998973846436,3.0000998973846436,3.0000998973846436,3.0000998973846436,0,,,,,,,,
2021-03-19,3.0000998973846436,3.0000998973846436,3.0000998973846436,3.0000998973846436,3.0000998973846436,0,,,,,,,,
2021-03-22,3.0000998973846436,3.0000998973846436,3.0000998973846436,3.0000998973846436,3.0000998973846436,0,,,,,,,,
2021-03-23,3.0000998973846436,3.0000998973846436,3.0000998973846436,3.0000998973846436,3.0000998973846436,0,,,,,,,,
2021-03-24,3.0000998973846436,3.0000998973846436,3.0000998973846436,3.0000998973846436,3.0000998973846436,0,,,,,,,,
2021-03-25,3.0000998973846436,3.0000998973846436,3.0000998973846436,3.0000998973846436,3.0000998973846436,0,,,,,,,,
2021-03-26,3.0000998973846436,3.0000998973846436,3.0000998973846436,3.0000998973846436,3.0000998973846436,0,,,,,,,,
2021-03-29,3.0000998973846436,3.0000998973846436,3.0000998973846436,3.0000998973846436,3.0000998973846436,0,,,,,,,,
2021-03-30,3.0000998973846436,3.0000998973846436,3.0000998973846436,3.0000998973846436,3.0000998973846436,0,,,,,,,,
2021-03-31,3.0000998973846436,3.0000998973846436,3.0000998973846436,3.0000998973846436,3.0000998973846436,0,,,,,,,,
2021-04-01,3.0000998973846436,3.0000998973846436,3.0000998973846436,3.0000998973846436,3.0000998973846436,0,,,,,,,,
2021-04-05,3.0000998973846436,3.0000998973846436,3.0000998973846436,3.0000998973846436,3.0000998973846436,0,,,,,,,,
2021-04-06,3.0000998973846436,3.0000998973846436,3.0000998973846436,3.0000998973846436,3.0000998973846436,0,,,,,,,,
2021-04-07,3.0000998973846436,3.0000998973846436,3.0000998973846436,3.0000998973846436,3.0000998973846436,0,,,,,,,,
2021-04-08,3.0000998973846436,3.0000998973846436,3.0000998973846436,3.0000998973846436,3.0000998973846436,0,,,,,,,,
2021-04-09,3.0000998973846436,3.0000998973846436,3.0000998973846436,3.0000998973846436,3.0000998973846436,0,,,,,,,,
2021-04-12,3.0000998973846436,3.0000998973846436,3.0000998973846436,3.0000998973846436,3.0000998973846436,0,,,,,,,,
2021-04-13,3.0000998973846436,3.0000998973846436,3.0000998973846436,3.0000998973846436,3.0000998973846436,0,,,,,,,,
2021-04-14,3.0000998973846436,3.0000998973846436,3.0000998973846436,3.0000998973846436,3.0000998973846436,0,,,,,,,,
2021-04-15,3.0000998973846436,3.0000998973846436,3.0000998973846436,3.0000998973846436,3.0000998973846436,0,,,,,,,,
2021-04-16,3.0000998973846436,3.0000998973846436,3.0000998973846436,3.0000998973846436,3.0000998973846436,0,,,,,,,,
2021-04-19,3.0000998973846436,3.0000998973846436,3.0000998973846436,3.0000998973846436,3.0000998973846436,0,,,,,,,,
2021-04-20,3.0000998973846436,3.0000998973846436,3.0000998973846436,3.0000998973846436,3.0000998973846436,0,,,,,,,,
2021-04-21,3.0000998973846436,3.0000998973846436,3.0000998973846436,3.0000998973846436,3.0000998973846436,0,,,,,,,,
2021-04-22,3.0000998973846436,3.0000998973846436,3.0000998973846436,3.0000998973846436,3.0000998973846436,0,,,,,,,,
2021-04-23,3.0000998973846436,3.0000998973846436,3.0000998973846436,3.0000998973846436,3.0000998973846436,0,,,,,,,,
2021-04-26,3.0000998973846436,3.0000998973846436,3.0000998973846436,3.0000998973846436,3.0000998973846436,0,,,,,,,,
2021-04-27,3.0000998973846436,3.0000998973846436,3.0000998973846436,3.0000998973846436,3.0000998973846436,0,,,,,,,,
2021-04-28,3.0000998973846436,3.0000998973846436,3.0000998973846436,3.0000998973846436,3.0000998973846436,0,,,,,,,,
2021-04-29,3.0000998973846436,3.0000998973846436,3.0000998973846436,3.0000998973846436,3.0000998973846436,0,,,,,,,,
2021-04-30,3.0000998973846436,3.0000998973846436,3.0000998973846436,3.0000998973846436,3.0000998973846436,0,,,,,,,,
2021-05-03,3.0000998973846436,3.0000998973846436,3.0000998973846436,3.0000998973846436,3.0000998973846436,0,,,,,,,,
2021-05-04,3.0000998973846436,3.0000998973846436,3.0000998973846436,3.0000998973846436,3.0000998973846436,0,,,,,,,,
2021-05-05,3.0000998973846436,3.0000998973846436,3.0000998973846436,3.0000998973846436,3.0000998973846436,0,,,,,,,,
2021-05-06,3.0000998973846436,3.0000998973846436,3.0000998973846436,3.0000998973846436,3.0000998973846436,0,,,,,,,,
2021-05-07,3.0000998973846436,3.0000998973846436,3.0000998973846436,3.0000998973846436,3.0000998973846436,0,,,,,,,,
2021-05-10,3.0000998973846436,3.0000998973846436,3.0000998973846436,3.0000998973846436,3.0000998973846436,0,,,,,,,,
2021-05-11,3.0000998973846436,3.0000998973846436,3.0000998973846436,3.0000998973846436,3.0000998973846436,0,,,,,,,,
2021-05-12,3.0000998973846436,3.0000998973846436,3.0000998973846436,3.0000998973846436,3.0000998973846436,0,,,,,,,,
2021-05-13,3.0000998973846436,3.0000998973846436,3.0000998973846436,3.0000998973846436,3.0000998973846436,0,,,,,,,,
2021-05-14,3.0000998973846436,3.0000998973846436,3.0000998973846436,3.0000998973846436,3.0000998973846436,0,,,,,,,,
2021-05-17,3.0000998973846436,3.0000998973846436,3.0000998973846436,3.0000998973846436,3.0000998973846436,0,,,,,,,,
2021-05-18,3.0000998973846436,3.0000998973846436,3.0000998973846436,3.0000998973846436,3.0000998973846436,0,,,,,,,,
2021-05-19,3.0000998973846436,3.0000998973846436,3.0000998973846436,3.0000998973846436,3.0000998973846436,0,,,,,,,,
2021-05-20,3.0000998973846436,3.0000998973846436,3.0000998973846436,3.0000998973846436,3.0000998973846436,0,,,,,,,,
2021-05-21,3.0000998973846436,3.0000998973846436,3.0000998973846436,3.0000998973846436,3.0000998973846436,0,,,,,,,,
2021-05-24,3.0000998973846436,3.0000998973846436,3.0000998973846436,3.0000998973846436,3.0000998973846436,0,,,,,,,,
2021-05-25,3.0000998973846436,3.0000998973846436,3.0000998973846436,3.0000998973846436,3.0000998973846436,0,,,,,,,,
2021-05-26,3.0000998973846436,3.0000998973846436,3.0000998973846436,3.0000998973846436,3.0000998973846436,0,,,,,,,,
2021-05-27,3.0000998973846436,3.0000998973846436,3.0000998973846436,3.0000998973846436,3.0000998973846436,0,,,,,,,,
2021-05-28,3.0000998973846436,3.0000998973846436,3.0000998973846436,3.0000998973846436,3.0000998973846436,0,,,,,,,,
2021-06-01,3.0000998973846436,3.0000998973846436,3.0000998973846436,3.0000998973846436,3.0000998973846436,0,,,,,,,,
2021-06-02,3.0000998973846436,3.0000998973846436,3.0000998973846436,3.0000998973846436,3.0000998973846436,0,,,,,,,,
2021-06-03,3.0000998973846436,3.0000998973846436,3.0000998973846436,3.0000998973846436,3.0000998973846436,0,,,,,,,,
2021-06-04,3.0000998973846436,3.0000998973846436,3.0000998973846436,3.0000998973846436,3.0000998973846436,0,,,,,,,,
2021-06-07,3.0000998973846436,3.0000998973846436,3.0000998973846436,3.0000998973846436,3.0000998973846436,0,,,,,,,,
2021-06-08,3.0000998973846436,3.0000998973846436,3.0000998973846436,3.0000998973846436,3.0000998973846436,0,,,,,,,,
2021-06-09,3.0000998973846436,3.0000998973846436,3.0000998973846436,3.0000998973846436,3.0000998973846436,0,,,,,,,,
2021-06-10,3.0000998973846436,3.0000998973846436,3.0000998973846436,3.0000998973846436,3.0000998973846436,0,,,,,,,,
2021-06-11,3.0000998973846436,3.0000998973846436,3.0000998973846436,3.0000998973846436,3.0000998973846436,0,,,,,,,,
2021-06-14,3.0000998973846436,3.0000998973846436,3.0000998973846436,3.0000998973846436,3.0000998973846436,0,,,,,,,,
2021-06-15,3.0000998973846436,3.0000998973846436,3.0000998973846436,3.0000998973846436,3.0000998973846436,0,,,,,,,,
2021-06-16,3.0000998973846436,3.0000998973846436,3.0000998973846436,3.0000998973846436,3.0000998973846436,0,,,,,,,,
2021-06-17,3.0000998973846436,3.0000998973846436,3.0000998973846436,3.0000998973846436,3.0000998973846436,0,,,,,,,,
2021-06-18,3.0000998973846436,3.0000998973846436,3.0000998973846436,3.0000998973846436,3.0000998973846436,0,,,,,,,,
2021-06-21,3.0000998973846436,3.0000998973846436,3.0000998973846436,3.0000998973846436,3.0000998973846436,0,,,,,,,,
2021-06-22,3.0000998973846436,3.0000998973846436,3.0000998973846436,3.0000998973846436,3.0000998973846436,0,,,,,,,,
2021-06-23,3.0000998973846436,3.0000998973846436,3.0000998973846436,3.0000998973846436,3.0000998973846436,0,,,,,,,,
2021-06-24,3.0000998973846436,3.0000998973846436,3.0000998973846436,3.0000998973846436,3.0000998973846436,0,,,,,,,,
2021-06-25,3.0000998973846436,3.0000998973846436,3.0000998973846436,3.0000998973846436,3.0000998973846436,0,,,,,,,,
2021-06-28,3.0000998973846436,3.0000998973846436,3.0000998973846436,3.0000998973846436,3.0000998973846436,0,,,,,,,,
2021-06-29,3.0000998973846436,3.0000998973846436,3.0000998973846436,3.0000998973846436,3.0000998973846436,0,,,,,,,,
2021-06-30,3.0000998973846436,3.0000998973846436,3.0000998973846436,3.0000998973846436,3.0000998973846436,0,,,,,,,,
2021-07-01,3.0000998973846436,3.0000998973846436,3.0000998973846436,3.0000998973846436,3.0000998973846436,0,,,,,,,,
2021-07-02,3.0000998973846436,3.0000998973846436,3.0000998973846436,3.0000998973846436,3.0000998973846436,0,,,,,,,,
2021-07-06,3.0000998973846436,3.0000998973846436,3.0000998973846436,3.0000998973846436,3.0000998973846436,0,,,,,,,,
2021-07-07,3.0000998973846436,3.0000998973846436,3.0000998973846436,3.0000998973846436,3.0000998973846436,0,,,,,,,,
2021-07-08,3.0000998973846436,3.0000998973846436,3.0000998973846436,3.0000998973846436,3.0000998973846436,0,,,,,,,,
2021-07-09,3.0000998973846436,3.0000998973846436,3.0000998973846436,3.0000998973846436,3.0000998973846436,0,,,,,,,,
2021-07-12,3.0000998973846436,3.0000998973846436,3.0000998973846436,3.0000998973846436,3.0000998973846436,0,,,,,,,,
2021-07-13,3.0000998973846436,3.0000998973846436,3.0000998973846436,3.0000998973846436,3.0000998973846436,0,,,,,,,,
2021-07-14,3.0000998973846436,3.0000998973846436,3.0000998973846436,3.0000998973846436,3.0000998973846436,0,,,,,,,,
2021-07-15,3.0000998973846436,3.0000998973846436,3.0000998973846436,3.0000998973846436,3.0000998973846436,0,,,,,,,,
2021-07-16,3.0000998973846436,3.0000998973846436,3.0000998973846436,3.0000998973846436,3.0000998973846436,0,,,,,,,,
2021-07-19,3.0000998973846436,3.0000998973846436,3.0000998973846436,3.0000998973846436,3.0000998973846436,0,,,,,,,,
2021-07-20,3.0000998973846436,3.0000998973846436,3.0000998973846436,3.0000998973846436,3.0000998973846436,0,,,,,,,,
2021-07-21,3.0000998973846436,3.0000998973846436,3.0000998973846436,3.0000998973846436,3.0000998973846436,0,,,,,,,,
2021-07-22,3.0000998973846436,3.0000998973846436,3.0000998973846436,3.0000998973846436,3.0000998973846436,0,,,,,,,,
2021-07-23,3.0000998973846436,3.0000998973846436,3.0000998973846436,3.0000998973846436,3.0000998973846436,0,,,,,,,,
2021-07-26,3.0000998973846436,3.0000998973846436,3.0000998973846436,3.0000998973846436,3.0000998973846436,0,,,,,,,,
2021-07-27,3.0000998973846436,3.0000998973846436,3.0000998973846436,3.0000998973846436,3.0000998973846436,0,,,,,,,,
2021-07-28,3.0000998973846436,3.0000998973846436,3.0000998973846436,3.0000998973846436,3.0000998973846436,0,,,,,,,,
2021-07-29,3.0000998973846436,3.0000998973846436,3.0000998973846436,3.0000998973846436,3.0000998973846436,0,,,,,,,,
2021-07-30,3.0000998973846436,3.0000998973846436,3.0000998973846436,3.0000998973846436,3.0000998973846436,0,,,,,,,,
2021-08-02,3.0000998973846436,3.0000998973846436,3.0000998973846436,3.0000998973846436,3.0000998973846436,0,,,,,,,,
2021-08-03,3.0000998973846436,3.0000998973846436,3.0000998973846436,3.0000998973846436,3.0000998973846436,0,,,,,,,,
2021-08-04,3.0000998973846436,3.0000998973846436,3.0000998973846436,3.0000998973846436,3.0000998973846436,0,,,,,,,,
2021-08-05,3.0000998973846436,3.0000998973846436,3.0000998973846436,3.0000998973846436,3.0000998973846436,0,,,,,,,,
2021-08-06,3.0000998973846436,3.0000998973846436,3.0000998973846436,3.0000998973846436,3.0000998973846436,0,,,,,,,,
2021-08-09,3.0000998973846436,3.0000998973846436,3.0000998973846436,3.0000998973846436,3.0000998973846436,0,,,,,,,,
2021-08-10,3.0,3.0,3.0,3.0,3.0,200,,,,,,,,
2021-08-11,3.0,3.0,3.0,3.0,3.0,0,,,,,,,,
2021-08-12,3.0,3.0,3.0,3.0,3.0,0,,,,,,,,
2021-08-13,3.0,3.0,3.0,3.0,3.0,0,,,,,,,,
2021-08-16,3.0,3.0,3.0,3.0,3.0,0,,,,,,,,
2021-08-17,3.0,3.0,3.0,3.0,3.0,0,,,,,,,,
2021-08-18,3.0,3.0,3.0,3.0,3.0,0,,,,,,,,
2021-08-19,3.0,3.0,3.0,3.0,3.0,0,,,,,,,,
2021-08-20,3.0,3.0,3.0,3.0,3.0,0,,,,,,,,
2021-08-23,3.0,3.0,3.0,3.0,3.0,0,,,,,,,,
2021-08-24,3.0,3.0,3.0,3.0,3.0,0,,,,,,,,
2021-08-25,3.0,3.0,3.0,3.0,3.0,0,,,,,,,,
2021-08-26,3.0,3.0,3.0,3.0,3.0,0,,,,,,,,
2021-08-27,3.0,3.0,3.0,3.0,3.0,0,,,,,,,,
2021-08-30,3.0,3.0,3.0,3.0,3.0,0,,,,,,,,
2021-08-31,3.0,3.0,3.0,3.0,3.0,0,,,,,,,,
2021-09-01,3.0,3.0,3.0,3.0,3.0,0,,,,,,,,
2021-09-02,3.0,3.0,3.0,3.0,3.0,0,,,,,,,,
2021-09-03,3.0,3.0,3.0,3.0,3.0,0,,,,,,,,
2021-09-07,3.0,3.0,3.0,3.0,3.0,0,,,,,,,,
2021-09-08,3.0,3.0,3.0,3.0,3.0,0,,,,,,,,
2021-09-09,3.0,3.0,3.0,3.0,3.0,0,,,,,,,,
2021-09-10,3.0,3.0,3.0,3.0,3.0,0,,,,,,,,
2021-09-13,3.0,3.0,3.0,3.0,3.0,0,,,,,,,,
2021-09-14,3.0,3.0,3.0,3.0,3.0,0,,,,,,,,
2021-09-15,3.0,3.0,3.0,3.0,3.0,0,,,,,,,,
2021-09-16,3.0,3.0,3.0,3.0,3.0,0,,,,,,,,
2021-09-17,3.0,3.0,3.0,3.0,3.0,0,,,,,,,,
2021-09-20,3.0,3.0,3.0,3.0,3.0,0,,,,,,,,
2021-09-21,3.0,3.0,3.0,3.0,3.0,0,,,,,,,,
2021-09-22,3.0,3.0,3.0,3.0,3.0,0,,,,,,,,
2021-09-23,3.0,3.0,3.0,3.0,3.0,0,,,,,,,,
2021-09-24,3.0,3.0,3.0,3.0,3.0,0,,,,,,,,
2021-09-27,3.0,3.0,3.0,3.0,3.0,0,,,,,,,,
2021-09-28,3.0,3.0,3.0,3.0,3.0,0,,,,,,,,
2021-09-29,3.0,3.0,3.0,3.0,3.0,0,,,,,,,,
2021-09-30,3.0,3.0,3.0,3.0,3.0,0,,,,,,,,
2021-10-01,3.0,3.0,3.0,3.0,3.0,0,,,,,,,,
2021-10-04,3.0,3.0,3.0,3.0,3.0,0,,,,,,,,
2021-10-05,3.0,3.0,3.0,3.0,3.0,0,,,,,,,,
2021-10-06,3.0,3.0,3.0,3.0,3.0,0,,,,,,,,
2021-10-07,3.0,3.0,3.0,3.0,3.0,0,,,,,,,,
2021-10-08,3.0,3.0,3.0,3.0,3.0,0,,,,,,,,
2021-10-11,3.0,3.0,3.0,3.0,3.0,0,,,,,,,,
2021-10-12,3.0,3.0,3.0,3.0,3.0,0,,,,,,,,
2021-10-13,3.0,3.0,3.0,3.0,3.0,0,,,,,,,,
2021-10-14,3.0,3.0,3.0,3.0,3.0,0,,,,,,,,
2021-10-15,3.0,3.0,3.0,3.0,3.0,0,,,,,,,,
2021-10-18,3.0,3.0,3.0,3.0,3.0,0,,,,,,,,
2021-10-19,3.0,3.0,3.0,3.0,3.0,0,,,,,,,,
2021-10-20,3.0,3.0,3.0,3.0,3.0,0,,,,,,,,
2021-10-21,3.0,3.0,3.0,3.0,3.0,0,,,,,,,,
2021-10-22,3.0,3.0,3.0,3.0,3.0,0,,,,,,,,
2021-10-25,3.0,3.0,3.0,3.0,3.0,0,,,,,,,,
2021-10-26,3.0,3.0,3.0,3.0,3.0,0,,,,,,,,
2021-10-27,3.0,3.0,3.0,3.0,3.0,0,,,,,,,,
2021-10-28,3.0,3.0,3.0,3.0,3.0,0,,,,,,,,
2021-10-29,3.0,3.0,3.0,3.0,3.0,0,,,,,,,,
2021-11-01,3.0,3.0,3.0,3.0,3.0,0,,,,,,,,
2021-11-02,2.009999990463257,2.0199999809265137,2.009999990463257,2.009999990463257,2.009999990463257,200,,,,,,,,
2021-11-03,2.009999990463257,2.009999990463257,2.009999990463257,2.009999990463257,2.009999990463257,0,,,,,,,,
2021-11-04,2.009999990463257,2.009999990463257,2.009999990463257,2.009999990463257,2.009999990463257,0,,,,,,,,
2021-11-05,2.009999990463257,2.009999990463257,2.009999990463257,2.009999990463257,2.009999990463257,0,,,,,,,,
2021-11-08,2.009999990463257,2.009999990463257,2.009999990463257,2.009999990463257,2.009999990463257,0,,,,,,,,
2021-11-09,2.009999990463257,2.009999990463257,2.009999990463257,2.009999990463257,2.009999990463257,0,,,,,,,,
2021-11-10,2.009999990463257,2.009999990463257,2.009999990463257,2.009999990463257,2.009999990463257,0,,,,,,,,
2021-11-11,2.009999990463257,2.009999990463257,2.009999990463257,2.009999990463257,2.009999990463257,0,,,,,,,,
2021-11-12,2.009999990463257,2.009999990463257,2.009999990463257,2.009999990463257,2.009999990463257,0,,,,,,,,
2021-11-15,2.009999990463257,2.009999990463257,2.009999990463257,2.009999990463257,2.009999990463257,0,,,,,,,,
2021-11-16,2.009999990463257,2.009999990463257,2.009999990463257,2.009999990463257,2.009999990463257,0,,,,,,,,
2021-11-17,2.009999990463257,2.009999990463257,2.009999990463257,2.009999990463257,2.009999990463257,0,,,,,,,,
2021-11-18,2.009999990463257,2.009999990463257,2.009999990463257,2.009999990463257,2.009999990463257,100,,,,,,,,
2021-11-19,2.009999990463257,2.009999990463257,2.009999990463257,2.009999990463257,2.009999990463257,0,,,,,,,,
2021-11-22,2.009999990463257,2.009999990463257,2.009999990463257,2.009999990463257,2.009999990463257,0,,,,,,,,
2021-11-23,2.009999990463257,2.009999990463257,2.009999990463257,2.009999990463257,2.009999990463257,0,,,,,,,,
2021-11-24,2.009999990463257,2.009999990463257,2.009999990463257,2.009999990463257,2.009999990463257,0,,,,,,,,
2021-11-26,2.009999990463257,2.009999990463257,2.009999990463257,2.009999990463257,2.009999990463257,0,,,,,,,,
2021-11-29,2.009999990463257,2.009999990463257,2.009999990463257,2.009999990463257,2.009999990463257,0,,,,,,,,
2021-11-30,2.009999990463257,2.009999990463257,2.009999990463257,2.009999990463257,2.009999990463257,0,,,,,,,,
2021-12-01,2.009999990463257,2.009999990463257,2.009999990463257,2.009999990463257,2.009999990463257,0,,,,,,,,
2021-12-02,2.009999990463257,2.009999990463257,2.009999990463257,2.009999990463257,2.009999990463257,0,,,,,,,,
2021-12-03,2.009999990463257,2.009999990463257,2.009999990463257,2.009999990463257,2.009999990463257,0,,,,,,,,
2021-12-06,2.009999990463257,2.009999990463257,2.009999990463257,2.009999990463257,2.009999990463257,0,,,,,,,,
2021-12-07,2.009999990463257,2.009999990463257,2.009999990463257,2.009999990463257,2.009999990463257,0,,,,,,,,
2021-12-08,2.009999990463257,2.009999990463257,2.009999990463257,2.009999990463257,2.009999990463257,0,,,,,,,,
2021-12-09,2.009999990463257,2.009999990463257,2.009999990463257,2.009999990463257,2.009999990463257,0,,,,,,,,
2021-12-10,2.009999990463257,2.009999990463257,2.009999990463257,2.009999990463257,2.009999990463257,0,,,,,,,,
2021-12-13,2.009999990463257,2.009999990463257,2.009999990463257,2.009999990463257,2.009999990463257,0,,,,,,,,
2021-12-14,2.009999990463257,2.009999990463257,2.009999990463257,2.009999990463257,2.009999990463257,0,,,,,,,,
2021-12-15,2.009999990463257,2.009999990463257,2.009999990463257,2.009999990463257,2.009999990463257,0,,,,,,,,
2021-12-16,2.009999990463257,2.009999990463257,2.009999990463257,2.009999990463257,2.009999990463257,0,,,,,,,,
2021-12-17,2.009999990463257,2.009999990463257,2.009999990463257,2.009999990463257,2.009999990463257,0,,,,,,,,
2021-12-20,2.009999990463257,2.009999990463257,2.009999990463257,2.009999990463257,2.009999990463257,0,,,,,,,,
2021-12-21,2.009999990463257,2.009999990463257,2.009999990463257,2.009999990463257,2.009999990463257,0,,,,,,,,
2021-12-22,2.009999990463257,2.009999990463257,2.009999990463257,2.009999990463257,2.009999990463257,0,,,,,,,,
2021-12-23,2.009999990463257,2.009999990463257,2.009999990463257,2.009999990463257,2.009999990463257,0,,,,,,,,
2021-12-27,2.009999990463257,2.009999990463257,2.009999990463257,2.009999990463257,2.009999990463257,0,,,,,,,,
2021-12-28,2.009999990463257,2.009999990463257,2.009999990463257,2.009999990463257,2.009999990463257,0,,,,,,,,
2021-12-29,2.009999990463257,2.009999990463257,2.009999990463257,2.009999990463257,2.009999990463257,0,,,,,,,,
2021-12-30,2.009999990463257,2.009999990463257,2.009999990463257,2.009999990463257,2.009999990463257,0,,,,,,,,
2021-12-31,2.009999990463257,2.009999990463257,2.009999990463257,2.009999990463257,2.009999990463257,0,,,,,,,,
2022-01-03,2.009999990463257,2.009999990463257,2.009999990463257,2.009999990463257,2.009999990463257,0,,,,,,,,
2022-01-04,2.009999990463257,2.009999990463257,2.009999990463257,2.009999990463257,2.009999990463257,0,,,,,,,,
2022-01-05,2.009999990463257,2.009999990463257,2.009999990463257,2.009999990463257,2.009999990463257,0,,,,,,,,
2022-01-06,2.009999990463257,2.009999990463257,2.009999990463257,2.009999990463257,2.009999990463257,0,,,,,,,,
2022-01-07,2.009999990463257,2.009999990463257,2.009999990463257,2.009999990463257,2.009999990463257,0,,,,,,,,
2022-01-10,2.009999990463257,2.009999990463257,2.009999990463257,2.009999990463257,2.009999990463257,0,,,,,,,,
2022-01-11,2.009999990463257,2.009999990463257,2.009999990463257,2.009999990463257,2.009999990463257,0,,,,,,,,
2022-01-12,2.009999990463257,2.009999990463257,2.009999990463257,2.009999990463257,2.009999990463257,0,,,,,,,,
2022-01-13,2.009999990463257,2.009999990463257,2.009999990463257,2.009999990463257,2.009999990463257,0,,,,,,,,
2022-01-14,2.009999990463257,2.009999990463257,2.009999990463257,2.009999990463257,2.009999990463257,0,,,,,,,,
2022-01-18,2.009999990463257,2.009999990463257,2.009999990463257,2.009999990463257,2.009999990463257,0,,,,,,,,
2022-01-19,2.009999990463257,2.009999990463257,2.009999990463257,2.009999990463257,2.009999990463257,0,,,,,,,,
2022-01-20,2.009999990463257,2.009999990463257,2.009999990463257,2.009999990463257,2.009999990463257,0,,,,,,,,
2022-01-21,2.009999990463257,2.009999990463257,2.009999990463257,2.009999990463257,2.009999990463257,0,,,,,,,,
2022-01-24,2.009999990463257,2.009999990463257,2.009999990463257,2.009999990463257,2.009999990463257,0,,,,,,,,
2022-01-25,2.009999990463257,2.009999990463257,2.009999990463257,2.009999990463257,2.009999990463257,0,,,,,,,,
2022-01-26,2.009999990463257,2.009999990463257,2.009999990463257,2.009999990463257,2.009999990463257,0,,,,,,,,
2022-01-27,2.009999990463257,2.009999990463257,2.009999990463257,2.009999990463257,2.009999990463257,0,,,,,,,,
2022-01-28,2.009999990463257,2.009999990463257,2.009999990463257,2.009999990463257,2.009999990463257,0,,,,,,,,
2022-01-31,2.009999990463257,2.009999990463257,2.009999990463257,2.009999990463257,2.009999990463257,0,,,,,,,,
2022-02-01,2.009999990463257,2.009999990463257,2.009999990463257,2.009999990463257,2.009999990463257,0,,,,,,,,
2022-02-02,2.009999990463257,2.009999990463257,2.009999990463257,2.009999990463257,2.009999990463257,0,,,,,,,,
2022-02-03,2.009999990463257,2.009999990463257,2.009999990463257,2.009999990463257,2.009999990463257,0,,,,,,,,
2022-02-04,2.009999990463257,2.009999990463257,2.009999990463257,2.009999990463257,2.009999990463257,0,,,,,,,,
2022-02-07,2.009999990463257,2.009999990463257,2.009999990463257,2.009999990463257,2.009999990463257,0,,,,,,,,
2022-02-08,2.009999990463257,2.009999990463257,2.009999990463257,2.009999990463257,2.009999990463257,0,,,,,,,,
2022-02-09,2.009999990463257,2.009999990463257,2.009999990463257,2.009999990463257,2.009999990463257,0,,,,,,,,
2022-02-10,2.009999990463257,2.009999990463257,2.009999990463257,2.009999990463257,2.009999990463257,0,,,,,,,,
2022-02-11,2.009999990463257,2.009999990463257,2.009999990463257,2.009999990463257,2.009999990463257,0,,,,,,,,
2022-02-14,2.009999990463257,2.009999990463257,2.009999990463257,2.009999990463257,2.009999990463257,0,,,,,,,,
2022-02-15,2.009999990463257,2.009999990463257,2.009999990463257,2.009999990463257,2.009999990463257,0,,,,,,,,
2022-02-16,2.009999990463257,2.009999990463257,2.009999990463257,2.009999990463257,2.009999990463257,0,,,,,,,,
2022-02-17,2.009999990463257,2.009999990463257,2.009999990463257,2.009999990463257,2.009999990463257,0,,,,,,,,
2022-02-18,2.009999990463257,2.009999990463257,2.009999990463257,2.009999990463257,2.009999990463257,0,,,,,,,,
2022-02-22,2.009999990463257,2.009999990463257,2.009999990463257,2.009999990463257,2.009999990463257,0,,,,,,,,
2022-02-23,2.009999990463257,2.009999990463257,2.009999990463257,2.009999990463257,2.009999990463257,0,,,,,,,,
2022-02-24,2.009999990463257,2.009999990463257,2.009999990463257,2.009999990463257,2.009999990463257,0,,,,,,,,
2022-02-25,2.009999990463257,2.009999990463257,2.009999990463257,2.009999990463257,2.009999990463257,0,,,,,,,,
2022-02-28,2.009999990463257,2.009999990463257,2.009999990463257,2.009999990463257,2.009999990463257,0,,,,,,,,
2022-03-01,2.009999990463257,2.009999990463257,2.009999990463257,2.009999990463257,2.009999990463257,0,,,,,,,,
2022-03-02,2.009999990463257,2.009999990463257,2.009999990463257,2.009999990463257,2.009999990463257,0,,,,,,,,
2022-03-03,2.009999990463257,2.009999990463257,2.009999990463257,2.009999990463257,2.009999990463257,0,,,,,,,,
2022-03-04,2.009999990463257,2.009999990463257,2.009999990463257,2.009999990463257,2.009999990463257,0,,,,,,,,
2022-03-07,2.009999990463257,2.009999990463257,2.009999990463257,2.009999990463257,2.009999990463257,0,,,,,,,,
2022-03-08,2.009999990463257,2.009999990463257,2.009999990463257,2.009999990463257,2.009999990463257,0,,,,,,,,
2022-03-09,2.009999990463257,2.009999990463257,2.009999990463257,2.009999990463257,2.009999990463257,0,,,,,,,,
2022-03-10,2.009999990463257,2.009999990463257,2.009999990463257,2.009999990463257,2.009999990463257,0,,,,,,,,
2022-03-11,2.009999990463257,2.009999990463257,2.009999990463257,2.009999990463257,2.009999990463257,0,,,,,,,,
2022-03-14,2.009999990463257,2.009999990463257,2.009999990463257,2.009999990463257,2.009999990463257,0,,,,,,,,
2022-03-15,2.009999990463257,2.009999990463257,2.009999990463257,2.009999990463257,2.009999990463257,0,,,,,,,,
2022-03-16,2.009999990463257,2.009999990463257,2.009999990463257,2.009999990463257,2.009999990463257,0,,,,,,,,
2022-03-17,2.009999990463257,2.009999990463257,2.009999990463257,2.009999990463257,2.009999990463257,0,,,,,,,,
2022-03-18,2.009999990463257,2.009999990463257,2.009999990463257,2.009999990463257,2.009999990463257,0,,,,,,,,
2022-03-21,2.009999990463257,2.009999990463257,2.009999990463257,2.009999990463257,2.009999990463257,0,,,,,,,,
2022-03-22,2.009999990463257,2.009999990463257,2.009999990463257,2.009999990463257,2.009999990463257,0,,,,,,,,
2022-03-23,2.009999990463257,2.009999990463257,2.009999990463257,2.009999990463257,2.009999990463257,0,,,,,,,,
2022-03-24,2.009999990463257,2.009999990463257,2.009999990463257,2.009999990463257,2.009999990463257,0,,,,,,,,
2022-03-25,2.009999990463257,2.009999990463257,2.009999990463257,2.009999990463257,2.009999990463257,0,,,,,,,,
2022-03-28,2.009999990463257,2.009999990463257,2.009999990463257,2.009999990463257,2.009999990463257,0,,,,,,,,
2022-03-29,2.009999990463257,2.009999990463257,2.009999990463257,2.009999990463257,2.009999990463257,0,,,,,,,,
2022-03-30,2.009999990463257,2.009999990463257,2.009999990463257,2.009999990463257,2.009999990463257,0,,,,,,,,
2022-03-31,2.009999990463257,2.009999990463257,2.009999990463257,2.009999990463257,2.009999990463257,0,,,,,,,,
2022-04-01,2.009999990463257,2.009999990463257,2.009999990463257,2.009999990463257,2.009999990463257,0,,,,,,,,
2022-04-04,2.009999990463257,2.009999990463257,2.009999990463257,2.009999990463257,2.009999990463257,0,,,,,,,,
2022-04-05,2.009999990463257,2.009999990463257,2.009999990463257,2.009999990463257,2.009999990463257,0,,,,,,,,
2022-04-06,2.009999990463257,2.009999990463257,2.009999990463257,2.009999990463257,2.009999990463257,0,,,,,,,,
2022-04-07,2.009999990463257,2.009999990463257,2.009999990463257,2.009999990463257,2.009999990463257,0,,,,,,,,
2022-04-08,2.009999990463257,2.009999990463257,2.009999990463257,2.009999990463257,2.009999990463257,0,,,,,,,,
2022-04-11,2.009999990463257,2.009999990463257,2.009999990463257,2.009999990463257,2.009999990463257,0,,,,,,,,
2022-04-12,2.009999990463257,2.009999990463257,2.009999990463257,2.009999990463257,2.009999990463257,0,,,,,,,,
2022-04-13,2.009999990463257,2.009999990463257,2.009999990463257,2.009999990463257,2.009999990463257,0,,,,,,,,
2022-04-14,2.009999990463257,2.009999990463257,2.009999990463257,2.009999990463257,2.009999990463257,0,,,,,,,,
2022-04-18,2.009999990463257,2.009999990463257,2.009999990463257,2.009999990463257,2.009999990463257,0,,,,,,,,
2022-04-19,2.009999990463257,2.009999990463257,2.009999990463257,2.009999990463257,2.009999990463257,0,,,,,,,,
2022-04-20,2.009999990463257,2.009999990463257,2.009999990463257,2.009999990463257,2.009999990463257,0,,,,,,,,
2022-04-21,2.009999990463257,2.009999990463257,2.009999990463257,2.009999990463257,2.009999990463257,0,,,,,,,,
2022-04-22,2.009999990463257,2.009999990463257,2.009999990463257,2.009999990463257,2.009999990463257,0,,,,,,,,
2022-04-25,2.009999990463257,2.009999990463257,2.009999990463257,2.009999990463257,2.009999990463257,0,,,,,,,,
2022-04-26,2.009999990463257,2.009999990463257,2.009999990463257,2.009999990463257,2.009999990463257,0,,,,,,,,
2022-04-27,2.009999990463257,2.009999990463257,2.009999990463257,2.009999990463257,2.009999990463257,0,,,,,,,,
2022-04-28,2.009999990463257,2.009999990463257,2.009999990463257,2.009999990463257,2.009999990463257,0,,,,,,,,
2022-04-29,2.009999990463257,2.009999990463257,2.009999990463257,2.009999990463257,2.009999990463257,0,,,,,,,,
2022-05-02,2.009999990463257,2.009999990463257,2.009999990463257,2.009999990463257,2.009999990463257,0,,,,,,,,
2022-05-03,2.009999990463257,2.009999990463257,2.009999990463257,2.009999990463257,2.009999990463257,0,,,,,,,,
2022-05-04,2.009999990463257,2.009999990463257,2.009999990463257,2.009999990463257,2.009999990463257,0,,,,,,,,
2022-05-05,2.009999990463257,2.009999990463257,2.009999990463257,2.009999990463257,2.009999990463257,0,,,,,,,,
2022-05-06,2.009999990463257,2.009999990463257,2.009999990463257,2.009999990463257,2.009999990463257,0,,,,,,,,
2022-05-09,2.009999990463257,2.009999990463257,2.009999990463257,2.009999990463257,2.009999990463257,0,,,,,,,,
2022-05-10,2.009999990463257,2.009999990463257,2.009999990463257,2.009999990463257,2.009999990463257,0,,,,,,,,
2022-05-11,2.009999990463257,2.009999990463257,2.009999990463257,2.009999990463257,2.009999990463257,0,,,,,,,,
2022-05-12,2.009999990463257,2.009999990463257,2.009999990463257,2.009999990463257,2.009999990463257,0,,,,,,,,
2022-05-13,2.009999990463257,2.009999990463257,2.009999990463257,2.009999990463257,2.009999990463257,0,,,,,,,,
2022-05-16,2.009999990463257,2.009999990463257,2.009999990463257,2.009999990463257,2.009999990463257,0,,,,,,,,
2022-05-17,2.009999990463257,2.009999990463257,2.009999990463257,2.009999990463257,2.009999990463257,0,,,,,,,,
2022-05-18,2.009999990463257,2.009999990463257,2.009999990463257,2.009999990463257,2.009999990463257,0,,,,,,,,
2022-05-19,2.009999990463257,2.009999990463257,2.009999990463257,2.009999990463257,2.009999990463257,0,,,,,,,,
2022-05-20,2.009999990463257,2.009999990463257,2.009999990463257,2.009999990463257,2.009999990463257,0,,,,,,,,
2022-05-23,2.009999990463257,2.009999990463257,2.009999990463257,2.009999990463257,2.009999990463257,0,,,,,,,,
2022-05-24,2.009999990463257,2.009999990463257,2.009999990463257,2.009999990463257,2.009999990463257,0,,,,,,,,
2022-05-25,2.009999990463257,2.009999990463257,2.009999990463257,2.009999990463257,2.009999990463257,0,,,,,,,,
2022-05-26,2.009999990463257,2.009999990463257,2.009999990463257,2.009999990463257,2.009999990463257,0,,,,,,,,
2022-05-27,2.009999990463257,2.009999990463257,2.009999990463257,2.009999990463257,2.009999990463257,0,,,,,,,,
2022-05-31,2.009999990463257,2.009999990463257,2.009999990463257,2.009999990463257,2.009999990463257,0,,,,,,,,
2022-06-01,2.009999990463257,2.009999990463257,2.009999990463257,2.009999990463257,2.009999990463257,0,,,,,,,,
2022-06-02,2.009999990463257,2.009999990463257,2.009999990463257,2.009999990463257,2.009999990463257,0,,,,,,,,
2022-06-03,2.009999990463257,2.009999990463257,2.009999990463257,2.009999990463257,2.009999990463257,0,,,,,,,,
2022-06-06,2.009999990463257,2.009999990463257,2.009999990463257,2.009999990463257,2.009999990463257,0,,,,,,,,
2022-06-07,2.009999990463257,2.009999990463257,2.009999990463257,2.009999990463257,2.009999990463257,0,,,,,,,,
2022-06-08,2.009999990463257,2.009999990463257,2.009999990463257,2.009999990463257,2.009999990463257,0,,,,,,,,
2022-06-09,2.009999990463257,2.009999990463257,2.009999990463257,2.009999990463257,2.009999990463257,0,,,,,,,,
2022-06-10,2.009999990463257,2.009999990463257,2.009999990463257,2.009999990463257,2.009999990463257,0,,,,,,,,
2022-06-13,2.009999990463257,2.009999990463257,2.009999990463257,2.009999990463257,2.009999990463257,0,,,,,,,,
2022-06-14,2.009999990463257,2.009999990463257,2.009999990463257,2.009999990463257,2.009999990463257,0,,,,,,,,
2022-06-15,2.009999990463257,2.009999990463257,2.009999990463257,2.009999990463257,2.009999990463257,0,,,,,,,,
2022-06-16,2.009999990463257,2.009999990463257,2.009999990463257,2.009999990463257,2.009999990463257,0,,,,,,,,
2022-06-17,2.009999990463257,2.009999990463257,2.009999990463257,2.009999990463257,2.009999990463257,0,,,,,,,,
2022-06-21,2.009999990463257,2.009999990463257,2.009999990463257,2.009999990463257,2.009999990463257,0,,,,,,,,
2022-06-22,2.009999990463257,2.009999990463257,2.009999990463257,2.009999990463257,2.009999990463257,0,,,,,,,,
2022-06-23,2.009999990463257,2.009999990463257,2.009999990463257,2.009999990463257,2.009999990463257,0,,,,,,,,
2022-06-24,2.009999990463257,2.009999990463257,2.009999990463257,2.009999990463257,2.009999990463257,0,,,,,,,,
2022-06-27,2.009999990463257,2.009999990463257,2.009999990463257,2.009999990463257,2.009999990463257,0,,,,,,,,
2022-06-28,2.009999990463257,2.009999990463257,2.009999990463257,2.009999990463257,2.009999990463257,0,,,,,,,,
2022-06-29,2.009999990463257,2.009999990463257,2.009999990463257,2.009999990463257,2.009999990463257,0,,,,,,,,
2022-06-30,2.009999990463257,2.009999990463257,2.009999990463257,2.009999990463257,2.009999990463257,0,,,,,,,,
2022-07-01,2.009999990463257,2.009999990463257,2.009999990463257,2.009999990463257,2.009999990463257,0,,,,,,,,
2022-07-05,2.009999990463257,2.009999990463257,2.009999990463257,2.009999990463257,2.009999990463257,0,,,,,,,,
2022-07-06,2.009999990463257,2.009999990463257,2.009999990463257,2.009999990463257,2.009999990463257,0,,,,,,,,
2022-07-07,2.009999990463257,2.009999990463257,2.009999990463257,2.009999990463257,2.009999990463257,0,,,,,,,,
2022-07-08,2.009999990463257,2.009999990463257,2.009999990463257,2.009999990463257,2.009999990463257,0,,,,,,,,
2022-07-11,2.009999990463257,2.009999990463257,2.009999990463257,2.009999990463257,2.009999990463257,0,,,,,,,,
2022-07-12,2.009999990463257,2.009999990463257,2.009999990463257,2.009999990463257,2.009999990463257,0,,,,,,,,
2022-07-13,2.009999990463257,2.009999990463257,2.009999990463257,2.009999990463257,2.009999990463257,0,,,,,,,,
2022-07-14,2.009999990463257,2.009999990463257,2.009999990463257,2.009999990463257,2.009999990463257,0,,,,,,,,
2022-07-15,2.009999990463257,2.009999990463257,2.009999990463257,2.009999990463257,2.009999990463257,0,,,,,,,,
2022-07-18,2.009999990463257,2.009999990463257,2.009999990463257,2.009999990463257,2.009999990463257,0,,,,,,,,
2022-07-19,2.009999990463257,2.009999990463257,2.009999990463257,2.009999990463257,2.009999990463257,0,,,,,,,,
2022-07-20,2.009999990463257,2.009999990463257,2.009999990463257,2.009999990463257,2.009999990463257,0,,,,,,,,
2022-07-21,2.009999990463257,2.009999990463257,2.009999990463257,2.009999990463257,2.009999990463257,0,,,,,,,,
2022-07-22,2.009999990463257,2.009999990463257,2.009999990463257,2.009999990463257,2.009999990463257,0,,,,,,,,
2022-07-25,2.009999990463257,2.009999990463257,2.009999990463257,2.009999990463257,2.009999990463257,0,,,,,,,,
2022-07-26,2.009999990463257,2.009999990463257,2.009999990463257,2.009999990463257,2.009999990463257,0,,,,,,,,
2022-07-27,2.009999990463257,2.009999990463257,2.009999990463257,2.009999990463257,2.009999990463257,0,,,,,,,,
2022-07-28,2.009999990463257,2.009999990463257,2.009999990463257,2.009999990463257,2.009999990463257,0,,,,,,,,
2022-07-29,2.009999990463257,2.009999990463257,2.009999990463257,2.009999990463257,2.009999990463257,0,,,,,,,,
2022-08-01,2.009999990463257,2.009999990463257,2.009999990463257,2.009999990463257,2.009999990463257,0,,,,,,,,
2022-08-02,2.009999990463257,2.009999990463257,2.009999990463257,2.009999990463257,2.009999990463257,0,,,,,,,,
2022-08-03,2.009999990463257,2.009999990463257,2.009999990463257,2.009999990463257,2.009999990463257,0,,,,,,,,
2022-08-04,2.009999990463257,2.009999990463257,2.009999990463257,2.009999990463257,2.009999990463257,0,,,,,,,,
2022-08-05,2.009999990463257,2.009999990463257,2.009999990463257,2.009999990463257,2.009999990463257,0,,,,,,,,
2022-08-08,2.0799999237060547,2.0799999237060547,2.0799999237060547,2.0799999237060547,2.0799999237060547,100,,,,,,,,
2022-08-09,2.0799999237060547,2.0799999237060547,2.0799999237060547,2.0799999237060547,2.0799999237060547,0,,,,,,,,
2022-08-10,2.0799999237060547,2.0799999237060547,2.0799999237060547,2.0799999237060547,2.0799999237060547,0,,,,,,,,
2022-08-11,2.0799999237060547,2.0799999237060547,2.0799999237060547,2.0799999237060547,2.0799999237060547,0,,,,,,,,
2022-08-12,2.0799999237060547,2.0799999237060547,2.0799999237060547,2.0799999237060547,2.0799999237060547,0,,,,,,,,
2022-08-15,2.0799999237060547,2.0799999237060547,2.0799999237060547,2.0799999237060547,2.0799999237060547,0,,,,,,,,
2022-08-16,2.0799999237060547,2.0799999237060547,2.0799999237060547,2.0799999237060547,2.0799999237060547,0,,,,,,,,
2022-08-17,2.0799999237060547,2.0799999237060547,2.0799999237060547,2.0799999237060547,2.0799999237060547,0,,,,,,,,
2022-08-18,2.0799999237060547,2.0799999237060547,2.0799999237060547,2.0799999237060547,2.0799999237060547,0,,,,,,,,
2022-08-19,2.0799999237060547,2.0799999237060547,2.0799999237060547,2.0799999237060547,2.0799999237060547,0,,,,,,,,
2022-08-22,2.0799999237060547,2.0799999237060547,2.0799999237060547,2.0799999237060547,2.0799999237060547,0,,,,,,,,
2022-08-23,2.0799999237060547,2.0799999237060547,2.0799999237060547,2.0799999237060547,2.0799999237060547,0,,,,,,,,
2022-08-24,2.0799999237060547,2.0799999237060547,2.0799999237060547,2.0799999237060547,2.0799999237060547,0,,,,,,,,
2022-08-25,2.0799999237060547,2.0799999237060547,2.0799999237060547,2.0799999237060547,2.0799999237060547,0,,,,,,,,
2022-08-26,2.0799999237060547,2.0799999237060547,2.0799999237060547,2.0799999237060547,2.0799999237060547,0,,,,,,,,
2022-08-29,2.0799999237060547,2.0799999237060547,2.0799999237060547,2.0799999237060547,2.0799999237060547,0,,,,,,,,
2022-08-30,2.0799999237060547,2.0799999237060547,2.0799999237060547,2.0799999237060547,2.0799999237060547,0,,,,,,,,
2022-08-31,2.0799999237060547,2.0799999237060547,2.0799999237060547,2.0799999237060547,2.0799999237060547,0,,,,,,,,
2022-09-01,2.0799999237060547,2.0799999237060547,2.0799999237060547,2.0799999237060547,2.0799999237060547,0,,,,,,,,
2022-09-02,2.0799999237060547,2.0799999237060547,2.0799999237060547,2.0799999237060547,2.0799999237060547,0,,,,,,,,
2022-09-06,2.0799999237060547,2.0799999237060547,2.0799999237060547,2.0799999237060547,2.0799999237060547,0,,,,,,,,
2022-09-07,2.0799999237060547,2.0799999237060547,2.0799999237060547,2.0799999237060547,2.0799999237060547,0,,,,,,,,
2022-09-08,2.0799999237060547,2.0799999237060547,2.0799999237060547,2.0799999237060547,2.0799999237060547,0,,,,,,,,
2022-09-09,2.0799999237060547,2.0799999237060547,2.0799999237060547,2.0799999237060547,2.0799999237060547,0,,,,,,,,
2022-09-12,2.0799999237060547,2.0799999237060547,2.0799999237060547,2.0799999237060547,2.0799999237060547,0,,,,,,,,
2022-09-13,2.0799999237060547,2.0799999237060547,2.0799999237060547,2.0799999237060547,2.0799999237060547,0,,,,,,,,
2022-09-14,2.0799999237060547,2.0799999237060547,2.0799999237060547,2.0799999237060547,2.0799999237060547,0,,,,,,,,
2022-09-15,2.0799999237060547,2.0799999237060547,2.0799999237060547,2.0799999237060547,2.0799999237060547,0,,,,,,,,
2022-09-16,2.0799999237060547,2.0799999237060547,2.0799999237060547,2.0799999237060547,2.0799999237060547,0,,,,,,,,
2022-09-19,2.0799999237060547,2.0799999237060547,2.0799999237060547,2.0799999237060547,2.0799999237060547,0,,,,,,,,
2022-09-20,2.0799999237060547,2.0799999237060547,2.0799999237060547,2.0799999237060547,2.0799999237060547,0,,,,,,,,
2022-09-21,2.0799999237060547,2.0799999237060547,2.0799999237060547,2.0799999237060547,2.0799999237060547,0,,,,,,,,
2022-09-22,2.0799999237060547,2.0799999237060547,2.0799999237060547,2.0799999237060547,2.0799999237060547,0,,,,,,,,
2022-09-23,2.0799999237060547,2.0799999237060547,2.0799999237060547,2.0799999237060547,2.0799999237060547,0,,,,,,,,
2022-09-26,2.0799999237060547,2.0799999237060547,2.0799999237060547,2.0799999237060547,2.0799999237060547,0,,,,,,,,
2022-09-27,2.0799999237060547,2.0799999237060547,2.0799999237060547,2.0799999237060547,2.0799999237060547,0,,,,,,,,
2022-09-28,2.0799999237060547,2.0799999237060547,2.0799999237060547,2.0799999237060547,2.0799999237060547,0,,,,,,,,
2022-09-29,2.0799999237060547,2.0799999237060547,2.0799999237060547,2.0799999237060547,2.0799999237060547,0,,,,,,,,
2022-09-30,2.0799999237060547,2.0799999237060547,2.0799999237060547,2.0799999237060547,2.0799999237060547,0,,,,,,,,
2022-10-03,2.0799999237060547,2.0799999237060547,2.0799999237060547,2.0799999237060547,2.0799999237060547,0,,,,,,,,
2022-10-04,2.0799999237060547,2.0799999237060547,2.0799999237060547,2.0799999237060547,2.0799999237060547,0,,,,,,,,
2022-10-05,2.0799999237060547,2.0799999237060547,2.0799999237060547,2.0799999237060547,2.0799999237060547,0,,,,,,,,
2022-10-06,2.0799999237060547,2.0799999237060547,2.0799999237060547,2.0799999237060547,2.0799999237060547,0,,,,,,,,
2022-10-07,2.0799999237060547,2.0799999237060547,2.0799999237060547,2.0799999237060547,2.0799999237060547,0,,,,,,,,
2022-10-10,2.0799999237060547,2.0799999237060547,2.0799999237060547,2.0799999237060547,2.0799999237060547,0,,,,,,,,
2022-10-11,2.0799999237060547,2.0799999237060547,2.0799999237060547,2.0799999237060547,2.0799999237060547,0,,,,,,,,
2022-10-12,2.0799999237060547,2.0799999237060547,2.0799999237060547,2.0799999237060547,2.0799999237060547,0,,,,,,,,
2022-10-13,2.0799999237060547,2.0799999237060547,2.0799999237060547,2.0799999237060547,2.0799999237060547,0,,,,,,,,
2022-10-14,2.0799999237060547,2.0799999237060547,2.0799999237060547,2.0799999237060547,2.0799999237060547,0,,,,,,,,
2022-10-17,2.0799999237060547,2.0799999237060547,2.0799999237060547,2.0799999237060547,2.0799999237060547,0,,,,,,,,
2022-10-18,2.0799999237060547,2.0799999237060547,2.0799999237060547,2.0799999237060547,2.0799999237060547,0,,,,,,,,
2022-10-19,2.0799999237060547,2.0799999237060547,2.0799999237060547,2.0799999237060547,2.0799999237060547,0,,,,,,,,
2022-10-20,2.0799999237060547,2.0799999237060547,2.0799999237060547,2.0799999237060547,2.0799999237060547,0,,,,,,,,
2022-10-21,2.0799999237060547,2.0799999237060547,2.0799999237060547,2.0799999237060547,2.0799999237060547,0,,,,,,,,
2022-10-24,2.0799999237060547,2.0799999237060547,2.0799999237060547,2.0799999237060547,2.0799999237060547,0,,,,,,,,
2022-10-25,2.0799999237060547,2.0799999237060547,2.0799999237060547,2.0799999237060547,2.0799999237060547,0,,,,,,,,
2022-10-26,2.0799999237060547,2.0799999237060547,2.0799999237060547,2.0799999237060547,2.0799999237060547,0,,,,,,,,
2022-10-27,2.0799999237060547,2.0799999237060547,2.0799999237060547,2.0799999237060547,2.0799999237060547,0,,,,,,,,
2022-10-28,2.0799999237060547,2.0799999237060547,2.0799999237060547,2.0799999237060547,2.0799999237060547,0,,,,,,,,
2022-10-31,2.0799999237060547,2.0799999237060547,2.0799999237060547,2.0799999237060547,2.0799999237060547,0,,,,,,,,
2022-11-01,2.0799999237060547,2.0799999237060547,2.0799999237060547,2.0799999237060547,2.0799999237060547,0,,,,,,,,
2022-11-02,2.0799999237060547,2.0799999237060547,2.0799999237060547,2.0799999237060547,2.0799999237060547,0,,,,,,,,
2022-11-03,2.0799999237060547,2.0799999237060547,2.0799999237060547,2.0799999237060547,2.0799999237060547,0,,,,,,,,
2022-11-04,2.0799999237060547,2.0799999237060547,2.0799999237060547,2.0799999237060547,2.0799999237060547,0,,,,,,,,
2022-11-07,2.0799999237060547,2.0799999237060547,2.0799999237060547,2.0799999237060547,2.0799999237060547,0,,,,,,,,
2022-11-08,2.0799999237060547,2.0799999237060547,2.0799999237060547,2.0799999237060547,2.0799999237060547,0,,,,,,,,
2022-11-09,2.0799999237060547,2.0799999237060547,2.0799999237060547,2.0799999237060547,2.0799999237060547,0,,,,,,,,
2022-11-10,2.0799999237060547,2.0799999237060547,2.0799999237060547,2.0799999237060547,2.0799999237060547,0,,,,,,,,
2022-11-11,2.0799999237060547,2.0799999237060547,2.0799999237060547,2.0799999237060547,2.0799999237060547,0,,,,,,,,
2022-11-14,2.0799999237060547,2.0799999237060547,2.0799999237060547,2.0799999237060547,2.0799999237060547,0,,,,,,,,
2022-11-15,2.0799999237060547,2.0799999237060547,2.0799999237060547,2.0799999237060547,2.0799999237060547,0,,,,,,,,
2022-11-16,2.0799999237060547,2.0799999237060547,2.0799999237060547,2.0799999237060547,2.0799999237060547,0,,,,,,,,
2022-11-17,2.0799999237060547,2.0799999237060547,2.0799999237060547,2.0799999237060547,2.0799999237060547,0,,,,,,,,
2022-11-18,2.0799999237060547,2.0799999237060547,2.0799999237060547,2.0799999237060547,2.0799999237060547,0,,,,,,,,
2022-11-21,2.0799999237060547,2.0799999237060547,2.0799999237060547,2.0799999237060547,2.0799999237060547,0,,,,,,,,
2022-11-22,2.0799999237060547,2.0799999237060547,2.0799999237060547,2.0799999237060547,2.0799999237060547,0,,,,,,,,
2022-11-23,2.0799999237060547,2.0799999237060547,2.0799999237060547,2.0799999237060547,2.0799999237060547,0,,,,,,,,
2022-11-25,2.0799999237060547,2.0799999237060547,2.0799999237060547,2.0799999237060547,2.0799999237060547,0,,,,,,,,
2022-11-28,2.0799999237060547,2.0799999237060547,2.0799999237060547,2.0799999237060547,2.0799999237060547,0,,,,,,,,
2022-11-29,2.0799999237060547,2.0799999237060547,2.0799999237060547,2.0799999237060547,2.0799999237060547,0,,,,,,,,
2022-11-30,2.0799999237060547,2.0799999237060547,2.0799999237060547,2.0799999237060547,2.0799999237060547,0,,,,,,,,
2022-12-01,2.0799999237060547,2.0799999237060547,2.0799999237060547,2.0799999237060547,2.0799999237060547,0,,,,,,,,
2022-12-02,2.0799999237060547,2.0799999237060547,2.0799999237060547,2.0799999237060547,2.0799999237060547,0,,,,,,,,
2022-12-05,2.0799999237060547,2.0799999237060547,2.0799999237060547,2.0799999237060547,2.0799999237060547,0,,,,,,,,
2022-12-06,2.0799999237060547,2.0799999237060547,2.0799999237060547,2.0799999237060547,2.0799999237060547,0,,,,,,,,
2022-12-07,2.0799999237060547,2.0799999237060547,2.0799999237060547,2.0799999237060547,2.0799999237060547,0,,,,,,,,
2022-12-08,2.0799999237060547,2.0799999237060547,2.0799999237060547,2.0799999237060547,2.0799999237060547,0,,,,,,,,
2022-12-09,2.0799999237060547,2.0799999237060547,2.0799999237060547,2.0799999237060547,2.0799999237060547,0,,,,,,,,
2022-12-12,2.0799999237060547,2.0799999237060547,2.0799999237060547,2.0799999237060547,2.0799999237060547,0,,,,,,,,
2022-12-13,2.0799999237060547,2.0799999237060547,2.0799999237060547,2.0799999237060547,2.0799999237060547,0,,,,,,,,
2022-12-14,2.0799999237060547,2.0799999237060547,2.0799999237060547,2.0799999237060547,2.0799999237060547,0,,,,,,,,
2022-12-15,2.0799999237060547,2.0799999237060547,2.0799999237060547,2.0799999237060547,2.0799999237060547,0,,,,,,,,
2022-12-16,2.0799999237060547,2.0799999237060547,2.0799999237060547,2.0799999237060547,2.0799999237060547,0,,,,,,,,
2022-12-19,2.0799999237060547,2.0799999237060547,2.0799999237060547,2.0799999237060547,2.0799999237060547,0,,,,,,,,
2022-12-20,2.0799999237060547,2.0799999237060547,2.0799999237060547,2.0799999237060547,2.0799999237060547,0,,,,,,,,
2022-12-21,2.0799999237060547,2.0799999237060547,2.0799999237060547,2.0799999237060547,2.0799999237060547,0,,,,,,,,
2022-12-22,2.0799999237060547,2.0799999237060547,2.0799999237060547,2.0799999237060547,2.0799999237060547,0,,,,,,,,
2022-12-23,2.0799999237060547,2.0799999237060547,2.0799999237060547,2.0799999237060547,2.0799999237060547,0,,,,,,,,
2022-12-27,2.0799999237060547,2.0799999237060547,2.0799999237060547,2.0799999237060547,2.0799999237060547,0,,,,,,,,
2022-12-28,2.0799999237060547,2.0799999237060547,2.0799999237060547,2.0799999237060547,2.0799999237060547,0,,,,,,,,
2022-12-29,2.0799999237060547,2.0799999237060547,2.0799999237060547,2.0799999237060547,2.0799999237060547,0,,,,,,,,
2022-12-30,2.0799999237060547,2.0799999237060547,2.0799999237060547,2.0799999237060547,2.0799999237060547,0,,,,,,,,
2023-01-03,2.0799999237060547,2.0799999237060547,2.0799999237060547,2.0799999237060547,2.0799999237060547,0,,,,,,,,
2023-01-04,2.0799999237060547,2.0799999237060547,2.0799999237060547,2.0799999237060547,2.0799999237060547,0,,,,,,,,
2023-01-05,2.0799999237060547,2.0799999237060547,2.0799999237060547,2.0799999237060547,2.0799999237060547,0,,,,,,,,
2023-01-06,2.0799999237060547,2.0799999237060547,2.0799999237060547,2.0799999237060547,2.0799999237060547,0,,,,,,,,
2023-01-09,2.0799999237060547,2.0799999237060547,2.0799999237060547,2.0799999237060547,2.0799999237060547,0,,,,,,,,
2023-01-10,2.0799999237060547,2.0799999237060547,2.0799999237060547,2.0799999237060547,2.0799999237060547,0,,,,,,,,
2023-01-11,2.0799999237060547,2.0799999237060547,2.0799999237060547,2.0799999237060547,2.0799999237060547,0,,,,,,,,
2023-01-12,2.0799999237060547,2.0799999237060547,2.0799999237060547,2.0799999237060547,2.0799999237060547,0,,,,,,,,
2023-01-13,2.0799999237060547,2.0799999237060547,2.0799999237060547,2.0799999237060547,2.0799999237060547,0,,,,,,,,
2023-01-17,2.0799999237060547,2.0799999237060547,2.0799999237060547,2.0799999237060547,2.0799999237060547,0,,,,,,,,
2023-01-18,2.0799999237060547,2.0799999237060547,2.0799999237060547,2.0799999237060547,2.0799999237060547,0,,,,,,,,
2023-01-19,2.0799999237060547,2.0799999237060547,2.0799999237060547,2.0799999237060547,2.0799999237060547,0,,,,,,,,
2023-01-20,2.0799999237060547,2.0799999237060547,2.0799999237060547,2.0799999237060547,2.0799999237060547,0,,,,,,,,
2023-01-23,2.0799999237060547,2.0799999237060547,2.0799999237060547,2.0799999237060547,2.0799999237060547,0,,,,,,,,
2023-01-24,2.0799999237060547,2.0799999237060547,2.0799999237060547,2.0799999237060547,2.0799999237060547,0,,,,,,,,
2023-01-25,2.0799999237060547,2.0799999237060547,2.0799999237060547,2.0799999237060547,2.0799999237060547,0,,,,,,,,
2023-01-26,2.0799999237060547,2.0799999237060547,2.0799999237060547,2.0799999237060547,2.0799999237060547,0,,,,,,,,
2023-01-27,2.0799999237060547,2.0799999237060547,2.0799999237060547,2.0799999237060547,2.0799999237060547,0,,,,,,,,
2023-01-30,2.0799999237060547,2.0799999237060547,2.0799999237060547,2.0799999237060547,2.0799999237060547,0,,,,,,,,
2023-01-31,2.0799999237060547,2.0799999237060547,2.0799999237060547,2.0799999237060547,2.0799999237060547,0,,,,,,,,
2023-02-01,2.0799999237060547,2.0799999237060547,2.0799999237060547,2.0799999237060547,2.0799999237060547,0,,,,,,,,
2023-02-02,2.0799999237060547,2.0799999237060547,2.0799999237060547,2.0799999237060547,2.0799999237060547,0,,,,,,,,
2023-02-03,2.0799999237060547,2.0799999237060547,2.0799999237060547,2.0799999237060547,2.0799999237060547,0,,,,,,,,
2023-02-06,2.0799999237060547,2.0799999237060547,2.0799999237060547,2.0799999237060547,2.0799999237060547,0,,,,,,,,
2023-02-07,2.0799999237060547,2.0799999237060547,2.0799999237060547,2.0799999237060547,2.0799999237060547,0,,,,,,,,
2023-02-08,2.0799999237060547,2.0799999237060547,2.0799999237060547,2.0799999237060547,2.0799999237060547,0,,,,,,,,
2023-02-09,2.0799999237060547,2.0799999237060547,2.0799999237060547,2.0799999237060547,2.0799999237060547,0,,,,,,,,
2023-02-10,2.0799999237060547,2.0799999237060547,2.0799999237060547,2.0799999237060547,2.0799999237060547,0,,,,,,,,
2023-02-13,2.0799999237060547,2.0799999237060547,2.0799999237060547,2.0799999237060547,2.0799999237060547,0,,,,,,,,
2023-02-14,2.0799999237060547,2.0799999237060547,2.0799999237060547,2.0799999237060547,2.0799999237060547,0,,,,,,,,
2023-02-15,2.0799999237060547,2.0799999237060547,2.0799999237060547,2.0799999237060547,2.0799999237060547,0,,,,,,,,
2023-02-16,2.0799999237060547,2.0799999237060547,2.0799999237060547,2.0799999237060547,2.0799999237060547,0,,,,,,,,
2023-02-17,2.0799999237060547,2.0799999237060547,2.0799999237060547,2.0799999237060547,2.0799999237060547,0,,,,,,,,
2023-02-21,2.0799999237060547,2.0799999237060547,2.0799999237060547,2.0799999237060547,2.0799999237060547,0,,,,,,,,
2023-02-22,2.0799999237060547,2.0799999237060547,2.0799999237060547,2.0799999237060547,2.0799999237060547,0,,,,,,,,
2023-02-23,2.0799999237060547,2.0799999237060547,2.0799999237060547,2.0799999237060547,2.0799999237060547,0,,,,,,,,
2023-02-24,2.0799999237060547,2.0799999237060547,2.0799999237060547,2.0799999237060547,2.0799999237060547,0,,,,,,,,
2023-02-27,2.0799999237060547,2.0799999237060547,2.0799999237060547,2.0799999237060547,2.0799999237060547,0,,,,,,,,
2023-02-28,2.0799999237060547,2.0799999237060547,2.0799999237060547,2.0799999237060547,2.0799999237060547,0,,,,,,,,
2023-03-01,2.0799999237060547,2.0799999237060547,2.0799999237060547,2.0799999237060547,2.0799999237060547,0,,,,,,,,
2023-03-02,2.0799999237060547,2.0799999237060547,2.0799999237060547,2.0799999237060547,2.0799999237060547,0,,,,,,,,
2023-03-03,2.0799999237060547,2.0799999237060547,2.0799999237060547,2.0799999237060547,2.0799999237060547,0,,,,,,,,
2023-03-06,2.0799999237060547,2.0799999237060547,2.0799999237060547,2.0799999237060547,2.0799999237060547,0,,,,,,,,
2023-03-07,2.0799999237060547,2.0799999237060547,2.0799999237060547,2.0799999237060547,2.0799999237060547,0,,,,,,,,
2023-03-08,2.0799999237060547,2.0799999237060547,2.0799999237060547,2.0799999237060547,2.0799999237060547,0,,,,,,,,
2023-03-09,2.0799999237060547,2.0799999237060547,2.0799999237060547,2.0799999237060547,2.0799999237060547,0,,,,,,,,
2023-03-10,2.0799999237060547,2.0799999237060547,2.0799999237060547,2.0799999237060547,2.0799999237060547,0,,,,,,,,
2023-03-13,2.0799999237060547,2.0799999237060547,2.0799999237060547,2.0799999237060547,2.0799999237060547,0,,,,,,,,
2023-03-14,2.0799999237060547,2.0799999237060547,2.0799999237060547,2.0799999237060547,2.0799999237060547,0,,,,,,,,
2023-03-15,2.0799999237060547,2.0799999237060547,2.0799999237060547,2.0799999237060547,2.0799999237060547,0,,,,,,,,
2023-03-16,2.0799999237060547,2.0799999237060547,2.0799999237060547,2.0799999237060547,2.0799999237060547,0,,,,,,,,
2023-03-17,2.0799999237060547,2.0799999237060547,2.0799999237060547,2.0799999237060547,2.0799999237060547,0,,,,,,,,
2023-03-20,2.0799999237060547,2.0799999237060547,2.0799999237060547,2.0799999237060547,2.0799999237060547,0,,,,,,,,
2023-03-21,2.0799999237060547,2.0799999237060547,2.0799999237060547,2.0799999237060547,2.0799999237060547,0,,,,,,,,
2023-03-22,2.0799999237060547,2.0799999237060547,2.0799999237060547,2.0799999237060547,2.0799999237060547,0,,,,,,,,
2023-03-23,2.0799999237060547,2.0799999237060547,2.0799999237060547,2.0799999237060547,2.0799999237060547,0,,,,,,,,
2023-03-24,2.0799999237060547,2.0799999237060547,2.0799999237060547,2.0799999237060547,2.0799999237060547,0,,,,,,,,
2023-03-27,2.0799999237060547,2.0799999237060547,2.0799999237060547,2.0799999237060547,2.0799999237060547,0,,,,,,,,
2023-03-28,2.0799999237060547,2.0799999237060547,2.0799999237060547,2.0799999237060547,2.0799999237060547,0,,,,,,,,
2023-03-29,2.0799999237060547,2.0799999237060547,2.0799999237060547,2.0799999237060547,2.0799999237060547,0,,,,,,,,
2023-03-30,2.0799999237060547,2.0799999237060547,2.0799999237060547,2.0799999237060547,2.0799999237060547,0,,,,,,,,
2023-03-31,2.0799999237060547,2.0799999237060547,2.0799999237060547,2.0799999237060547,2.0799999237060547,0,,,,,,,,
2023-04-03,2.0799999237060547,2.0799999237060547,2.0799999237060547,2.0799999237060547,2.0799999237060547,0,,,,,,,,
2023-04-04,2.0799999237060547,2.0799999237060547,2.0799999237060547,2.0799999237060547,2.0799999237060547,0,,,,,,,,
2023-04-05,2.0799999237060547,2.0799999237060547,2.0799999237060547,2.0799999237060547,2.0799999237060547,0,,,,,,,,
2023-04-06,2.0799999237060547,2.0799999237060547,2.0799999237060547,2.0799999237060547,2.0799999237060547,0,,,,,,,,
2023-04-10,2.0799999237060547,2.0799999237060547,2.0799999237060547,2.0799999237060547,2.0799999237060547,0,,,,,,,,
2023-04-11,2.0799999237060547,2.0799999237060547,2.0799999237060547,2.0799999237060547,2.0799999237060547,0,,,,,,,,
2023-04-12,2.0799999237060547,2.0799999237060547,2.0799999237060547,2.0799999237060547,2.0799999237060547,0,,,,,,,,
2023-04-13,2.0799999237060547,2.0799999237060547,2.0799999237060547,2.0799999237060547,2.0799999237060547,0,,,,,,,,
2023-04-14,2.0799999237060547,2.0799999237060547,2.0799999237060547,2.0799999237060547,2.0799999237060547,0,,,,,,,,
2023-04-17,2.0799999237060547,2.0799999237060547,2.0799999237060547,2.0799999237060547,2.0799999237060547,0,,,,,,,,
2023-04-18,2.0799999237060547,2.0799999237060547,2.0799999237060547,2.0799999237060547,2.0799999237060547,0,,,,,,,,
2023-04-19,2.0799999237060547,2.0799999237060547,2.0799999237060547,2.0799999237060547,2.0799999237060547,0,,,,,,,,
2023-04-20,2.0799999237060547,2.0799999237060547,2.0799999237060547,2.0799999237060547,2.0799999237060547,0,,,,,,,,
2023-04-21,2.0799999237060547,2.0799999237060547,2.0799999237060547,2.0799999237060547,2.0799999237060547,0,,,,,,,,
2023-04-24,2.0799999237060547,2.0799999237060547,2.0799999237060547,2.0799999237060547,2.0799999237060547,0,,,,,,,,
2023-04-25,2.0799999237060547,2.0799999237060547,2.0799999237060547,2.0799999237060547,2.0799999237060547,0,,,,,,,,
2023-04-26,2.0799999237060547,2.0799999237060547,2.0799999237060547,2.0799999237060547,2.0799999237060547,0,,,,,,,,
2023-04-27,2.0799999237060547,2.0799999237060547,2.0799999237060547,2.0799999237060547,2.0799999237060547,0,,,,,,,,
2023-04-28,2.0799999237060547,2.0799999237060547,2.0799999237060547,2.0799999237060547,2.0799999237060547,0,,,,,,,,
2023-05-01,2.0799999237060547,2.0799999237060547,2.0799999237060547,2.0799999237060547,2.0799999237060547,0,,,,,,,,
2023-05-02,2.0799999237060547,2.0799999237060547,2.0799999237060547,2.0799999237060547,2.0799999237060547,0,,,,,,,,
2023-05-03,2.0799999237060547,2.0799999237060547,2.0799999237060547,2.0799999237060547,2.0799999237060547,0,,,,,,,,
2023-05-04,2.0799999237060547,2.0799999237060547,2.0799999237060547,2.0799999237060547,2.0799999237060547,0,,,,,,,,
2023-05-05,2.0799999237060547,2.0799999237060547,2.0799999237060547,2.0799999237060547,2.0799999237060547,0,,,,,,,,
2023-05-08,2.0799999237060547,2.0799999237060547,2.0799999237060547,2.0799999237060547,2.0799999237060547,0,,,,,,,,
2023-05-09,2.0799999237060547,2.0799999237060547,2.0799999237060547,2.0799999237060547,2.0799999237060547,0,,,,,,,,
2023-05-10,2.0799999237060547,2.0799999237060547,2.0799999237060547,2.0799999237060547,2.0799999237060547,0,,,,,,,,
2023-05-11,2.0799999237060547,2.0799999237060547,2.0799999237060547,2.0799999237060547,2.0799999237060547,0,,,,,,,,
2023-05-12,2.0799999237060547,2.0799999237060547,2.0799999237060547,2.0799999237060547,2.0799999237060547,0,,,,,,,,
2023-05-15,2.0799999237060547,2.0799999237060547,2.0799999237060547,2.0799999237060547,2.0799999237060547,0,,,,,,,,
2023-05-16,2.0799999237060547,2.0799999237060547,2.0799999237060547,2.0799999237060547,2.0799999237060547,0,,,,,,,,
2023-05-17,2.0799999237060547,2.0799999237060547,2.0799999237060547,2.0799999237060547,2.0799999237060547,0,,,,,,,,
2023-05-18,2.0799999237060547,2.0799999237060547,2.0799999237060547,2.0799999237060547,2.0799999237060547,0,,,,,,,,
2023-05-19,2.0799999237060547,2.0799999237060547,2.0799999237060547,2.0799999237060547,2.0799999237060547,0,,,,,,,,
2023-05-22,2.0799999237060547,2.0799999237060547,2.0799999237060547,2.0799999237060547,2.0799999237060547,0,,,,,,,,
2023-05-23,2.0799999237060547,2.0799999237060547,2.0799999237060547,2.0799999237060547,2.0799999237060547,0,,,,,,,,
2023-05-24,2.0799999237060547,2.0799999237060547,2.0799999237060547,2.0799999237060547,2.0799999237060547,0,,,,,,,,
2023-05-25,2.0799999237060547,2.0799999237060547,2.0799999237060547,2.0799999237060547,2.0799999237060547,0,,,,,,,,
2023-05-26,2.0799999237060547,2.0799999237060547,2.0799999237060547,2.0799999237060547,2.0799999237060547,0,,,,,,,,
2023-05-30,2.0799999237060547,2.0799999237060547,2.0799999237060547,2.0799999237060547,2.0799999237060547,0,,,,,,,,
2023-05-31,2.0799999237060547,2.0799999237060547,2.0799999237060547,2.0799999237060547,2.0799999237060547,0,,,,,,,,
2023-06-01,2.0799999237060547,2.0799999237060547,2.0799999237060547,2.0799999237060547,2.0799999237060547,0,,,,,,,,
2023-06-02,2.0799999237060547,2.0799999237060547,2.0799999237060547,2.0799999237060547,2.0799999237060547,0,,,,,,,,
2023-06-05,2.0799999237060547,2.0799999237060547,2.0799999237060547,2.0799999237060547,2.0799999237060547,0,,,,,,,,
2023-06-06,2.0799999237060547,2.0799999237060547,2.0799999237060547,2.0799999237060547,2.0799999237060547,0,,,,,,,,
2023-06-07,2.0799999237060547,2.0799999237060547,2.0799999237060547,2.0799999237060547,2.0799999237060547,0,,,,,,,,
2023-06-08,2.0799999237060547,2.0799999237060547,2.0799999237060547,2.0799999237060547,2.0799999237060547,0,,,,,,,,
2023-06-09,2.0799999237060547,2.0799999237060547,2.0799999237060547,2.0799999237060547,2.0799999237060547,0,,,,,,,,
2023-06-12,2.0799999237060547,2.0799999237060547,2.0799999237060547,2.0799999237060547,2.0799999237060547,0,,,,,,,,
2023-06-13,2.0799999237060547,2.0799999237060547,2.0799999237060547,2.0799999237060547,2.0799999237060547,0,,,,,,,,
2023-06-14,2.0799999237060547,2.0799999237060547,2.0799999237060547,2.0799999237060547,2.0799999237060547,0,,,,,,,,
2023-06-15,2.0799999237060547,2.0799999237060547,2.0799999237060547,2.0799999237060547,2.0799999237060547,0,,,,,,,,
2023-06-16,2.0799999237060547,2.0799999237060547,2.0799999237060547,2.0799999237060547,2.0799999237060547,0,,,,,,,,
2023-06-20,2.0799999237060547,2.0799999237060547,2.0799999237060547,2.0799999237060547,2.0799999237060547,0,,,,,,,,
2023-06-21,2.0799999237060547,2.0799999237060547,2.0799999237060547,2.0799999237060547,2.0799999237060547,0,,,,,,,,
2023-06-22,2.0799999237060547,2.0799999237060547,2.0799999237060547,2.0799999237060547,2.0799999237060547,0,,,,,,,,
2023-06-23,2.0799999237060547,2.0799999237060547,2.0799999237060547,2.0799999237060547,2.0799999237060547,0,,,,,,,,
2023-06-26,2.0799999237060547,2.0799999237060547,2.0799999237060547,2.0799999237060547,2.0799999237060547,0,,,,,,,,
2023-06-27,2.0799999237060547,2.0799999237060547,2.0799999237060547,2.0799999237060547,2.0799999237060547,0,,,,,,,,
2023-06-28,2.0799999237060547,2.0799999237060547,2.0799999237060547,2.0799999237060547,2.0799999237060547,0,,,,,,,,
2023-06-29,2.0799999237060547,2.0799999237060547,2.0799999237060547,2.0799999237060547,2.0799999237060547,0,,,,,,,,
2023-06-30,2.0799999237060547,2.0799999237060547,2.0799999237060547,2.0799999237060547,2.0799999237060547,0,,,,,,,,
2023-07-03,2.0799999237060547,2.0799999237060547,2.0799999237060547,2.0799999237060547,2.0799999237060547,0,,,,,,,,
2023-07-05,2.0799999237060547,2.0799999237060547,2.0799999237060547,2.0799999237060547,2.0799999237060547,0,,,,,,,,
2023-07-06,2.0799999237060547,2.0799999237060547,2.0799999237060547,2.0799999237060547,2.0799999237060547,0,,,,,,,,
2023-07-07,2.0799999237060547,2.0799999237060547,2.0799999237060547,2.0799999237060547,2.0799999237060547,0,,,,,,,,
2023-07-10,2.0799999237060547,2.0799999237060547,2.0799999237060547,2.0799999237060547,2.0799999237060547,0,,,,,,,,
2023-07-11,2.0799999237060547,2.0799999237060547,2.0799999237060547,2.0799999237060547,2.0799999237060547,0,,,,,,,,
2023-07-12,2.0799999237060547,2.0799999237060547,2.0799999237060547,2.0799999237060547,2.0799999237060547,0,,,,,,,,
2023-07-13,2.0799999237060547,2.0799999237060547,2.0799999237060547,2.0799999237060547,2.0799999237060547,0,,,,,,,,
2023-07-14,2.0799999237060547,2.0799999237060547,2.0799999237060547,2.0799999237060547,2.0799999237060547,0,,,,,,,,
2023-07-17,2.0799999237060547,2.0799999237060547,2.0799999237060547,2.0799999237060547,2.0799999237060547,0,,,,,,,,
2023-07-18,2.0799999237060547,2.0799999237060547,2.0799999237060547,2.0799999237060547,2.0799999237060547,0,,,,,,,,
2023-07-19,2.0799999237060547,2.0799999237060547,2.0799999237060547,2.0799999237060547,2.0799999237060547,0,,,,,,,,
2023-07-20,2.0799999237060547,2.0799999237060547,2.0799999237060547,2.0799999237060547,2.0799999237060547,0,,,,,,,,
2023-07-21,2.0799999237060547,2.0799999237060547,2.0799999237060547,2.0799999237060547,2.0799999237060547,0,,,,,,,,
2023-07-24,2.0799999237060547,2.0799999237060547,2.0799999237060547,2.0799999237060547,2.0799999237060547,0,,,,,,,,
2023-07-25,2.0799999237060547,2.0799999237060547,2.0799999237060547,2.0799999237060547,2.0799999237060547,0,,,,,,,,
2023-07-26,2.0799999237060547,2.0799999237060547,2.0799999237060547,2.0799999237060547,2.0799999237060547,0,,,,,,,,
2023-07-27,2.0799999237060547,2.0799999237060547,2.0799999237060547,2.0799999237060547,2.0799999237060547,0,,,,,,,,
2023-07-28,2.0799999237060547,2.0799999237060547,2.0799999237060547,2.0799999237060547,2.0799999237060547,0,,,,,,,,
2023-07-31,2.0799999237060547,2.0799999237060547,2.0799999237060547,2.0799999237060547,2.0799999237060547,0,,,,,,,,
2023-08-01,2.0799999237060547,2.0799999237060547,2.0799999237060547,2.0799999237060547,2.0799999237060547,0,,,,,,,,
2023-08-02,2.0799999237060547,2.0799999237060547,2.0799999237060547,2.0799999237060547,2.0799999237060547,0,,,,,,,,
2023-08-03,2.0799999237060547,2.0799999237060547,2.0799999237060547,2.0799999237060547,2.0799999237060547,0,,,,,,,,
2023-08-04,2.0799999237060547,2.0799999237060547,2.0799999237060547,2.0799999237060547,2.0799999237060547,0,,,,,,,,
2023-08-07,2.0799999237060547,2.0799999237060547,2.0799999237060547,2.0799999237060547,2.0799999237060547,0,,,,,,,,
2023-08-08,2.0799999237060547,2.0799999237060547,2.0799999237060547,2.0799999237060547,2.0799999237060547,0,,,,,,,,
2023-08-09,2.0799999237060547,2.0799999237060547,2.0799999237060547,2.0799999237060547,2.0799999237060547,0,,,,,,,,
2023-08-10,2.0799999237060547,2.0799999237060547,2.0799999237060547,2.0799999237060547,2.0799999237060547,0,,,,,,,,
2023-08-11,2.0799999237060547,2.0799999237060547,2.0799999237060547,2.0799999237060547,2.0799999237060547,0,,,,,,,,
2023-08-14,2.0799999237060547,2.0799999237060547,2.0799999237060547,2.0799999237060547,2.0799999237060547,0,,,,,,,,
2023-08-15,2.0799999237060547,2.0799999237060547,2.0799999237060547,2.0799999237060547,2.0799999237060547,0,,,,,,,,
2023-08-16,2.0799999237060547,2.0799999237060547,2.0799999237060547,2.0799999237060547,2.0799999237060547,0,,,,,,,,
2023-08-17,2.0799999237060547,2.0799999237060547,2.0799999237060547,2.0799999237060547,2.0799999237060547,0,,,,,,,,
2023-08-18,2.0799999237060547,2.0799999237060547,2.0799999237060547,2.0799999237060547,2.0799999237060547,0,,,,,,,,
2023-08-21,2.0799999237060547,2.0799999237060547,2.0799999237060547,2.0799999237060547,2.0799999237060547,0,,,,,,,,
2023-08-22,2.0799999237060547,2.0799999237060547,2.0799999237060547,2.0799999237060547,2.0799999237060547,0,,,,,,,,
2023-08-23,2.0799999237060547,2.0799999237060547,2.0799999237060547,2.0799999237060547,2.0799999237060547,0,,,,,,,,
2023-08-24,2.0799999237060547,2.0799999237060547,2.0799999237060547,2.0799999237060547,2.0799999237060547,0,,,,,,,,
2023-08-25,2.0799999237060547,2.0799999237060547,2.0799999237060547,2.0799999237060547,2.0799999237060547,0,,,,,,,,
2023-08-28,2.0799999237060547,2.0799999237060547,2.0799999237060547,2.0799999237060547,2.0799999237060547,0,,,,,,,,
2023-08-29,2.0799999237060547,2.0799999237060547,2.0799999237060547,2.0799999237060547,2.0799999237060547,0,,,,,,,,
2023-08-30,2.0799999237060547,2.0799999237060547,2.0799999237060547,2.0799999237060547,2.0799999237060547,0,,,,,,,,
2023-08-31,2.0799999237060547,2.0799999237060547,2.0799999237060547,2.0799999237060547,2.0799999237060547,0,,,,,,,,
2023-09-01,2.0799999237060547,2.0799999237060547,2.0799999237060547,2.0799999237060547,2.0799999237060547,0,,,,,,,,
2023-09-05,2.0799999237060547,2.0799999237060547,2.0799999237060547,2.0799999237060547,2.0799999237060547,0,,,,,,,,
2023-09-06,2.0799999237060547,2.0799999237060547,2.0799999237060547,2.0799999237060547,2.0799999237060547,0,,,,,,,,
2023-09-07,2.0799999237060547,2.0799999237060547,2.0799999237060547,2.0799999237060547,2.0799999237060547,0,,,,,,,,
2023-09-08,2.0799999237060547,2.0799999237060547,2.0799999237060547,2.0799999237060547,2.0799999237060547,0,,,,,,,,
2023-09-11,2.0799999237060547,2.0799999237060547,2.0799999237060547,2.0799999237060547,2.0799999237060547,0,,,,,,,,
2023-09-12,2.0799999237060547,2.0799999237060547,2.0799999237060547,2.0799999237060547,2.0799999237060547,0,,,,,,,,
2023-09-13,2.0799999237060547,2.0799999237060547,2.0799999237060547,2.0799999237060547,2.0799999237060547,0,,,,,,,,
2023-09-14,2.0799999237060547,2.0799999237060547,2.0799999237060547,2.0799999237060547,2.0799999237060547,0,,,,,,,,
2023-09-15,2.0799999237060547,2.0799999237060547,2.0799999237060547,2.0799999237060547,2.0799999237060547,0,,,,,,,,
2023-09-18,2.0799999237060547,2.0799999237060547,2.0799999237060547,2.0799999237060547,2.0799999237060547,0,,,,,,,,
2023-09-19,2.0799999237060547,2.0799999237060547,2.0799999237060547,2.0799999237060547,2.0799999237060547,0,,,,,,,,
2023-09-20,2.0799999237060547,2.0799999237060547,2.0799999237060547,2.0799999237060547,2.0799999237060547,0,,,,,,,,
2023-09-21,2.0799999237060547,2.0799999237060547,2.0799999237060547,2.0799999237060547,2.0799999237060547,0,,,,,,,,
2023-09-22,2.0799999237060547,2.0799999237060547,2.0799999237060547,2.0799999237060547,2.0799999237060547,0,,,,,,,,
2023-09-25,2.0799999237060547,2.0799999237060547,2.0799999237060547,2.0799999237060547,2.0799999237060547,0,,,,,,,,
2023-09-26,2.0799999237060547,2.0799999237060547,2.0799999237060547,2.0799999237060547,2.0799999237060547,0,,,,,,,,
2023-09-27,2.0799999237060547,2.0799999237060547,2.0799999237060547,2.0799999237060547,2.0799999237060547,0,,,,,,,,
2023-09-28,2.0799999237060547,2.0799999237060547,2.0799999237060547,2.0799999237060547,2.0799999237060547,0,,,,,,,,
2023-09-29,2.0799999237060547,2.0799999237060547,2.0799999237060547,2.0799999237060547,2.0799999237060547,0,,,,,,,,
2023-10-02,2.0799999237060547,2.0799999237060547,2.0799999237060547,2.0799999237060547,2.0799999237060547,0,,,,,,,,
2023-10-03,2.0799999237060547,2.0799999237060547,2.0799999237060547,2.0799999237060547,2.0799999237060547,0,,,,,,,,
2023-10-04,2.0799999237060547,2.0799999237060547,2.0799999237060547,2.0799999237060547,2.0799999237060547,0,,,,,,,,
2023-10-05,2.0799999237060547,2.0799999237060547,2.0799999237060547,2.0799999237060547,2.0799999237060547,0,,,,,,,,
2023-10-06,2.0799999237060547,2.0799999237060547,2.0799999237060547,2.0799999237060547,2.0799999237060547,0,,,,,,,,
2023-10-09,2.0799999237060547,2.0799999237060547,2.0799999237060547,2.0799999237060547,2.0799999237060547,0,,,,,,,,
2023-10-10,2.0799999237060547,2.0799999237060547,2.0799999237060547,2.0799999237060547,2.0799999237060547,0,,,,,,,,
2023-10-11,2.0799999237060547,2.0799999237060547,2.0799999237060547,2.0799999237060547,2.0799999237060547,0,,,,,,,,
2023-10-12,2.0799999237060547,2.0799999237060547,2.0799999237060547,2.0799999237060547,2.0799999237060547,0,,,,,,,,
2023-10-13,2.0799999237060547,2.0799999237060547,2.0799999237060547,2.0799999237060547,2.0799999237060547,0,,,,,,,,
2023-10-16,2.0799999237060547,2.0799999237060547,2.0799999237060547,2.0799999237060547,2.0799999237060547,0,,,,,,,,
2023-10-17,2.0799999237060547,2.0799999237060547,2.0799999237060547,2.0799999237060547,2.0799999237060547,0,,,,,,,,
2023-10-18,2.0799999237060547,2.0799999237060547,2.0799999237060547,2.0799999237060547,2.0799999237060547,0,,,,,,,,
2023-10-19,2.0799999237060547,2.0799999237060547,2.0799999237060547,2.0799999237060547,2.0799999237060547,0,,,,,,,,
2023-10-20,2.0799999237060547,2.0799999237060547,2.0799999237060547,2.0799999237060547,2.0799999237060547,0,,,,,,,,
2023-10-23,2.0799999237060547,2.0799999237060547,2.0799999237060547,2.0799999237060547,2.0799999237060547,0,,,,,,,,
2023-10-24,2.0799999237060547,2.0799999237060547,2.0799999237060547,2.0799999237060547,2.0799999237060547,0,,,,,,,,
2023-10-25,2.0799999237060547,2.0799999237060547,2.0799999237060547,2.0799999237060547,2.0799999237060547,0,,,,,,,,
2023-10-26,2.0799999237060547,2.0799999237060547,2.0799999237060547,2.0799999237060547,2.0799999237060547,0,,,,,,,,
2023-10-27,2.0799999237060547,2.0799999237060547,2.0799999237060547,2.0799999237060547,2.0799999237060547,0,,,,,,,,
2023-10-30,2.0799999237060547,2.0799999237060547,2.0799999237060547,2.0799999237060547,2.0799999237060547,0,,,,,,,,
2023-10-31,2.0799999237060547,2.0799999237060547,2.0799999237060547,2.0799999237060547,2.0799999237060547,0,,,,,,,,
2023-11-01,2.0799999237060547,2.0799999237060547,2.0799999237060547,2.0799999237060547,2.0799999237060547,0,,,,,,,,
2023-11-02,2.0799999237060547,2.0799999237060547,2.0799999237060547,2.0799999237060547,2.0799999237060547,0,,,,,,,,
2023-11-03,2.0799999237060547,2.0799999237060547,2.0799999237060547,2.0799999237060547,2.0799999237060547,0,,,,,,,,
2023-11-06,2.0799999237060547,2.0799999237060547,2.0799999237060547,2.0799999237060547,2.0799999237060547,0,,,,,,,,
2023-11-07,2.0799999237060547,2.0799999237060547,2.0799999237060547,2.0799999237060547,2.0799999237060547,0,,,,,,,,
2023-11-08,2.0799999237060547,2.0799999237060547,2.0799999237060547,2.0799999237060547,2.0799999237060547,0,,,,,,,,
2023-11-09,2.0799999237060547,2.0799999237060547,2.0799999237060547,2.0799999237060547,2.0799999237060547,0,,,,,,,,
2023-11-10,2.0799999237060547,2.0799999237060547,2.0799999237060547,2.0799999237060547,2.0799999237060547,0,,,,,,,,
2023-11-13,2.0799999237060547,2.0799999237060547,2.0799999237060547,2.0799999237060547,2.0799999237060547,0,,,,,,,,
2023-11-14,2.0799999237060547,2.0799999237060547,2.0799999237060547,2.0799999237060547,2.0799999237060547,0,,,,,,,,
2023-11-15,2.0799999237060547,2.0799999237060547,2.0799999237060547,2.0799999237060547,2.0799999237060547,0,,,,,,,,
2023-11-16,2.0799999237060547,2.0799999237060547,2.0799999237060547,2.0799999237060547,2.0799999237060547,0,,,,,,,,
2023-11-17,2.0799999237060547,2.0799999237060547,2.0799999237060547,2.0799999237060547,2.0799999237060547,0,,,,,,,,
2023-11-20,2.0799999237060547,2.0799999237060547,2.0799999237060547,2.0799999237060547,2.0799999237060547,0,,,,,,,,
2023-11-21,2.0799999237060547,2.0799999237060547,2.0799999237060547,2.0799999237060547,2.0799999237060547,0,,,,,,,,
2023-11-22,2.0799999237060547,2.0799999237060547,2.0799999237060547,2.0799999237060547,2.0799999237060547,0,,,,,,,,
2023-11-24,2.0799999237060547,2.0799999237060547,2.0799999237060547,2.0799999237060547,2.0799999237060547,0,,,,,,,,
2023-11-27,2.0799999237060547,2.0799999237060547,2.0799999237060547,2.0799999237060547,2.0799999237060547,0,,,,,,,,
2023-11-28,2.0799999237060547,2.0799999237060547,2.0799999237060547,2.0799999237060547,2.0799999237060547,0,,,,,,,,
2023-11-29,2.0799999237060547,2.0799999237060547,2.0799999237060547,2.0799999237060547,2.0799999237060547,0,,,,,,,,
2023-11-30,2.0799999237060547,2.0799999237060547,2.0799999237060547,2.0799999237060547,2.0799999237060547,0,,,,,,,,
2023-12-01,2.0799999237060547,2.0799999237060547,2.0799999237060547,2.0799999237060547,2.0799999237060547,0,,,,,,,,
2023-12-04,2.0799999237060547,2.0799999237060547,2.0799999237060547,2.0799999237060547,2.0799999237060547,0,,,,,,,,
2023-12-05,2.0799999237060547,2.0799999237060547,2.0799999237060547,2.0799999237060547,2.0799999237060547,0,,,,,,,,
2023-12-06,2.0799999237060547,2.0799999237060547,2.0799999237060547,2.0799999237060547,2.0799999237060547,0,,,,,,,,
2023-12-07,2.0799999237060547,2.0799999237060547,2.0799999237060547,2.0799999237060547,2.0799999237060547,0,,,,,,,,
2023-12-08,2.0799999237060547,2.0799999237060547,2.0799999237060547,2.0799999237060547,2.0799999237060547,0,,,,,,,,
2023-12-11,2.0799999237060547,2.0799999237060547,2.0799999237060547,2.0799999237060547,2.0799999237060547,0,,,,,,,,
2023-12-12,2.0799999237060547,2.0799999237060547,2.0799999237060547,2.0799999237060547,2.0799999237060547,0,,,,,,,,
2023-12-13,2.0799999237060547,2.0799999237060547,2.0799999237060547,2.0799999237060547,2.0799999237060547,0,,,,,,,,
2023-12-14,2.0799999237060547,2.0799999237060547,2.0799999237060547,2.0799999237060547,2.0799999237060547,0,,,,,,,,
2023-12-15,2.0799999237060547,2.0799999237060547,2.0799999237060547,2.0799999237060547,2.0799999237060547,0,,,,,,,,
2023-12-18,2.0799999237060547,2.0799999237060547,2.0799999237060547,2.0799999237060547,2.0799999237060547,0,,,,,,,,
2023-12-19,2.0799999237060547,2.0799999237060547,2.0799999237060547,2.0799999237060547,2.0799999237060547,0,,,,,,,,
2023-12-20,2.0799999237060547,2.0799999237060547,2.0799999237060547,2.0799999237060547,2.0799999237060547,0,,,,,,,,
2023-12-21,2.0799999237060547,2.0799999237060547,2.0799999237060547,2.0799999237060547,2.0799999237060547,0,,,,,,,,
2023-12-22,2.0799999237060547,2.0799999237060547,2.0799999237060547,2.0799999237060547,2.0799999237060547,0,,,,,,,,
2023-12-26,2.0799999237060547,2.0799999237060547,2.0799999237060547,2.0799999237060547,2.0799999237060547,0,,,,,,,,
2023-12-27,2.0799999237060547,2.0799999237060547,2.0799999237060547,2.0799999237060547,2.0799999237060547,0,,,,,,,,
2023-12-28,2.0799999237060547,2.0799999237060547,2.0799999237060547,2.0799999237060547,2.0799999237060547,0,,,,,,,,
2023-12-29,2.0799999237060547,2.0799999237060547,2.0799999237060547,2.0799999237060547,2.0799999237060547,0,,,,,,,,
2024-01-02,2.0799999237060547,2.0799999237060547,2.0799999237060547,2.0799999237060547,2.0799999237060547,0,,,,,,,,
2024-01-03,2.0799999237060547,2.0799999237060547,2.0799999237060547,2.0799999237060547,2.0799999237060547,0,,,,,,,,
2024-01-04,2.0799999237060547,2.0799999237060547,2.0799999237060547,2.0799999237060547,2.0799999237060547,0,,,,,,,,
2024-01-05,2.0799999237060547,2.0799999237060547,2.0799999237060547,2.0799999237060547,2.0799999237060547,0,,,,,,,,
2024-01-08,2.0799999237060547,2.0799999237060547,2.0799999237060547,2.0799999237060547,2.0799999237060547,0,,,,,,,,
2024-01-09,2.0799999237060547,2.0799999237060547,2.0799999237060547,2.0799999237060547,2.0799999237060547,0,,,,,,,,
2024-01-10,2.0799999237060547,2.0799999237060547,2.0799999237060547,2.0799999237060547,2.0799999237060547,0,,,,,,,,
2024-01-11,2.0799999237060547,2.0799999237060547,2.0799999237060547,2.0799999237060547,2.0799999237060547,0,,,,,,,,
2024-01-12,2.0799999237060547,2.0799999237060547,2.0799999237060547,2.0799999237060547,2.0799999237060547,0,,,,,,,,
2024-01-16,2.0799999237060547,2.0799999237060547,2.0799999237060547,2.0799999237060547,2.0799999237060547,0,,,,,,,,
2024-01-17,2.0799999237060547,2.0799999237060547,2.0799999237060547,2.0799999237060547,2.0799999237060547,0,,,,,,,,
2024-01-18,2.0799999237060547,2.0799999237060547,2.0799999237060547,2.0799999237060547,2.0799999237060547,0,,,,,,,,
2024-01-19,2.0799999237060547,2.0799999237060547,2.0799999237060547,2.0799999237060547,2.0799999237060547,0,,,,,,,,
2024-01-22,2.0799999237060547,2.0799999237060547,2.0799999237060547,2.0799999237060547,2.0799999237060547,0,,,,,,,,
2024-01-23,2.0799999237060547,2.0799999237060547,2.0799999237060547,2.0799999237060547,2.0799999237060547,0,,,,,,,,
2024-01-24,2.0799999237060547,2.0799999237060547,2.0799999237060547,2.0799999237060547,2.0799999237060547,0,,,,,,,,
2024-01-25,2.0799999237060547,2.0799999237060547,2.0799999237060547,2.0799999237060547,2.0799999237060547,0,,,,,,,,
2024-01-26,2.0799999237060547,2.0799999237060547,2.0799999237060547,2.0799999237060547,2.0799999237060547,0,,,,,,,,
2024-01-29,2.0799999237060547,2.0799999237060547,2.0799999237060547,2.0799999237060547,2.0799999237060547,0,,,,,,,,
2024-01-30,2.0799999237060547,2.0799999237060547,2.0799999237060547,2.0799999237060547,2.0799999237060547,0,,,,,,,,
2024-01-31,2.0799999237060547,2.0799999237060547,2.0799999237060547,2.0799999237060547,2.0799999237060547,0,,,,,,,,
2024-02-01,2.0799999237060547,2.0799999237060547,2.0799999237060547,2.0799999237060547,2.0799999237060547,0,,,,,,,,
2024-02-02,2.0799999237060547,2.0799999237060547,2.0799999237060547,2.0799999237060547,2.0799999237060547,0,,,,,,,,
2024-02-05,2.0799999237060547,2.0799999237060547,2.0799999237060547,2.0799999237060547,2.0799999237060547,0,,,,,,,,
2024-02-06,2.0799999237060547,2.0799999237060547,2.0799999237060547,2.0799999237060547,2.0799999237060547,0,,,,,,,,
2024-02-07,2.0799999237060547,2.0799999237060547,2.0799999237060547,2.0799999237060547,2.0799999237060547,0,,,,,,,,
2024-02-08,2.0799999237060547,2.0799999237060547,2.0799999237060547,2.0799999237060547,2.0799999237060547,0,,,,,,,,
2024-02-09,2.0799999237060547,2.0799999237060547,2.0799999237060547,2.0799999237060547,2.0799999237060547,0,,,,,,,,
2024-02-12,2.0799999237060547,2.0799999237060547,2.0799999237060547,2.0799999237060547,2.0799999237060547,0,,,,,,,,
2024-02-13,2.0799999237060547,2.0799999237060547,2.0799999237060547,2.0799999237060547,2.0799999237060547,0,,,,,,,,
2024-02-14,2.0799999237060547,2.0799999237060547,2.0799999237060547,2.0799999237060547,2.0799999237060547,0,,,,,,,,
2024-02-15,2.0799999237060547,2.0799999237060547,2.0799999237060547,2.0799999237060547,2.0799999237060547,0,,,,,,,,
2024-02-16,2.0799999237060547,2.0799999237060547,2.0799999237060547,2.0799999237060547,2.0799999237060547,0,,,,,,,,
2024-02-20,2.0799999237060547,2.0799999237060547,2.0799999237060547,2.0799999237060547,2.0799999237060547,0,,,,,,,,
2024-02-21,2.0799999237060547,2.0799999237060547,2.0799999237060547,2.0799999237060547,2.0799999237060547,0,,,,,,,,
2024-02-22,2.0799999237060547,2.0799999237060547,2.0799999237060547,2.0799999237060547,2.0799999237060547,0,,,,,,,,
2024-02-23,2.0799999237060547,2.0799999237060547,2.0799999237060547,2.0799999237060547,2.0799999237060547,0,,,,,,,,
2024-02-26,2.0799999237060547,2.0799999237060547,2.0799999237060547,2.0799999237060547,2.0799999237060547,0,,,,,,,,
2024-02-27,2.0799999237060547,2.0799999237060547,2.0799999237060547,2.0799999237060547,2.0799999237060547,0,,,,,,,,
2024-02-28,2.0799999237060547,2.0799999237060547,2.0799999237060547,2.0799999237060547,2.0799999237060547,0,,,,,,,,
2024-02-29,2.0799999237060547,2.0799999237060547,2.0799999237060547,2.0799999237060547,2.0799999237060547,0,,,,,,,,
2024-03-01,2.0799999237060547,2.0799999237060547,2.0799999237060547,2.0799999237060547,2.0799999237060547,0,,,,,,,,
2024-03-04,2.0799999237060547,2.0799999237060547,2.0799999237060547,2.0799999237060547,2.0799999237060547,0,,,,,,,,
2024-03-05,2.0799999237060547,2.0799999237060547,2.0799999237060547,2.0799999237060547,2.0799999237060547,0,,,,,,,,
2024-03-06,2.0799999237060547,2.0799999237060547,2.0799999237060547,2.0799999237060547,2.0799999237060547,0,,,,,,,,
2024-03-07,2.0799999237060547,2.0799999237060547,2.0799999237060547,2.0799999237060547,2.0799999237060547,0,,,,,,,,
2024-03-08,3.109999895095825,3.109999895095825,2.009999990463257,2.009999990463257,2.009999990463257,300,,,,,,,,
2024-03-11,2.009999990463257,2.009999990463257,2.009999990463257,2.009999990463257,2.009999990463257,0,,,,,,,,
2024-03-12,2.009999990463257,2.009999990463257,2.009999990463257,2.009999990463257,2.009999990463257,0,,,,,,,,
2024-03-13,2.009999990463257,2.009999990463257,2.009999990463257,2.009999990463257,2.009999990463257,0,,,,,,,,
2024-03-14,2.009999990463257,2.009999990463257,2.009999990463257,2.009999990463257,2.009999990463257,0,,,,,,,,
2024-03-15,2.009999990463257,2.009999990463257,2.009999990463257,2.009999990463257,2.009999990463257,0,,,,,,,,
2024-03-18,2.009999990463257,2.009999990463257,2.009999990463257,2.009999990463257,2.009999990463257,0,,,,,,,,
2024-03-19,2.009999990463257,2.009999990463257,2.009999990463257,2.009999990463257,2.009999990463257,0,,,,,,,,
2024-03-20,2.009999990463257,2.009999990463257,2.009999990463257,2.009999990463257,2.009999990463257,0,,,,,,,,
2024-03-21,2.009999990463257,2.009999990463257,2.009999990463257,2.009999990463257,2.009999990463257,0,,,,,,,,
2024-03-22,2.009999990463257,2.009999990463257,2.009999990463257,2.009999990463257,2.009999990463257,0,,,,,,,,
2024-03-25,2.009999990463257,2.009999990463257,2.009999990463257,2.009999990463257,2.009999990463257,0,,,,,,,,
2024-03-26,2.009999990463257,2.009999990463257,2.009999990463257,2.009999990463257,2.009999990463257,0,,,,,,,,
2024-03-27,2.009999990463257,2.009999990463257,2.009999990463257,2.009999990463257,2.009999990463257,0,,,,,,,,
2024-03-28,2.009999990463257,2.009999990463257,2.009999990463257,2.009999990463257,2.009999990463257,0,,,,,,,,
2024-04-01,2.009999990463257,2.009999990463257,2.009999990463257,2.009999990463257,2.009999990463257,0,,,,,,,,
2024-04-02,2.009999990463257,2.009999990463257,2.009999990463257,2.009999990463257,2.009999990463257,0,,,,,,,,
2024-04-03,2.009999990463257,2.009999990463257,2.009999990463257,2.009999990463257,2.009999990463257,0,,,,,,,,
2024-04-04,2.009999990463257,2.009999990463257,2.009999990463257,2.009999990463257,2.009999990463257,0,,,,,,,,
2024-04-05,2.009999990463257,2.009999990463257,2.009999990463257,2.009999990463257,2.009999990463257,0,,,,,,,,
2024-04-08,2.009999990463257,2.009999990463257,2.009999990463257,2.009999990463257,2.009999990463257,0,,,,,,,,
2024-04-09,2.009999990463257,2.009999990463257,2.009999990463257,2.009999990463257,2.009999990463257,0,,,,,,,,
2024-04-10,2.009999990463257,2.009999990463257,2.009999990463257,2.009999990463257,2.009999990463257,0,,,,,,,,
2024-04-11,2.009999990463257,2.009999990463257,2.009999990463257,2.009999990463257,2.009999990463257,0,,,,,,,,
2024-04-12,2.009999990463257,2.009999990463257,2.009999990463257,2.009999990463257,2.009999990463257,0,,,,,,,,
2024-04-15,2.009999990463257,2.009999990463257,2.009999990463257,2.009999990463257,2.009999990463257,0,,,,,,,,
2024-04-16,2.009999990463257,2.009999990463257,2.009999990463257,2.009999990463257,2.009999990463257,0,,,,,,,,
2024-04-17,2.009999990463257,2.009999990463257,2.009999990463257,2.009999990463257,2.009999990463257,0,,,,,,,,
2024-04-18,2.009999990463257,2.009999990463257,2.009999990463257,2.009999990463257,2.009999990463257,0,,,,,,,,
2024-04-19,2.009999990463257,2.009999990463257,2.009999990463257,2.009999990463257,2.009999990463257,0,,,,,,,,
2024-04-22,2.009999990463257,2.009999990463257,2.009999990463257,2.009999990463257,2.009999990463257,0,,,,,,,,
2024-04-23,2.009999990463257,2.009999990463257,2.009999990463257,2.009999990463257,2.009999990463257,0,,,,,,,,
2024-04-24,2.009999990463257,2.009999990463257,2.009999990463257,2.009999990463257,2.009999990463257,0,,,,,,,,
2024-04-25,2.009999990463257,2.009999990463257,2.009999990463257,2.009999990463257,2.009999990463257,0,,,,,,,,
2024-04-26,2.009999990463257,2.009999990463257,2.009999990463257,2.009999990463257,2.009999990463257,0,,,,,,,,
2024-04-29,2.009999990463257,2.009999990463257,2.009999990463257,2.009999990463257,2.009999990463257,0,,,,,,,,
2024-04-30,2.009999990463257,2.009999990463257,2.009999990463257,2.009999990463257,2.009999990463257,0,,,,,,,,
2024-05-01,2.009999990463257,2.009999990463257,2.009999990463257,2.009999990463257,2.009999990463257,0,,,,,,,,
2024-05-02,2.009999990463257,2.009999990463257,2.009999990463257,2.009999990463257,2.009999990463257,0,,,,,,,,
2024-05-03,2.009999990463257,2.009999990463257,2.009999990463257,2.009999990463257,2.009999990463257,0,,,,,,,,
2024-05-06,2.009999990463257,2.009999990463257,2.009999990463257,2.009999990463257,2.009999990463257,0,,,,,,,,
2024-05-07,2.009999990463257,2.009999990463257,2.009999990463257,2.009999990463257,2.009999990463257,0,,,,,,,,
2024-05-08,2.009999990463257,2.009999990463257,2.009999990463257,2.009999990463257,2.009999990463257,0,,,,,,,,
2024-05-09,2.009999990463257,2.009999990463257,2.009999990463257,2.009999990463257,2.009999990463257,0,,,,,,,,
2024-05-10,2.009999990463257,2.009999990463257,2.009999990463257,2.009999990463257,2.009999990463257,0,,,,,,,,
2024-05-13,2.009999990463257,2.009999990463257,2.009999990463257,2.009999990463257,2.009999990463257,0,,,,,,,,
2024-05-14,2.009999990463257,2.009999990463257,2.009999990463257,2.009999990463257,2.009999990463257,0,,,,,,,,
2024-05-15,2.009999990463257,2.009999990463257,2.009999990463257,2.009999990463257,2.009999990463257,0,,,,,,,,
2024-05-16,2.009999990463257,2.009999990463257,2.009999990463257,2.009999990463257,2.009999990463257,0,,,,,,,,
2024-05-17,2.009999990463257,2.009999990463257,2.009999990463257,2.009999990463257,2.009999990463257,0,,,,,,,,
2024-05-20,2.009999990463257,2.009999990463257,2.009999990463257,2.009999990463257,2.009999990463257,0,,,,,,,,
2024-05-21,2.009999990463257,2.009999990463257,2.009999990463257,2.009999990463257,2.009999990463257,0,,,,,,,,
2024-05-22,2.009999990463257,2.009999990463257,2.009999990463257,2.009999990463257,2.009999990463257,0,,,,,,,,
2024-05-23,2.009999990463257,2.009999990463257,2.009999990463257,2.009999990463257,2.009999990463257,0,,,,,,,,
2024-05-24,2.009999990463257,2.009999990463257,2.009999990463257,2.009999990463257,2.009999990463257,0,,,,,,,,
2024-05-28,2.009999990463257,2.009999990463257,2.009999990463257,2.009999990463257,2.009999990463257,0,,,,,,,,
2024-05-29,2.009999990463257,2.009999990463257,2.009999990463257,2.009999990463257,2.009999990463257,0,,,,,,,,
2024-05-30,2.009999990463257,2.009999990463257,2.009999990463257,2.009999990463257,2.009999990463257,0,,,,,,,,
2024-05-31,2.009999990463257,2.009999990463257,2.009999990463257,2.009999990463257,2.009999990463257,0,,,,,,,,
2024-06-03,2.009999990463257,2.009999990463257,2.009999990463257,2.009999990463257,2.009999990463257,0,,,,,,,,
2024-06-04,2.009999990463257,2.009999990463257,2.009999990463257,2.009999990463257,2.009999990463257,0,,,,,,,,
2024-06-05,2.009999990463257,2.009999990463257,2.009999990463257,2.009999990463257,2.009999990463257,0,,,,,,,,
2024-06-06,2.009999990463257,2.009999990463257,2.009999990463257,2.009999990463257,2.009999990463257,0,,,,,,,,
2024-06-07,2.009999990463257,2.009999990463257,2.009999990463257,2.009999990463257,2.009999990463257,0,,,,,,,,
2024-06-10,2.009999990463257,2.009999990463257,2.009999990463257,2.009999990463257,2.009999990463257,0,,,,,,,,
2024-06-11,2.009999990463257,2.009999990463257,2.009999990463257,2.009999990463257,2.009999990463257,0,,,,,,,,
2024-06-12,2.009999990463257,2.009999990463257,2.009999990463257,2.009999990463257,2.009999990463257,0,,,,,,,,
2024-06-13,2.009999990463257,2.009999990463257,2.009999990463257,2.009999990463257,2.009999990463257,0,,,,,,,,
2024-06-14,2.009999990463257,2.009999990463257,2.009999990463257,2.009999990463257,2.009999990463257,0,,,,,,,,
2024-06-17,2.009999990463257,2.009999990463257,2.009999990463257,2.009999990463257,2.009999990463257,0,,,,,,,,
2024-06-18,2.009999990463257,2.009999990463257,2.009999990463257,2.009999990463257,2.009999990463257,0,,,,,,,,
2024-06-20,2.009999990463257,2.009999990463257,2.009999990463257,2.009999990463257,2.009999990463257,0,,,,,,,,
2024-06-21,2.009999990463257,2.009999990463257,2.009999990463257,2.009999990463257,2.009999990463257,0,,,,,,,,
2024-06-24,2.009999990463257,2.009999990463257,2.009999990463257,2.009999990463257,2.009999990463257,0,,,,,,,,
2024-06-25,2.009999990463257,2.009999990463257,2.009999990463257,2.009999990463257,2.009999990463257,0,,,,,,,,
2024-06-26,2.009999990463257,2.009999990463257,2.009999990463257,2.009999990463257,2.009999990463257,0,,,,,,,,
2024-06-27,2.009999990463257,2.009999990463257,2.009999990463257,2.009999990463257,2.009999990463257,0,,,,,,,,
2024-06-28,2.009999990463257,2.009999990463257,2.009999990463257,2.009999990463257,2.009999990463257,0,,,,,,,,
2024-07-01,2.009999990463257,2.009999990463257,2.009999990463257,2.009999990463257,2.009999990463257,0,,,,,,,,
2024-07-02,2.009999990463257,2.009999990463257,2.009999990463257,2.009999990463257,2.009999990463257,0,,,,,,,,
2024-07-03,2.009999990463257,2.009999990463257,2.009999990463257,2.009999990463257,2.009999990463257,0,,,,,,,,
2024-07-05,2.009999990463257,2.009999990463257,2.009999990463257,2.009999990463257,2.009999990463257,0,,,,,,,,
2024-07-08,2.009999990463257,2.009999990463257,2.009999990463257,2.009999990463257,2.009999990463257,0,,,,,,,,
2024-07-09,2.009999990463257,2.009999990463257,2.009999990463257,2.009999990463257,2.009999990463257,0,,,,,,,,
2024-07-10,2.009999990463257,2.009999990463257,2.009999990463257,2.009999990463257,2.009999990463257,0,,,,,,,,
2024-07-11,2.009999990463257,2.009999990463257,2.009999990463257,2.009999990463257,2.009999990463257,0,,,,,,,,
2024-07-12,2.009999990463257,2.009999990463257,2.009999990463257,2.009999990463257,2.009999990463257,0,,,,,,,,
2024-07-15,2.009999990463257,2.009999990463257,2.009999990463257,2.009999990463257,2.009999990463257,0,,,,,,,,
2024-07-16,2.009999990463257,2.009999990463257,2.009999990463257,2.009999990463257,2.009999990463257,0,,,,,,,,
2024-07-17,2.009999990463257,2.009999990463257,2.009999990463257,2.009999990463257,2.009999990463257,0,,,,,,,,
2024-07-18,2.009999990463257,2.009999990463257,2.009999990463257,2.009999990463257,2.009999990463257,0,,,,,,,,
2024-07-19,2.009999990463257,2.009999990463257,2.009999990463257,2.009999990463257,2.009999990463257,0,,,,,,,,
2024-07-22,2.009999990463257,2.009999990463257,2.009999990463257,2.009999990463257,2.009999990463257,0,,,,,,,,
2024-07-23,2.009999990463257,2.009999990463257,2.009999990463257,2.009999990463257,2.009999990463257,0,,,,,,,,
2024-07-24,2.4000000953674316,2.4000000953674316,2.2799999713897705,2.2799999713897705,2.2799999713897705,500,,,,,,,,
2024-07-25,2.2799999713897705,2.2799999713897705,2.2799999713897705,2.2799999713897705,2.2799999713897705,0,,,,,,,,
2024-07-26,2.2799999713897705,2.2799999713897705,2.2799999713897705,2.2799999713897705,2.2799999713897705,0,,,,,,,,
2024-07-29,2.2799999713897705,2.2799999713897705,2.2799999713897705,2.2799999713897705,2.2799999713897705,0,,,,,,,,
2024-07-30,2.2799999713897705,2.2799999713897705,2.2799999713897705,2.2799999713897705,2.2799999713897705,0,,,,,,,,
2024-07-31,2.2799999713897705,2.2799999713897705,2.2799999713897705,2.2799999713897705,2.2799999713897705,0,,,,,,,,
2024-08-01,2.2799999713897705,2.2799999713897705,2.2799999713897705,2.2799999713897705,2.2799999713897705,0,,,,,,,,
2024-08-02,2.2799999713897705,2.2799999713897705,2.2799999713897705,2.2799999713897705,2.2799999713897705,0,,,,,,,,
2024-08-05,2.2799999713897705,2.2799999713897705,2.2799999713897705,2.2799999713897705,2.2799999713897705,0,,,,,,,,
2024-08-06,2.2799999713897705,2.2799999713897705,2.2799999713897705,2.2799999713897705,2.2799999713897705,0,,,,,,,,
2024-08-07,2.2799999713897705,2.2799999713897705,2.2799999713897705,2.2799999713897705,2.2799999713897705,0,,,,,,,,
2024-08-08,2.2799999713897705,2.2799999713897705,2.2799999713897705,2.2799999713897705,2.2799999713897705,0,,,,,,,,
2024-08-09,2.2799999713897705,2.2799999713897705,2.2799999713897705,2.2799999713897705,2.2799999713897705,0,,,,,,,,
2024-08-12,2.2799999713897705,2.2799999713897705,2.2799999713897705,2.2799999713897705,2.2799999713897705,0,,,,,,,,
2024-08-13,2.2799999713897705,2.2799999713897705,2.1700000762939453,2.1700000762939453,2.1700000762939453,600,,,,,,,,
2024-08-14,2.1700000762939453,2.1700000762939453,2.1700000762939453,2.1700000762939453,2.1700000762939453,0,,,,,,,,
2024-08-15,2.180000066757202,2.180000066757202,2.180000066757202,2.180000066757202,2.180000066757202,200,,,,,,,,
2024-08-16,2.180000066757202,2.180000066757202,2.180000066757202,2.180000066757202,2.180000066757202,0,,,,,,,,
2024-08-19,2.180000066757202,2.180000066757202,2.180000066757202,2.180000066757202,2.180000066757202,0,,,,,,,,
2024-08-20,2.180000066757202,2.180000066757202,2.180000066757202,2.180000066757202,2.180000066757202,0,,,,,,,,
2024-08-21,2.180000066757202,2.180000066757202,2.180000066757202,2.180000066757202,2.180000066757202,0,,,,,,,,
2024-08-22,2.180000066757202,2.180000066757202,2.180000066757202,2.180000066757202,2.180000066757202,0,,,,,,,,
2024-08-23,2.180000066757202,2.180000066757202,2.180000066757202,2.180000066757202,2.180000066757202,0,,,,,,,,
2024-08-26,2.180000066757202,2.180000066757202,2.180000066757202,2.180000066757202,2.180000066757202,0,,,,,,,,
2024-08-27,2.180000066757202,2.180000066757202,2.180000066757202,2.180000066757202,2.180000066757202,0,,,,,,,,
2024-08-28,2.180000066757202,2.180000066757202,2.180000066757202,2.180000066757202,2.180000066757202,0,,,,,,,,
2024-08-29,2.180000066757202,2.180000066757202,2.180000066757202,2.180000066757202,2.180000066757202,0,,,,,,,,
2024-08-30,2.180000066757202,2.180000066757202,2.180000066757202,2.180000066757202,2.180000066757202,0,,,,,,,,
2024-09-03,2.180000066757202,2.180000066757202,2.180000066757202,2.180000066757202,2.180000066757202,0,,,,,,,,
2024-09-04,2.180000066757202,2.180000066757202,2.180000066757202,2.180000066757202,2.180000066757202,0,,,,,,,,
2024-09-05,2.180000066757202,2.180000066757202,2.180000066757202,2.180000066757202,2.180000066757202,0,,,,,,,,
2024-09-06,2.180000066757202,2.180000066757202,2.180000066757202,2.180000066757202,2.180000066757202,0,,,,,,,,
2024-09-09,2.180000066757202,2.180000066757202,2.180000066757202,2.180000066757202,2.180000066757202,0,,,,,,,,
2024-09-10,2.180000066757202,2.180000066757202,2.180000066757202,2.180000066757202,2.180000066757202,0,,,,,,,,
2024-09-11,2.180000066757202,2.180000066757202,2.180000066757202,2.180000066757202,2.180000066757202,0,,,,,,,,
2024-09-12,2.180000066757202,2.180000066757202,2.180000066757202,2.180000066757202,2.180000066757202,0,,,,,,,,
2024-09-13,2.180000066757202,2.180000066757202,2.180000066757202,2.180000066757202,2.180000066757202,0,,,,,,,,
2024-09-16,2.180000066757202,2.180000066757202,2.180000066757202,2.180000066757202,2.180000066757202,0,,,,,,,,
2024-09-17,2.180000066757202,2.180000066757202,2.180000066757202,2.180000066757202,2.180000066757202,0,,,,,,,,
2024-09-18,2.180000066757202,2.180000066757202,2.180000066757202,2.180000066757202,2.180000066757202,0,,,,,,,,
2024-09-19,2.180000066757202,2.180000066757202,2.180000066757202,2.180000066757202,2.180000066757202,0,,,,,,,,
2024-09-20,2.180000066757202,2.180000066757202,2.180000066757202,2.180000066757202,2.180000066757202,0,,,,,,,,
2024-09-23,2.180000066757202,2.180000066757202,2.180000066757202,2.180000066757202,2.180000066757202,0,,,,,,,,
2024-09-24,2.180000066757202,2.180000066757202,2.180000066757202,2.180000066757202,2.180000066757202,0,,,,,,,,
2024-09-25,2.180000066757202,2.180000066757202,2.180000066757202,2.180000066757202,2.180000066757202,0,,,,,,,,
2024-09-26,2.180000066757202,2.180000066757202,2.180000066757202,2.180000066757202,2.180000066757202,0,,,,,,,,
2024-09-27,2.180000066757202,2.180000066757202,2.180000066757202,2.180000066757202,2.180000066757202,0,,,,,,,,
2024-09-30,2.180000066757202,2.180000066757202,2.180000066757202,2.180000066757202,2.180000066757202,0,,,,,,,,
2024-10-01,2.180000066757202,2.180000066757202,2.180000066757202,2.180000066757202,2.180000066757202,0,,,,,,,,
2024-10-02,2.180000066757202,2.180000066757202,2.180000066757202,2.180000066757202,2.180000066757202,0,,,,,,,,
2024-10-03,2.180000066757202,2.180000066757202,2.180000066757202,2.180000066757202,2.180000066757202,0,,,,,,,,
2024-10-04,2.180000066757202,2.180000066757202,2.180000066757202,2.180000066757202,2.180000066757202,0,,,,,,,,
2024-10-07,2.180000066757202,2.180000066757202,2.180000066757202,2.180000066757202,2.180000066757202,0,,,,,,,,
2024-10-08,2.180000066757202,2.180000066757202,2.180000066757202,2.180000066757202,2.180000066757202,0,,,,,,,,
2024-10-09,2.180000066757202,2.180000066757202,2.180000066757202,2.180000066757202,2.180000066757202,0,,,,,,,,
2024-10-10,2.180000066757202,2.180000066757202,2.180000066757202,2.180000066757202,2.180000066757202,0,,,,,,,,
2024-10-11,2.180000066757202,2.180000066757202,2.180000066757202,2.180000066757202,2.180000066757202,0,,,,,,,,
2024-10-14,2.180000066757202,2.180000066757202,2.180000066757202,2.180000066757202,2.180000066757202,0,,,,,,,,
2024-10-15,2.180000066757202,2.180000066757202,2.180000066757202,2.180000066757202,2.180000066757202,0,,,,,,,,
2024-10-16,2.180000066757202,2.180000066757202,2.180000066757202,2.180000066757202,2.180000066757202,0,,,,,,,,
2024-10-17,2.180000066757202,2.180000066757202,2.180000066757202,2.180000066757202,2.180000066757202,0,,,,,,,,
2024-10-18,2.180000066757202,2.180000066757202,2.180000066757202,2.180000066757202,2.180000066757202,0,,,,,,,,
2024-10-21,2.180000066757202,2.180000066757202,2.180000066757202,2.180000066757202,2.180000066757202,0,,,,,,,,
2024-10-22,2.180000066757202,2.180000066757202,2.180000066757202,2.180000066757202,2.180000066757202,0,,,,,,,,
2024-10-23,2.180000066757202,2.180000066757202,2.180000066757202,2.180000066757202,2.180000066757202,0,,,,,,,,
2024-10-24,2.180000066757202,2.180000066757202,2.180000066757202,2.180000066757202,2.180000066757202,0,,,,,,,,
2024-10-25,2.180000066757202,2.180000066757202,2.180000066757202,2.180000066757202,2.180000066757202,0,,,,,,,,
2024-10-28,2.180000066757202,2.180000066757202,2.180000066757202,2.180000066757202,2.180000066757202,0,,,,,,,,
2024-10-29,2.180000066757202,2.180000066757202,2.180000066757202,2.180000066757202,2.180000066757202,0,,,,,,,,
2024-10-30,2.180000066757202,2.180000066757202,2.180000066757202,2.180000066757202,2.180000066757202,0,,,,,,,,
2024-10-31,2.180000066757202,2.180000066757202,2.180000066757202,2.180000066757202,2.180000066757202,0,,,,,,,,
2024-11-01,2.180000066757202,2.180000066757202,2.180000066757202,2.180000066757202,2.180000066757202,0,,,,,,,,
2024-11-04,2.180000066757202,2.180000066757202,2.180000066757202,2.180000066757202,2.180000066757202,0,,,,,,,,
2024-11-05,2.180000066757202,2.180000066757202,2.180000066757202,2.180000066757202,2.180000066757202,0,,,,,,,,
2024-11-06,2.180000066757202,2.180000066757202,2.180000066757202,2.180000066757202,2.180000066757202,0,,,,,,,,
2024-11-07,2.180000066757202,2.180000066757202,2.180000066757202,2.180000066757202,2.180000066757202,0,,,,,,,,
2024-11-08,2.180000066757202,2.180000066757202,2.180000066757202,2.180000066757202,2.180000066757202,0,,,,,,,,
2024-11-11,2.180000066757202,2.180000066757202,2.180000066757202,2.180000066757202,2.180000066757202,0,,,,,,,,
2024-11-12,2.180000066757202,2.180000066757202,2.180000066757202,2.180000066757202,2.180000066757202,0,,,,,,,,
2024-11-13,2.180000066757202,2.180000066757202,2.180000066757202,2.180000066757202,2.180000066757202,0,,,,,,,,
2024-11-14,2.180000066757202,2.180000066757202,2.180000066757202,2.180000066757202,2.180000066757202,0,,,,,,,,
2024-11-15,2.180000066757202,2.180000066757202,2.180000066757202,2.180000066757202,2.180000066757202,0,,,,,,,,
2024-11-18,2.180000066757202,2.180000066757202,2.180000066757202,2.180000066757202,2.180000066757202,0,,,,,,,,
2024-11-19,2.180000066757202,2.180000066757202,2.180000066757202,2.180000066757202,2.180000066757202,0,,,,,,,,
2024-11-20,2.180000066757202,2.180000066757202,2.180000066757202,2.180000066757202,2.180000066757202,0,,,,,,,,
2024-11-21,2.180000066757202,2.180000066757202,2.180000066757202,2.180000066757202,2.180000066757202,0,,,,,,,,
2024-11-22,2.180000066757202,2.180000066757202,2.180000066757202,2.180000066757202,2.180000066757202,0,,,,,,,,
2024-11-25,2.180000066757202,2.180000066757202,2.180000066757202,2.180000066757202,2.180000066757202,0,,,,,,,,
2024-11-26,2.180000066757202,2.180000066757202,2.180000066757202,2.180000066757202,2.180000066757202,0,,,,,,,,
2024-11-27,2.180000066757202,2.180000066757202,2.180000066757202,2.180000066757202,2.180000066757202,0,,,,,,,,
2024-11-29,2.180000066757202,2.180000066757202,2.180000066757202,2.180000066757202,2.180000066757202,0,,,,,,,,
2024-12-02,2.180000066757202,2.180000066757202,2.180000066757202,2.180000066757202,2.180000066757202,0,,,,,,,,
2024-12-03,2.180000066757202,2.180000066757202,2.180000066757202,2.180000066757202,2.180000066757202,0,,,,,,,,
2024-12-04,2.180000066757202,2.180000066757202,2.180000066757202,2.180000066757202,2.180000066757202,0,,,,,,,,
2024-12-05,2.180000066757202,2.180000066757202,2.180000066757202,2.180000066757202,2.180000066757202,0,,,,,,,,
2024-12-06,2.180000066757202,2.180000066757202,2.180000066757202,2.180000066757202,2.180000066757202,0,,,,,,,,
2024-12-09,2.180000066757202,2.180000066757202,2.180000066757202,2.180000066757202,2.180000066757202,0,,,,,,,,
2024-12-10,2.180000066757202,2.180000066757202,2.180000066757202,2.180000066757202,2.180000066757202,0,,,,,,,,
2024-12-11,2.180000066757202,2.180000066757202,2.180000066757202,2.180000066757202,2.180000066757202,0,,,,,,,,
2024-12-12,2.180000066757202,2.180000066757202,2.180000066757202,2.180000066757202,2.180000066757202,0,,,,,,,,
2024-12-13,2.180000066757202,2.180000066757202,2.180000066757202,2.180000066757202,2.180000066757202,0,,,,,,,,
2024-12-16,2.180000066757202,2.180000066757202,2.180000066757202,2.180000066757202,2.180000066757202,0,,,,,,,,
2024-12-17,2.180000066757202,2.180000066757202,2.180000066757202,2.180000066757202,2.180000066757202,0,,,,,,,,
2024-12-18,2.180000066757202,2.180000066757202,2.180000066757202,2.180000066757202,2.180000066757202,0,,,,,,,,
2024-12-19,2.180000066757202,2.180000066757202,2.180000066757202,2.180000066757202,2.180000066757202,0,,,,,,,,
2024-12-20,2.180000066757202,2.180000066757202,2.180000066757202,2.180000066757202,2.180000066757202,0,,,,,,,,
2024-12-23,2.180000066757202,2.180000066757202,2.180000066757202,2.180000066757202,2.180000066757202,0,,,,,,,,
2024-12-24,2.180000066757202,2.180000066757202,2.180000066757202,2.180000066757202,2.180000066757202,0,,,,,,,,
2024-12-26,2.180000066757202,2.180000066757202,2.180000066757202,2.180000066757202,2.180000066757202,0,,,,,,,,
2024-12-27,2.180000066757202,2.180000066757202,2.180000066757202,2.180000066757202,2.180000066757202,0,,,,,,,,
2024-12-30,2.180000066757202,2.180000066757202,2.180000066757202,2.180000066757202,2.180000066757202,0,,,,,,,,
2024-12-31,2.180000066757202,2.180000066757202,2.180000066757202,2.180000066757202,2.180000066757202,0,,,,,,,,
2025-01-02,2.180000066757202,2.180000066757202,2.180000066757202,2.180000066757202,2.180000066757202,0,,,,,,,,
2025-01-03,2.180000066757202,2.180000066757202,2.180000066757202,2.180000066757202,2.180000066757202,0,,,,,,,,
2025-01-06,2.180000066757202,2.180000066757202,2.180000066757202,2.180000066757202,2.180000066757202,0,,,,,,,,
2025-01-07,2.180000066757202,2.180000066757202,2.180000066757202,2.180000066757202,2.180000066757202,0,,,,,,,,
2025-01-08,2.180000066757202,2.180000066757202,2.180000066757202,2.180000066757202,2.180000066757202,0,,,,,,,,
2025-01-10,2.180000066757202,2.180000066757202,2.180000066757202,2.180000066757202,2.180000066757202,0,,,,,,,,
2025-01-13,2.180000066757202,2.180000066757202,2.180000066757202,2.180000066757202,2.180000066757202,0,,,,,,,,
2025-01-14,2.180000066757202,2.180000066757202,2.180000066757202,2.180000066757202,2.180000066757202,0,,,,,,,,
2025-01-15,2.180000066757202,2.180000066757202,2.180000066757202,2.180000066757202,2.180000066757202,0,,,,,,,,
2025-01-16,2.180000066757202,2.180000066757202,2.180000066757202,2.180000066757202,2.180000066757202,0,,,,,,,,
2025-01-17,2.180000066757202,2.180000066757202,2.180000066757202,2.180000066757202,2.180000066757202,0,,,,,,,,
2025-01-21,2.180000066757202,2.180000066757202,2.180000066757202,2.180000066757202,2.180000066757202,0,,,,,,,,
2025-01-22,2.180000066757202,2.180000066757202,2.180000066757202,2.180000066757202,2.180000066757202,0,,,,,,,,
2025-01-23,2.180000066757202,2.180000066757202,2.180000066757202,2.180000066757202,2.180000066757202,0,,,,,,,,
2025-01-24,2.180000066757202,2.180000066757202,2.180000066757202,2.180000066757202,2.180000066757202,0,,,,,,,,
2025-01-27,2.180000066757202,2.180000066757202,2.180000066757202,2.180000066757202,2.180000066757202,0,,,,,,,,
2025-01-28,2.180000066757202,2.180000066757202,2.180000066757202,2.180000066757202,2.180000066757202,0,,,,,,,,
2025-01-29,2.180000066757202,2.180000066757202,2.180000066757202,2.180000066757202,2.180000066757202,0,,,,,,,,
2025-01-30,2.180000066757202,2.180000066757202,2.180000066757202,2.180000066757202,2.180000066757202,0,,,,,,,,
2025-01-31,2.0,2.0,1.7599999904632568,1.7599999904632568,1.7599999904632568,800,,,,,,,,
2025-02-03,1.7599999904632568,1.7599999904632568,1.7599999904632568,1.7599999904632568,1.7599999904632568,0,,,,,,,,
2025-02-04,1.7599999904632568,1.7599999904632568,1.7599999904632568,1.7599999904632568,1.7599999904632568,0,,,,,,,,
2025-02-05,1.7599999904632568,1.7599999904632568,1.7599999904632568,1.7599999904632568,1.7599999904632568,0,,,,,,,,
2025-02-06,1.7599999904632568,1.7599999904632568,1.7599999904632568,1.7599999904632568,1.7599999904632568,0,,,,,,,,
2025-02-07,1.7599999904632568,1.7599999904632568,1.7599999904632568,1.7599999904632568,1.7599999904632568,0,,,,,,,,
2025-02-10,1.7599999904632568,1.7599999904632568,1.7599999904632568,1.7599999904632568,1.7599999904632568,0,,,,,,,,
2025-02-11,1.7599999904632568,1.7599999904632568,1.7599999904632568,1.7599999904632568,1.7599999904632568,0,,,,,,,,
2025-02-12,1.7599999904632568,1.7599999904632568,1.7599999904632568,1.7599999904632568,1.7599999904632568,0,,,,,,,,
2025-02-13,1.7599999904632568,1.7599999904632568,1.7599999904632568,1.7599999904632568,1.7599999904632568,0,,,,,,,,
2025-02-14,1.7599999904632568,1.7599999904632568,1.7599999904632568,1.7599999904632568,1.7599999904632568,0,,,,,,,,
2025-02-18,1.7599999904632568,1.7599999904632568,1.7599999904632568,1.7599999904632568,1.7599999904632568,0,,,,,,,,
2025-02-19,1.7599999904632568,1.7599999904632568,1.7599999904632568,1.7599999904632568,1.7599999904632568,0,,,,,,,,
2025-02-20,1.7599999904632568,1.7599999904632568,1.7599999904632568,1.7599999904632568,1.7599999904632568,0,,,,,,,,
2025-02-21,1.7599999904632568,1.7599999904632568,1.7599999904632568,1.7599999904632568,1.7599999904632568,0,,,,,,,,
2025-02-24,1.7599999904632568,1.7599999904632568,1.7599999904632568,1.7599999904632568,1.7599999904632568,0,,,,,,,,
2025-02-25,1.7599999904632568,1.7599999904632568,1.7599999904632568,1.7599999904632568,1.7599999904632568,0,,,,,,,,
2025-02-26,1.7599999904632568,1.7599999904632568,1.7599999904632568,1.7599999904632568,1.7599999904632568,0,,,,,,,,
2025-02-27,1.7599999904632568,1.7599999904632568,1.7599999904632568,1.7599999904632568,1.7599999904632568,0,,,,,,,,
2025-02-28,1.7599999904632568,1.7599999904632568,1.7599999904632568,1.7599999904632568,1.7599999904632568,0,,,,,,,,
2025-03-03,1.7599999904632568,1.7599999904632568,1.7599999904632568,1.7599999904632568,1.7599999904632568,0,,,,,,,,
2025-03-04,1.7599999904632568,1.7599999904632568,1.7599999904632568,1.7599999904632568,1.7599999904632568,0,,,,,,,,
2025-03-05,1.7599999904632568,1.7599999904632568,1.7599999904632568,1.7599999904632568,1.7599999904632568,0,,,,,,,,
2025-03-06,1.7599999904632568,1.7599999904632568,1.7599999904632568,1.7599999904632568,1.7599999904632568,0,,,,,,,,
2025-03-07,1.7599999904632568,1.7599999904632568,1.7599999904632568,1.7599999904632568,1.7599999904632568,0,,,,,,,,
2025-03-10,1.7599999904632568,1.7599999904632568,1.7599999904632568,1.7599999904632568,1.7599999904632568,0,,,,,,,,
2025-03-11,1.7599999904632568,1.7599999904632568,1.7599999904632568,1.7599999904632568,1.7599999904632568,0,,,,,,,,
2025-03-12,1.7599999904632568,1.7599999904632568,1.7599999904632568,1.7599999904632568,1.7599999904632568,0,,,,,,,,
2025-03-13,1.7599999904632568,1.7599999904632568,1.7599999904632568,1.7599999904632568,1.7599999904632568,0,,,,,,,,
2025-03-14,1.7599999904632568,1.7599999904632568,1.7599999904632568,1.7599999904632568,1.7599999904632568,0,,,,,,,,
2025-03-17,1.7599999904632568,1.7599999904632568,1.7599999904632568,1.7599999904632568,1.7599999904632568,0,,,,,,,,
2025-03-18,1.7599999904632568,1.7599999904632568,1.7599999904632568,1.7599999904632568,1.7599999904632568,0,,,,,,,,
2025-03-19,1.7599999904632568,1.7599999904632568,1.7599999904632568,1.7599999904632568,1.7599999904632568,0,,,,,,,,
2025-03-20,1.7599999904632568,1.7599999904632568,1.7599999904632568,1.7599999904632568,1.7599999904632568,0,,,,,,,,
2025-03-21,1.7599999904632568,1.7599999904632568,1.7599999904632568,1.7599999904632568,1.7599999904632568,0,,,,,,,,
2025-03-24,1.7599999904632568,1.7599999904632568,1.7599999904632568,1.7599999904632568,1.7599999904632568,0,,,,,,,,
2025-03-25,1.7599999904632568,1.7599999904632568,1.7599999904632568,1.7599999904632568,1.7599999904632568,0,,,,,,,,
2025-03-26,1.7599999904632568,1.7599999904632568,1.7599999904632568,1.7599999904632568,1.7599999904632568,0,,,,,,,,
2025-03-27,1.7599999904632568,1.7599999904632568,1.7599999904632568,1.7599999904632568,1.7599999904632568,0,,,,,,,,
2025-03-28,1.7599999904632568,1.7599999904632568,1.7599999904632568,1.7599999904632568,1.7599999904632568,0,,,,,,,,
2025-03-31,1.7599999904632568,1.7599999904632568,1.7599999904632568,1.7599999904632568,1.7599999904632568,0,,,,,,,,
2025-04-01,2.0,2.0,2.0,2.0,2.0,200,,,,,,,,
2025-04-02,2.049999952316284,2.049999952316284,2.049999952316284,2.049999952316284,2.049999952316284,100,,,,,,,,
2025-04-03,2.0999999046325684,2.0999999046325684,2.0999999046325684,2.0999999046325684,2.0999999046325684,100,,,,,,,,
2025-04-04,2.1500000953674316,2.1500000953674316,2.1500000953674316,2.1500000953674316,2.1500000953674316,100,,,,,,,,
2025-04-07,2.430000066757202,2.4800000190734863,2.430000066757202,2.4800000190734863,2.4800000190734863,200,,,,,,,,
2025-04-08,2.5299999713897705,2.5299999713897705,2.5299999713897705,2.5299999713897705,2.5299999713897705,100,,,,,,,,
2025-04-09,3.0,3.0,3.0,3.0,3.0,100,,,,,,,,
2025-04-10,3.2100000381469727,3.7699999809265137,3.2100000381469727,3.7699999809265137,3.7699999809265137,500,,,,,,,,
2025-04-11,4.0,4.0,2.700000047683716,4.0,4.0,900,,,,,,,,
2025-04-14,3.799999952316284,4.25,3.799999952316284,4.25,4.25,400,,,,,,,,
2025-04-15,3.5,3.5,2.9000000953674316,2.9000000953674316,2.9000000953674316,600,,,,,,,,
2025-04-16,2.5199999809265137,2.5199999809265137,2.5199999809265137,2.5199999809265137,2.5199999809265137,400,,,,,,,,
2025-04-17,2.5199999809265137,2.5199999809265137,2.5199999809265137,2.5199999809265137,2.5199999809265137,0,,,,,,,,
2025-04-21,2.509999990463257,2.509999990463257,2.509999990463257,2.509999990463257,2.509999990463257,400,,,,,,,,
2025-04-22,2.5199999809265137,2.5199999809265137,2.5199999809265137,2.5199999809265137,2.5199999809265137,300,,,,,,,,
2025-04-23,2.5999999046325684,3.0999999046325684,2.299999952316284,3.0,3.0,14200,,,,,,,,
2025-04-24,2.700000047683716,3.0,2.357599973678589,3.0,3.0,600,,,,,,,,
2025-04-25,2.819999933242798,2.819999933242798,2.609999895095825,2.609999895095825,2.609999895095825,200,,,,,,,,
2025-04-28,2.5,3.799999952316284,2.4800000190734863,3.200000047683716,3.200000047683716,10100,,,,,,,,
2025-04-29,3.259999990463257,3.259999990463257,3.259999990463257,3.259999990463257,3.259999990463257,600,,,,,,,,
2025-04-30,3.359999895095825,3.380000114440918,3.359999895095825,3.380000114440918,3.380000114440918,1500,,,,,,,,
2025-05-01,3.5,3.509999990463257,2.9700000286102295,2.9700000286102295,2.9700000286102295,2000,,,,,,,,
2025-05-02,2.9700000286102295,2.9700000286102295,2.640000104904175,2.700000047683716,2.700000047683716,1200,,,,,,,,
2025-05-05,2.5799999237060547,3.0999999046325684,2.5199999809265137,3.0999999046325684,3.0999999046325684,10200,,,,,,,,
2025-05-06,2.9000000953674316,2.9000000953674316,2.509999990463257,2.509999990463257,2.509999990463257,1000,,,,,,,,
2025-05-07,2.2899999618530273,2.309999942779541,2.2899999618530273,2.309999942779541,2.309999942779541,1400,,,,,,,,
2025-05-08,2.2899999618530273,2.2899999618530273,2.25,2.25,2.25,3400,,,,,,,,
2025-05-09,2.130000114440918,2.5,2.009999990463257,2.25,2.25,2500,,,,,,,,
2025-05-12,2.009999990463257,2.4000000953674316,2.0,2.299999952316284,2.299999952316284,6300,,,,,,,,
2025-05-13,2.109999895095825,2.109999895095825,2.109999895095825,2.109999895095825,2.109999895095825,4000,,,,,,,,
2025-05-14,2.109999895095825,2.109999895095825,2.109999895095825,2.109999895095825,2.109999895095825,0,,,,,,,,
2025-05-15,2.109999895095825,2.109999895095825,2.109999895095825,2.109999895095825,2.109999895095825,0,,,,,,,,
2025-05-16,2.109999895095825,2.109999895095825,2.109999895095825,2.109999895095825,2.109999895095825,0,,,,,,,,
2025-05-19,2.109999895095825,2.109999895095825,2.109999895095825,2.109999895095825,2.109999895095825,0,,,,,,,,
2025-05-20,2.109999895095825,2.109999895095825,2.109999895095825,2.109999895095825,2.109999895095825,0,,,,,,,,
2025-05-21,2.0999999046325684,2.0999999046325684,2.0999999046325684,2.0999999046325684,2.0999999046325684,100,,,,,,,,
2025-05-22,2.0999999046325684,2.0999999046325684,2.0999999046325684,2.0999999046325684,2.0999999046325684,0,,,,,,,,
2025-05-23,2.0999999046325684,2.0999999046325684,2.0999999046325684,2.0999999046325684,2.0999999046325684,0,,,,,,,,
2025-05-27,2.0999999046325684,2.0999999046325684,2.0999999046325684,2.0999999046325684,2.0999999046325684,0,,,,,,,,
2025-05-28,2.0999999046325684,2.0999999046325684,2.0999999046325684,2.0999999046325684,2.0999999046325684,0,,,,,,,,
2025-05-29,2.0999999046325684,2.0999999046325684,2.0999999046325684,2.0999999046325684,2.0999999046325684,0,,,,,,,,
2025-05-30,2.0999999046325684,2.0999999046325684,2.0999999046325684,2.0999999046325684,2.0999999046325684,0,,,,,,,,
2025-06-02,2.0999999046325684,2.0999999046325684,2.0999999046325684,2.0999999046325684,2.0999999046325684,0,,,,,,,,
2025-06-03,2.0999999046325684,2.0999999046325684,2.0999999046325684,2.0999999046325684,2.0999999046325684,0,,,,,,,,
2025-06-04,2.0999999046325684,2.0999999046325684,2.0999999046325684,2.0999999046325684,2.0999999046325684,0,,,,,,,,
2025-06-05,2.0999999046325684,2.0999999046325684,2.0999999046325684,2.0999999046325684,2.0999999046325684,0,,,,,,,,
2025-06-06,2.0999999046325684,2.0999999046325684,2.0999999046325684,2.0999999046325684,2.0999999046325684,0,,,,,,,,
2025-06-09,2.0999999046325684,2.0999999046325684,2.0999999046325684,2.0999999046325684,2.0999999046325684,0,,,,,,,,
2025-06-10,2.0999999046325684,2.0999999046325684,2.0999999046325684,2.0999999046325684,2.0999999046325684,0,,,,,,,,
2025-06-11,2.0999999046325684,2.0999999046325684,2.0999999046325684,2.0999999046325684,2.0999999046325684,0,,,,,,,,
2025-06-12,2.0999999046325684,2.0999999046325684,2.0999999046325684,2.0999999046325684,2.0999999046325684,0,,,,,,,,
2025-06-13,1.809999942779541,1.809999942779541,1.7899999618530273,1.7899999618530273,1.7899999618530273,300,,,,,,,,
2025-06-16,2.0,2.0,2.0,2.0,2.0,100,,,,,,,,
2025-06-17,2.0,2.0,2.0,2.0,2.0,0,,,,,,,,
2025-06-18,2.0,2.0,2.0,2.0,2.0,0,,,,,,,,
2025-06-20,2.0,2.0,2.0,2.0,2.0,0,,,,,,,,
2025-06-23,2.0,2.0,2.0,2.0,2.0,0,,,,,,,,
2025-06-24,2.0,2.0,2.0,2.0,2.0,0,,,,,,,,
2025-06-25,2.0,2.0,2.0,2.0,2.0,0,,,,,,,,
2025-06-26,2.0,2.0,2.0,2.0,2.0,0,,,,,,,,
2025-06-27,1.7999999523162842,2.0,1.7999999523162842,1.9900000095367432,1.9900000095367432,5900,,,,,,,,
2025-06-30,1.9900000095367432,1.9900000095367432,1.9900000095367432,1.9900000095367432,1.9900000095367432,0,,,,,,,,
2025-07-01,1.7000000476837158,1.7000000476837158,1.7000000476837158,1.7000000476837158,1.7000000476837158,100,,,,,,,,
2025-07-02,1.899999976158142,2.450000047683716,1.899999976158142,2.450000047683716,2.450000047683716,300,,,,,,,,
2025-07-03,2.450000047683716,2.450000047683716,2.450000047683716,2.450000047683716,2.450000047683716,0,,,,,,,,
2025-07-07,2.450000047683716,2.450000047683716,2.450000047683716,2.450000047683716,2.450000047683716,0,,,,,,,,
2025-07-08,2.5999999046325684,2.5999999046325684,2.5999999046325684,2.5999999046325684,2.5999999046325684,100,,,,,,,,
2025-07-09,2.5999999046325684,2.5999999046325684,2.5999999046325684,2.5999999046325684,2.5999999046325684,0,,,,,,,,
2025-07-10,2.5999999046325684,2.5999999046325684,2.5999999046325684,2.5999999046325684,2.5999999046325684,0,,,,,,,,
2025-07-11,1.6399999856948853,1.6399999856948853,1.6399999856948853,1.6399999856948853,1.6399999856948853,100,,,,,,,,
2025-07-14,1.6399999856948853,1.6399999856948853,1.6399999856948853,1.6399999856948853,1.6399999856948853,0,,,,,,,,
2025-07-15,1.659999966621399,1.7000000476837158,1.659999966621399,1.7000000476837158,1.7000000476837158,300,,,,,,,,
2025-07-16,1.7200000286102295,1.7200000286102295,1.7200000286102295,1.7200000286102295,1.7200000286102295,100,,,,,,,,
2025-07-17,1.7200000286102295,1.7200000286102295,1.7200000286102295,1.7200000286102295,1.7200000286102295,0,,,,,,,,
2025-07-18,1.7200000286102295,1.7200000286102295,1.7200000286102295,1.7200000286102295,1.7200000286102295,0,,,,,,,,
2025-07-21,1.7200000286102295,1.7200000286102295,1.7200000286102295,1.7200000286102295,1.7200000286102295,0,,,,,,,,
2025-07-22,1.7200000286102295,1.7200000286102295,1.7200000286102295,1.7200000286102295,1.7200000286102295,0,,,,,,,,
2025-07-23,1.7200000286102295,1.7200000286102295,1.7200000286102295,1.7200000286102295,1.7200000286102295,0,,,,,,,,
2025-07-24,1.7200000286102295,1.7200000286102295,1.7200000286102295,1.7200000286102295,1.7200000286102295,0,,,,,,,,
2025-07-25,1.7200000286102295,1.7200000286102295,1.7200000286102295,1.7200000286102295,1.7200000286102295,0,,,,,,,,
2025-07-28,1.7200000286102295,1.7200000286102295,1.7200000286102295,1.7200000286102295,1.7200000286102295,0,,,,,,,,
2025-07-29,1.7200000286102295,1.7200000286102295,1.7200000286102295,1.7200000286102295,1.7200000286102295,0,,,,,,,,
2025-07-30,1.7200000286102295,1.7200000286102295,1.7200000286102295,1.7200000286102295,1.7200000286102295,0,,,,,,,,
2025-07-31,1.7200000286102295,1.7200000286102295,1.7200000286102295,1.7200000286102295,1.7200000286102295,0,,,,,,,,
2025-08-01,1.7200000286102295,1.7200000286102295,1.7200000286102295,1.7200000286102295,1.7200000286102295,0,,,,,,,,
2025-08-04,1.7200000286102295,1.7200000286102295,1.7200000286102295,1.7200000286102295,1.7200000286102295,0,,,,,,,,
2025-08-05,1.7200000286102295,1.7200000286102295,1.7200000286102295,1.7200000286102295,1.7200000286102295,0,,,,,,,,
2025-08-06,2.059999942779541,2.059999942779541,2.0199999809265137,2.0199999809265137,2.0199999809265137,1100,,,,,,,,
2025-08-07,2.0,2.0,2.0,2.0,2.0,1800,,,,,,,,
2025-08-08,2.0,2.0,2.0,2.0,2.0,0,,,,,,,,
2025-08-11,2.0,2.0,2.0,2.0,2.0,0,,,,,,,,
2025-08-12,2.0,2.0,2.0,2.0,2.0,0,,,,,,,,
2025-08-13,2.0,2.0,2.0,2.0,2.0,0,,,,,,,,
2025-08-14,2.0,2.0,2.0,2.0,2.0,0,,,,,,,,
2025-08-15,2.0,2.0,2.0,2.0,2.0,0,,,,,,,,
2025-08-18,2.0,2.0,2.0,2.0,2.0,0,,,,,,,,
2025-08-19,2.0,2.0,2.0,2.0,2.0,0,,,,,,,,
2025-08-20,2.0,2.0,2.0,2.0,2.0,0,,,,,,,,
2025-08-21,2.0,2.0,2.0,2.0,2.0,0,,,,,,,,
2025-08-22,2.0,2.0,2.0,2.0,2.0,0,,,,,,,,
2025-08-25,2.0,2.0,2.0,2.0,2.0,0,,,,,,,,
2025-08-26,2.0,2.0,2.0,2.0,2.0,0,,,,,,,,
2025-08-27,2.0,2.0,2.0,2.0,2.0,0,,,,,,,,
2025-08-28,2.0,2.0,2.0,2.0,2.0,0,,,,,,,,
2025-08-29,2.0,2.0,2.0,2.0,2.0,0,,,,,,,,
2025-09-02,2.0,2.0,2.0,2.0,2.0,0,,,,,,,,
2025-09-03,2.0,2.0,2.0,2.0,2.0,0,,,,,,,,
2025-09-04,1.8600000143051147,1.8600000143051147,1.6799999475479126,1.6799999475479126,1.6799999475479126,200,,,,,,,,
2025-09-05,1.5700000524520874,1.5700000524520874,1.2699999809265137,1.2699999809265137,1.2699999809265137,600,,,,,,,,
2025-09-08,1.2699999809265137,1.2699999809265137,1.2699999809265137,1.2699999809265137,1.2699999809265137,0,,,,,,,,
2025-09-09,1.2699999809265137,1.2699999809265137,1.2699999809265137,1.2699999809265137,1.2699999809265137,0,,,,,,,,
2025-09-10,1.2799999713897705,1.309999942779541,1.2799999713897705,1.309999942779541,1.309999942779541,15000,,,,,,,,
2025-09-11,1.2699999809265137,1.3300000429153442,1.2699999809265137,1.3300000429153442,1.3300000429153442,26700,,,,,,,,
2025-09-12,1.5,2.0999999046325684,1.5,2.0999999046325684,2.0999999046325684,10500,,,,,,,,
2025-09-15,1.899999976158142,2.0999999046325684,1.899999976158142,2.0999999046325684,2.0999999046325684,10000,,,,,,,,
2025-09-16,2.049999952316284,2.200000047683716,2.049999952316284,2.200000047683716,2.200000047683716,10000,,,,,,,,
2025-09-17,2.180000066757202,2.25,2.180000066757202,2.25,2.25,14000,,,,,,,,
2025-09-18,2.0999999046325684,2.0999999046325684,1.2999999523162842,1.6699999570846558,1.6699999570846558,42500,,,,,,,,
2025-09-19,1.350000023841858,1.7000000476837158,1.350000023841858,1.6699999570846558,1.6699999570846558,12200,,,,,,,,
2025-09-22,1.6799999475479126,1.6799999475479126,1.350000023841858,1.350000023841858,1.350000023841858,12800,,,,,,,,
2025-09-23,1.350000023841858,1.3700000047683716,1.350000023841858,1.3700000047683716,1.3700000047683716,44100,,,,,,,,
2025-09-24,1.5499999523162842,1.7000000476837158,1.3700000047683716,1.6339999437332153,1.6339999437332153,2200,,,,,,,,
2025-09-25,1.600000023841858,1.600000023841858,1.2000000476837158,1.2599999904632568,1.2599999904632568,1300,,,,,,,,
2025-09-26,1.2599999904632568,1.2599999904632568,1.2599999904632568,1.2599999904632568,1.2599999904632568,0,,,,,,,,
2025-09-29,1.1100000143051147,1.1349999904632568,1.1100000143051147,1.1100000143051147,1.1100000143051147,2000,,,,,,,,
2025-09-30,1.1100000143051147,1.1100000143051147,1.1100000143051147,1.1100000143051147,1.1100000143051147,0,,,,,,,,
2025-10-01,1.1100000143051147,1.1100000143051147,1.1100000143051147,1.1100000143051147,1.1100000143051147,0,,,,,,,,
2025-10-02,1.1100000143051147,1.1100000143051147,1.1100000143051147,1.1100000143051147,1.1100000143051147,0,,,,,,,,
2025-10-03,1.1100000143051147,1.1100000143051147,1.1100000143051147,1.1100000143051147,1.1100000143051147,0,,,,,,,,
2025-10-06,1.2999999523162842,1.600000023841858,1.2000000476837158,1.4299999475479126,1.4299999475479126,13300,,,,,,,,
2025-10-07,1.4299999475479126,1.4299999475479126,1.4299999475479126,1.4299999475479126,1.4299999475479126,0,,,,,,,,
2025-10-08,1.4299999475479126,1.4299999475479126,1.4299999475479126,1.4299999475479126,1.4299999475479126,0,,,,,,,,
2025-10-09,1.5499999523162842,2.0,1.5499999523162842,2.0,2.0,600,,,,,,,,
2025-10-10,2.0,2.0,2.0,2.0,2.0,100,,,,,,,,
2025-10-13,2.0,2.0,2.0,2.0,2.0,0,,,,,,,,
2025-10-14,1.100000023841858,1.100000023841858,1.100000023841858,1.100000023841858,1.100000023841858,200,,,,,,,,
2025-10-15,1.100000023841858,1.100000023841858,1.100000023841858,1.100000023841858,1.100000023841858,0,,,,,,,,
2025-10-16,1.7999999523162842,1.7999999523162842,1.7999999523162842,1.7999999523162842,1.7999999523162842,1000,,,,,,,,
2025-10-17,1.7999999523162842,1.7999999523162842,1.7999999523162842,1.7999999523162842,1.7999999523162842,0,,,,,,,,
2025-10-20,1.7000000476837158,1.7000000476837158,1.5499999523162842,1.5499999523162842,1.5499999523162842,400,,,,,,,,
2025-10-21,1.5499999523162842,1.5499999523162842,1.5499999523162842,1.5499999523162842,1.5499999523162842,0,,,,,,,,
2025-10-22,1.350000023841858,1.350000023841858,1.2699999809265137,1.2699999809265137,1.2699999809265137,200,,,,,,,,
2025-10-23,1.2599999904632568,1.2599999904632568,1.2599999904632568,1.2599999904632568,1.2599999904632568,200,,,,,,,,
2025-10-24,1.2599999904632568,1.2599999904632568,1.2599999904632568,1.2599999904632568,1.2599999904632568,0,,,,,,,,
2025-10-27,1.350000023841858,1.350000023841858,1.2999999523162842,1.2999999523162842,1.2999999523162842,20000,,,,,,,,
2025-10-28,1.2999999523162842,1.3600000143051147,1.0499999523162842,1.0499999523162842,1.0499999523162842,9000,,,,,,,,
2025-10-29,1.0099999904632568,1.0199999809265137,1.0099999904632568,1.0199999809265137,1.0199999809265137,800,,,,,,,,
2025-10-30,1.0199999809265137,1.0199999809265137,1.0199999809265137,1.0199999809265137,1.0199999809265137,0,,,,,,,,
2025-10-31,1.0,1.0,1.0,1.0,1.0,200,,,,,,,,
2025-11-03,1.0,1.0,1.0,1.0,1.0,0,,,,,,,,
2025-11-04,1.0,1.0,1.0,1.0,1.0,0,,,,,,,,
2025-11-05,1.0,1.0,1.0,1.0,1.0,0,,,,,,,,
2025-11-06,1.0,1.0,1.0,1.0,1.0,0,,,,,,,,
2025-11-07,1.5,1.5,1.5,1.5,1.5,600,,,,,,,,
2025-11-10,1.5,1.5,1.5,1.5,1.5,0,,,,,,,,
2025-11-11,1.5,1.5,1.5,1.5,1.5,400,,,,,,,,
2025-11-12,1.5,1.5,1.5,1.5,1.5,0,,,,,,,,
2025-11-13,1.5,1.5,1.5,1.5,1.5,0,,,,,,,,
2025-11-14,1.2300000190734863,1.5,1.2300000190734863,1.5,1.5,25400,,,,,,,,
2025-11-17,1.5,1.5,1.5,1.5,1.5,0,,,,,,,,
2025-11-18,1.2999999523162842,55.0,1.2000000476837158,8.0,8.0,90800,,,,,,,,
2025-11-19,8.0,8.0,8.0,8.0,8.0,300,,,,,,,,
2025-11-20,8.0,10.0,8.0,10.0,10.0,5400,,,,,,,,
2025-11-21,12.0,26.09000015258789,11.0,25.68000030517578,25.68000030517578,4300,,,,,,,,
2025-11-24,25.68000030517578,25.68000030517578,25.68000030517578,25.68000030517578,25.68000030517578,0,,,,,,,,
2025-11-25,20.0,20.0,20.0,20.0,20.0,500,,,,,,,,
2025-11-26,8.0,40.0,8.0,8.0,8.0,800,,,,,,,,
2025-11-28,4.0,4.0,4.0,4.0,4.0,600,,,,,,,,
2025-12-01,4.099999904632568,4.099999904632568,4.099999904632568,4.099999904632568,4.099999904632568,27600,,,,,,,,
2025-12-02,4.099999904632568,4.099999904632568,4.099999904632568,4.099999904632568,4.099999904632568,0,,,,,,,,
2025-12-03,4.099999904632568,4.099999904632568,4.099999904632568,4.099999904632568,4.099999904632568,0,,,,,,,,
2025-12-04,4.099999904632568,4.099999904632568,4.099999904632568,4.099999904632568,4.099999904632568,0,,,,,,,,
2025-12-05,4.099999904632568,4.099999904632568,4.099999904632568,4.099999904632568,4.099999904632568,0,,,,,,,,
2025-12-08,4.099999904632568,4.099999904632568,4.099999904632568,4.099999904632568,4.099999904632568,0,,,,,,,,
2025-12-09,4.099999904632568,4.099999904632568,4.099999904632568,4.099999904632568,4.099999904632568,0,,,,,,,,
2025-12-10,4.099999904632568,4.099999904632568,4.099999904632568,4.099999904632568,4.099999904632568,0,,,,,,,,
2025-12-11,4.099999904632568,4.099999904632568,4.099999904632568,4.099999904632568,4.099999904632568,0,,,,,,,,
2025-12-12,4.099999904632568,4.099999904632568,4.099999904632568,4.099999904632568,4.099999904632568,0,,,,,,,,
2025-12-15,4.099999904632568,4.099999904632568,4.099999904632568,4.099999904632568,4.099999904632568,0,,,,,,,,
2025-12-16,4.099999904632568,4.099999904632568,4.099999904632568,4.099999904632568,4.099999904632568,0,,,,,,,,
2025-12-17,4.099999904632568,4.099999904632568,4.099999904632568,4.099999904632568,4.099999904632568,0,,,,,,,,
2025-12-18,12.0,12.220000267028809,12.0,12.220000267028809,12.220000267028809,600,,,,,,,,
2025-12-19,12.220000267028809,12.220000267028809,12.220000267028809,12.220000267028809,12.220000267028809,0,,,,,,,,
2025-12-22,12.220000267028809,12.220000267028809,12.220000267028809,12.220000267028809,12.220000267028809,0,,,,,,,,
2025-12-23,12.220000267028809,12.220000267028809,12.220000267028809,12.220000267028809,12.220000267028809,0,,,,,,,,
2025-12-24,12.220000267028809,12.220000267028809,12.220000267028809,12.220000267028809,12.220000267028809,0,,,,,,,,
2025-12-26,12.220000267028809,12.220000267028809,12.220000267028809,12.220000267028809,12.220000267028809,0,,,,,,,,
2025-12-29,12.220000267028809,12.220000267028809,12.220000267028809,12.220000267028809,12.220000267028809,0,,,,,,,,
2025-12-30,12.220000267028809,12.220000267028809,12.220000267028809,12.220000267028809,12.220000267028809,0,,,,,,,,
,RBTK,RBTK,RBTK,RBTK,RBTK,RBTK,,,,,,,,
